,user_id,experiment_id,scenario_type,move_type,start_datetime,end_datetime,start_position,end_position,distance
0,AB,1,T1,real_life,2024-10-25 13:43:19.245,2024-10-25 13:43:21.250,(-2089.416748;169.559616),(-2084.221191;178.624268),0.10448
1,AB,1,T1,real_life,2024-10-25 13:43:21.259,2024-10-25 13:43:27.311,(-2084.221191;178.624268),(-2073.082031;175.849442),0.114796
2,AB,1,T1,virtual_reality,2024-10-25 13:43:32.314,2024-10-25 13:43:32.440,(2103.161133;-333.686188),(2154.511719;-254.584427),0.943078
3,AB,1,T1,virtual_reality,2024-10-25 13:43:33.344,2024-10-25 13:43:33.454,(2148.144043;-250.381165),(2111.757812;-277.12674),0.451584
4,AB,1,T1,virtual_reality,2024-10-25 13:43:34.328,2024-10-25 13:43:34.937,(2113.91333;-278.063538),(2067.601807;-167.335297),1.200229
5,AB,1,T1,real_life,2024-10-25 13:43:27.321,2024-10-25 13:43:40.530,(0.0;0.0),(16.26828;-7.644338),0.179748
6,AB,1,T1,virtual_reality,2024-10-25 13:43:39.402,2024-10-25 13:43:40.593,(2061.428467;-165.464508),(2028.723877;-192.104172),0.421813
7,AB,1,T1,real_life,2024-10-25 13:43:40.540,2024-10-25 13:43:42.044,(0.0;0.0),(-12.503347;4.295544),0.132206
8,AB,1,T1,real_life,2024-10-25 13:43:42.053,2024-10-25 13:43:43.067,(-12.503347;4.295544),(-24.965126;-5.748436),0.160055
9,AB,1,T1,real_life,2024-10-25 13:43:43.077,2024-10-25 13:43:44.094,(-24.965126;-5.748436),(-21.260229;4.483313),0.108819
10,AB,1,T1,real_life,2024-10-25 13:43:44.104,2024-10-25 13:43:47.661,(-21.260229;4.483313),(-22.398808;20.156694),0.157147
11,AB,1,T1,virtual_reality,2024-10-25 13:43:48.114,2024-10-25 13:43:48.323,(2050.649414;-213.595581),(2215.797852;-413.108307),2.589968
12,AB,1,T1,virtual_reality,2024-10-25 13:43:48.809,2024-10-25 13:43:48.958,(2221.231445;-402.417633),(2200.623291;-311.678162),0.930502
13,AB,1,T1,virtual_reality,2024-10-25 13:43:49.321,2024-10-25 13:43:49.474,(2201.703857;-313.857635),(2193.336182;-357.36969),0.443093
14,AB,1,T1,virtual_reality,2024-10-25 13:43:49.836,2024-10-25 13:43:49.973,(2192.095947;-356.452484),(2082.134521;-247.41481),1.54857
15,AB,1,T1,virtual_reality,2024-10-25 13:43:50.349,2024-10-25 13:43:50.460,(2080.494629;-247.536652),(2111.122314;-308.986847),0.686599
16,AB,1,T1,virtual_reality,2024-10-25 13:43:50.765,2024-10-25 13:43:50.917,(2110.108887;-309.876984),(2078.101074;-218.391769),0.969229
17,AB,1,T1,virtual_reality,2024-10-25 13:43:51.891,2024-10-25 13:43:51.960,(2076.112549;-220.479462),(2144.420898;-233.875305),0.696094
18,AB,1,T1,virtual_reality,2024-10-25 13:43:53.073,2024-10-25 13:43:53.154,(2144.250488;-224.866745),(2408.480225;3.085599),3.489693
19,AB,1,T1,virtual_reality,2024-10-25 13:43:54.225,2024-10-25 13:43:56.211,(2410.486084;-3.49977),(3033.916504;-40.468433),6.245257
20,AB,1,T1,virtual_reality,2024-10-25 13:43:57.100,2024-10-25 13:43:57.198,(3036.809082;-34.668324),(3068.497803;4.514849),0.503934
21,AB,1,T1,real_life,2024-10-25 13:43:47.671,2024-10-25 13:43:57.811,(0.0;0.0),(4.96146;15.826097),0.165856
22,AB,1,T1,real_life,2024-10-25 13:43:57.823,2024-10-25 13:43:58.825,(4.96146;15.826097),(13.809115;22.759769),0.112409
23,AB,1,T1,virtual_reality,2024-10-25 13:43:59.015,2024-10-25 13:43:59.221,(3054.381592;-18.318539),(3077.591064;-122.55542),1.067896
24,AB,1,T1,real_life,2024-10-25 13:43:58.835,2024-10-25 13:44:01.356,(0.0;0.0),(10.007605;9.530647),0.138197
25,AB,1,T1,virtual_reality,2024-10-25 13:44:08.493,2024-10-25 13:44:08.951,(3071.143311;-128.659683),(3049.588135;-239.588226),1.130034
26,AB,1,T1,virtual_reality,2024-10-25 13:44:12.389,2024-10-25 13:44:12.474,(3057.545898;-239.785461),(3117.159668;-248.075043),0.601873
27,AB,1,T1,real_life,2024-10-25 13:44:01.365,2024-10-25 13:44:13.979,(0.0;0.0),(-8.09827;7.049976),0.10737
28,AB,1,T1,real_life,2024-10-25 13:44:13.990,2024-10-25 13:44:14.492,(-8.09827;7.049976),(-21.032589;11.394587),0.136445
29,AB,1,T1,real_life,2024-10-25 13:44:14.502,2024-10-25 13:44:15.516,(-21.032589;11.394587),(-10.3866;9.209074),0.10868
30,AB,1,T1,real_life,2024-10-25 13:44:15.526,2024-10-25 13:44:17.547,(-10.3866;9.209074),(-2.080869;-6.622496),0.17878
31,AB,1,T1,real_life,2024-10-25 13:44:17.558,2024-10-25 13:44:19.574,(-2.080869;-6.622496),(-6.50408;5.977072),0.133534
32,AB,1,T1,real_life,2024-10-25 13:44:19.585,2024-10-25 13:44:20.602,(-6.50408;5.977072),(-18.636435;12.991705),0.140142
33,AB,1,T1,real_life,2024-10-25 13:44:20.612,2024-10-25 13:44:22.128,(-18.636435;12.991705),(-7.547228;12.837172),0.110903
34,AB,1,T1,real_life,2024-10-25 13:44:22.137,2024-10-25 13:44:23.129,(-7.547228;12.837172),(-33.786755;21.482786),0.276272
35,AB,1,T1,real_life,2024-10-25 13:44:23.140,2024-10-25 13:44:23.643,(-33.786755;21.482786),(-45.11927;34.138893),0.169883
36,AB,1,T1,real_life,2024-10-25 13:44:23.653,2024-10-25 13:44:25.183,(-45.11927;34.138893),(-14.352346;19.139418),0.342285
37,AB,1,T1,real_life,2024-10-25 13:44:25.194,2024-10-25 13:44:25.686,(-14.352346;19.139418),(9.944552;14.769762),0.246867
38,AB,1,T1,real_life,2024-10-25 13:44:25.697,2024-10-25 13:44:26.209,(9.944552;14.769762),(25.800068;11.405977),0.162084
39,AB,1,T1,real_life,2024-10-25 13:44:26.219,2024-10-25 13:44:27.199,(25.800068;11.405977),(12.333493;4.473478),0.151462
40,AB,1,T1,real_life,2024-10-25 13:44:27.210,2024-10-25 13:44:28.214,(12.333493;4.473478),(-1.12833;-2.723516),0.152649
41,AB,1,T1,real_life,2024-10-25 13:44:28.225,2024-10-25 13:44:29.229,(-1.12833;-2.723516),(-3.271413;-19.235676),0.166507
42,AB,1,T1,virtual_reality,2024-10-25 13:44:29.429,2024-10-25 13:44:29.900,(3118.924316;-226.235519),(3497.026367;-97.7686),3.993306
43,AB,1,T1,virtual_reality,2024-10-25 13:44:30.301,2024-10-25 13:44:30.522,(3499.074707;-104.367523),(4000.477783;26.577269),5.182198
44,AB,1,T1,virtual_reality,2024-10-25 13:44:31.220,2024-10-25 13:44:31.344,(3999.057373;18.448004),(4028.677979;-117.771614),1.394029
45,AB,1,T1,real_life,2024-10-25 13:44:29.240,2024-10-25 13:44:32.783,(0.0;0.0),(9.767284;2.160769),0.100034
46,AB,1,T1,real_life,2024-10-25 13:44:32.793,2024-10-25 13:44:41.936,(9.767284;2.160769),(1.017767;-2.781595),0.100489
47,AB,1,T1,virtual_reality,2024-10-25 13:44:43.026,2024-10-25 13:44:43.290,(4023.243652;-119.449608),(4054.538086;-209.807755),0.956239
48,AB,1,T1,real_life,2024-10-25 13:44:41.946,2024-10-25 13:44:43.962,(0.0;0.0),(4.331711;11.75053),0.125235
49,AB,1,T1,virtual_reality,2024-10-25 13:44:45.085,2024-10-25 13:44:45.385,(4060.146484;-216.576477),(4152.682617;-227.31723),0.931575
50,AB,1,T1,real_life,2024-10-25 13:44:43.972,2024-10-25 13:44:46.512,(0.0;0.0),(-6.73335;9.623165),0.117449
51,AB,1,T1,virtual_reality,2024-10-25 13:44:46.913,2024-10-25 13:44:47.191,(4160.480957;-233.560532),(4240.0;-379.550568),1.662418
52,AB,1,T1,real_life,2024-10-25 13:44:46.524,2024-10-25 13:44:48.030,(0.0;0.0),(24.120888;-10.429071),0.262789
53,AB,1,T1,real_life,2024-10-25 13:44:48.041,2024-10-25 13:44:48.559,(24.120888;-10.429071),(36.524513;-22.2384),0.171263
54,AB,1,T1,virtual_reality,2024-10-25 13:44:50.360,2024-10-25 13:44:50.541,(4209.242676;-352.90387),(4222.70166;-229.526169),1.241096
55,AB,1,T1,real_life,2024-10-25 13:44:48.570,2024-10-25 13:44:51.102,(0.0;0.0),(-0.423021;16.086416),0.16092
56,AB,1,T1,real_life,2024-10-25 13:44:51.112,2024-10-25 13:44:52.655,(-0.423021;16.086416),(9.779823;17.048529),0.102481
57,AB,1,T1,real_life,2024-10-25 13:44:52.665,2024-10-25 13:44:53.680,(9.779823;17.048529),(-22.509966;6.76307),0.338884
58,AB,1,T1,real_life,2024-10-25 13:44:53.690,2024-10-25 13:44:54.184,(-22.509966;6.76307),(-20.48562;-7.235225),0.141439
59,AB,1,T1,virtual_reality,2024-10-25 13:44:54.276,2024-10-25 13:44:54.568,(4241.414551;-222.737396),(4457.176758;37.490723),3.380416
60,AB,1,T1,real_life,2024-10-25 13:44:54.193,2024-10-25 13:44:55.209,(0.0;0.0),(-4.307956;13.434673),0.141085
61,AB,1,T1,virtual_reality,2024-10-25 13:44:55.092,2024-10-25 13:44:55.438,(4461.637207;24.198139),(4950.353027;-10.239165),4.899277
62,AB,1,T1,virtual_reality,2024-10-25 13:44:56.216,2024-10-25 13:44:56.383,(4949.121582;-17.944328),(5031.583496;-173.27269),1.758602
63,AB,1,T1,real_life,2024-10-25 13:44:55.219,2024-10-25 13:45:02.793,(0.0;0.0),(9.818306;-2.147298),0.100504
64,AB,1,T1,real_life,2024-10-25 13:45:02.803,2024-10-25 13:45:14.948,(9.818306;-2.147298),(0.818917;2.747599),0.102445
65,AB,1,T1,real_life,2024-10-25 13:45:14.958,2024-10-25 13:45:17.997,(0.818917;2.747599),(-1.572056;-7.317265),0.10345
66,AB,1,T1,real_life,2024-10-25 13:45:18.007,2024-10-25 13:45:19.000,(-1.572056;-7.317265),(17.313271;0.46726),0.204268
67,AB,1,T1,virtual_reality,2024-10-25 13:45:19.107,2024-10-25 13:45:19.246,(5014.135742;-173.918228),(4981.711426;-204.041168),0.442578
68,AB,1,T1,real_life,2024-10-25 13:45:19.010,2024-10-25 13:45:20.515,(0.0;0.0),(17.876987;-1.357683),0.179285
69,AB,1,T1,real_life,2024-10-25 13:45:20.525,2024-10-25 13:45:21.016,(17.876987;-1.357683),(22.690678;9.992552),0.123288
70,AB,1,T1,real_life,2024-10-25 13:45:21.027,2024-10-25 13:45:21.527,(22.690678;9.992552),(23.684143;24.348299),0.143901
71,AB,1,T1,real_life,2024-10-25 13:45:21.537,2024-10-25 13:45:22.027,(23.684143;24.348299),(8.462378;18.424536),0.163338
72,AB,1,T1,real_life,2024-10-25 13:45:22.037,2024-10-25 13:45:22.540,(8.462378;18.424536),(-2.244677;-0.613779),0.218426
73,AB,1,T1,virtual_reality,2024-10-25 13:45:22.731,2024-10-25 13:45:23.453,(4986.085449;-201.811737),(5154.328125;-339.337677),2.17299
74,AB,1,T1,real_life,2024-10-25 13:45:22.549,2024-10-25 13:45:24.556,(0.0;0.0),(-21.19981;19.233524),0.286245
75,AB,1,T1,real_life,2024-10-25 13:45:24.566,2024-10-25 13:45:25.055,(-21.19981;19.233524),(-30.789091;31.211636),0.153437
76,AB,1,T1,real_life,2024-10-25 13:45:25.065,2024-10-25 13:45:26.083,(-30.789091;31.211636),(13.126844;2.581234),0.524243
77,AB,1,T1,real_life,2024-10-25 13:45:26.094,2024-10-25 13:45:26.584,(13.126844;2.581234),(18.015043;-7.869036),0.11537
78,AB,1,T1,virtual_reality,2024-10-25 13:45:26.399,2024-10-25 13:45:26.855,(5137.443848;-332.311096),(4964.106934;-199.726929),2.182296
79,AB,1,T1,real_life,2024-10-25 13:45:26.593,2024-10-25 13:45:27.597,(0.0;0.0),(11.538584;-2.537093),0.118142
80,AB,1,T1,real_life,2024-10-25 13:45:27.606,2024-10-25 13:45:28.097,(11.538584;-2.537093),(26.064249;-20.675592),0.232379
81,AB,1,T1,real_life,2024-10-25 13:45:28.108,2024-10-25 13:45:29.121,(26.064249;-20.675592),(17.385038;2.730022),0.24963
82,AB,1,T1,real_life,2024-10-25 13:45:29.130,2024-10-25 13:45:29.623,(17.385038;2.730022),(0.90609;16.200438),0.21284
83,AB,1,T1,real_life,2024-10-25 13:45:29.634,2024-10-25 13:45:30.649,(0.90609;16.200438),(-15.496147;2.512188),0.213636
84,AB,1,T1,real_life,2024-10-25 13:45:30.659,2024-10-25 13:45:31.663,(-15.496147;2.512188),(-16.780781;13.974066),0.115336
85,AB,1,T1,virtual_reality,2024-10-25 13:45:31.271,2024-10-25 13:45:31.812,(4978.324219;-211.65657),(5223.121582;-296.592865),2.591137
86,AB,1,T1,real_life,2024-10-25 13:45:31.674,2024-10-25 13:45:32.677,(0.0;0.0),(2.270506;12.21151),0.124208
87,AB,1,T1,real_life,2024-10-25 13:45:32.687,2024-10-25 13:45:33.693,(2.270506;12.21151),(-4.79032;-11.401731),0.246463
88,AB,1,T1,virtual_reality,2024-10-25 13:45:34.175,2024-10-25 13:45:34.452,(5224.655762;-284.135925),(5512.052734;-39.935516),3.771352
89,AB,1,T1,virtual_reality,2024-10-25 13:45:35.963,2024-10-25 13:45:36.380,(5510.739258;-45.675945),(5944.26709;10.633657),4.371694
90,AB,1,T1,virtual_reality,2024-10-25 13:45:37.183,2024-10-25 13:45:37.420,(5943.438477;6.871231),(6004.993652;-141.010529),1.601812
91,AB,1,T1,real_life,2024-10-25 13:45:33.703,2024-10-25 13:45:38.776,(0.0;0.0),(13.228045;7.673786),0.152927
92,AB,1,T1,real_life,2024-10-25 13:45:38.787,2024-10-25 13:45:39.290,(13.228045;7.673786),(24.358175;13.722294),0.126674
93,AB,1,T1,real_life,2024-10-25 13:45:39.300,2024-10-25 13:45:41.818,(24.358175;13.722294),(38.637619;26.674755),0.192787
94,AB,1,T1,real_life,2024-10-25 13:45:41.829,2024-10-25 13:45:42.833,(38.637619;26.674755),(23.295958;12.735672),0.207284
95,AB,1,T1,virtual_reality,2024-10-25 13:45:43.914,2024-10-25 13:45:44.036,(5989.263184;-153.265106),(5946.908691;-276.677856),1.304784
96,AB,1,T1,real_life,2024-10-25 13:45:42.843,2024-10-25 13:45:46.402,(0.0;0.0),(-10.208279;-9.116627),0.136866
97,AB,1,T1,virtual_reality,2024-10-25 13:45:46.647,2024-10-25 13:45:46.785,(5956.952637;-265.975372),(6014.339355;-192.096573),0.935485
98,AB,1,T1,real_life,2024-10-25 13:45:46.412,2024-10-25 13:45:56.527,(0.0;0.0),(-12.744731;-0.68741),0.127633
99,AB,1,T1,real_life,2024-10-25 13:45:56.537,2024-10-25 13:45:57.554,(-12.744731;-0.68741),(-0.888029;5.668833),0.13453
100,AB,1,T1,real_life,2024-10-25 13:45:57.565,2024-10-25 13:45:58.054,(-0.888029;5.668833),(7.751295;11.135931),0.102238
101,AB,1,T1,real_life,2024-10-25 13:45:58.064,2024-10-25 13:45:59.081,(7.751295;11.135931),(-3.282297;4.293867),0.129828
102,AB,1,T1,virtual_reality,2024-10-25 13:46:14.020,2024-10-25 13:46:14.239,(6017.000488;-185.625504),(6112.486816;2.745574),2.111903
103,AB,1,T1,virtual_reality,2024-10-25 13:46:15.208,2024-10-25 13:46:15.515,(6110.135742;-4.274465),(6719.504883;-23.889418),6.096844
104,AB,1,T1,virtual_reality,2024-10-25 13:46:15.976,2024-10-25 13:46:16.100,(6719.359863;-23.06846),(6977.862793;1.641504),2.596815
105,AB,1,T1,real_life,2024-10-25 13:45:59.091,2024-10-25 13:46:18.343,(0.0;0.0),(-12.899095;-10.054337),0.163547
106,AB,1,T1,real_life,2024-10-25 13:46:18.353,2024-10-25 13:46:19.346,(-12.899095;-10.054337),(-5.541325;1.430632),0.136397
107,AB,1,S1,real_life,2024-10-25 13:46:34.846,2024-10-25 13:46:36.210,(13.133881;26.858484),(19.039129;37.61998),0.122752
108,AB,1,S1,real_life,2024-10-25 13:46:36.219,2024-10-25 13:46:37.227,(19.039129;37.61998),(14.600727;23.009577),0.152697
109,AB,1,S1,real_life,2024-10-25 13:46:37.235,2024-10-25 13:46:51.097,(14.600727;23.009577),(24.323067;15.928287),0.120278
110,AB,1,S1,real_life,2024-10-25 13:46:51.107,2024-10-25 13:46:52.149,(24.323067;15.928287),(14.453588;25.17893),0.13527
111,AB,1,S1,real_life,2024-10-25 13:46:52.157,2024-10-25 13:46:54.174,(14.453588;25.17893),(11.539676;14.6577),0.109173
112,AB,1,S1,real_life,2024-10-25 13:46:54.184,2024-10-25 13:46:55.703,(11.539676;14.6577),(13.976674;27.478165),0.1305
113,AB,1,S1,real_life,2024-10-25 13:46:55.712,2024-10-25 13:46:59.319,(13.976674;27.478165),(25.008137;20.585201),0.130079
114,AB,1,S1,real_life,2024-10-25 13:46:59.327,2024-10-25 13:47:05.983,(25.008137;20.585201),(13.582286;27.979883),0.1361
115,AB,1,S1,virtual_reality,2024-10-25 13:47:06.100,2024-10-25 13:47:06.482,(12384.360352;-3066.734863),(12766.982422;-3371.147461),4.889445
116,AB,1,S1,real_life,2024-10-25 13:47:05.992,2024-10-25 13:47:07.542,(0.0;0.0),(9.102377;4.849373),0.103136
117,AB,1,S1,virtual_reality,2024-10-25 13:47:08.230,2024-10-25 13:47:08.362,(12756.704102;-3373.830566),(12695.392578;-3724.96582),3.56448
118,AB,1,S1,virtual_reality,2024-10-25 13:47:08.691,2024-10-25 13:47:08.824,(12695.81543;-3724.266113),(12648.954102;-3971.229004),2.513694
119,AB,1,S1,real_life,2024-10-25 13:47:07.553,2024-10-25 13:47:10.139,(0.0;0.0),(14.70104;2.307501),0.14881
120,AB,1,S1,real_life,2024-10-25 13:47:10.150,2024-10-25 13:47:11.162,(14.70104;2.307501),(2.690643;3.111124),0.120373
121,AB,1,S1,virtual_reality,2024-10-25 13:47:11.247,2024-10-25 13:47:11.495,(12646.373047;-3974.378906),(12528.712891;-3565.879395),4.251068
122,AB,1,S1,virtual_reality,2024-10-25 13:47:12.574,2024-10-25 13:47:12.673,(12530.762695;-3588.938965),(12570.657227;-3636.633789),0.6218
123,AB,1,S1,real_life,2024-10-25 13:47:11.173,2024-10-25 13:47:13.224,(0.0;0.0),(-0.257669;-16.582279),0.165843
124,AB,1,S1,virtual_reality,2024-10-25 13:47:41.770,2024-10-25 13:47:42.468,(12568.169922;-3622.001465),(12400.0;-3515.784668),1.989046
125,AB,1,S1,real_life,2024-10-25 13:47:13.234,2024-10-25 13:47:43.248,(0.0;0.0),(4.324959;10.054604),0.109453
126,AB,1,S1,real_life,2024-10-25 13:47:43.257,2024-10-25 13:47:43.784,(4.324959;10.054604),(-9.450183;21.392834),0.178412
127,AB,1,S1,virtual_reality,2024-10-25 13:47:43.952,2024-10-25 13:47:44.073,(12412.333984;-3535.845947),(12523.040039;-3604.791504),1.304196
128,AB,1,S1,real_life,2024-10-25 13:47:43.794,2024-10-25 13:47:44.817,(0.0;0.0),(10.089195;1.98288),0.102822
129,AB,1,S1,real_life,2024-10-25 13:47:44.828,2024-10-25 13:47:45.865,(10.089195;1.98288),(18.644941;-10.110191),0.148136
130,AB,1,S1,virtual_reality,2024-10-25 13:47:45.901,2024-10-25 13:47:46.283,(12504.394531;-3594.681396),(12477.896484;-3973.804688),3.800483
131,AB,1,S1,virtual_reality,2024-10-25 13:47:46.574,2024-10-25 13:47:46.712,(12478.541992;-3975.412598),(12502.794922;-4199.505371),2.254013
132,AB,1,S1,real_life,2024-10-25 13:47:45.875,2024-10-25 13:47:48.391,(0.0;0.0),(-3.90159;22.245758),0.225853
133,AB,1,S1,virtual_reality,2024-10-25 13:47:48.637,2024-10-25 13:47:48.749,(12508.053711;-4230.621582),(12525.393555;-4249.685547),0.257701
134,AB,1,S1,real_life,2024-10-25 13:47:48.401,2024-10-25 13:47:49.419,(0.0;0.0),(2.425055;9.963867),0.102547
135,AB,1,S1,real_life,2024-10-25 13:47:49.427,2024-10-25 13:47:50.970,(2.425055;9.963867),(9.950157;-1.765892),0.139361
136,AB,1,S1,real_life,2024-10-25 13:47:50.980,2024-10-25 13:47:51.490,(9.950157;-1.765892),(1.591152;-38.002369),0.371881
137,AB,1,S1,real_life,2024-10-25 13:47:51.500,2024-10-25 13:47:51.996,(1.591152;-38.002369),(1.035398;-49.977989),0.119885
138,AB,1,S1,real_life,2024-10-25 13:47:52.006,2024-10-25 13:47:52.550,(1.035398;-49.977989),(-11.258337;-48.330265),0.124037
139,AB,1,S1,virtual_reality,2024-10-25 13:47:53.521,2024-10-25 13:47:53.904,(12537.563477;-4206.614746),(12702.859375;-4276.203125),1.793467
140,AB,1,S1,real_life,2024-10-25 13:47:52.559,2024-10-25 13:47:55.631,(0.0;0.0),(29.023918;-24.5488),0.380136
141,AB,1,S1,real_life,2024-10-25 13:47:55.641,2024-10-25 13:47:56.150,(29.023918;-24.5488),(39.299694;-11.296465),0.167695
142,AB,1,S1,real_life,2024-10-25 13:47:56.160,2024-10-25 13:47:56.668,(39.299694;-11.296465),(18.69828;-0.377247),0.233163
143,AB,1,S1,real_life,2024-10-25 13:47:56.678,2024-10-25 13:47:57.172,(18.69828;-0.377247),(15.611752;-12.473951),0.124843
144,AB,1,S1,real_life,2024-10-25 13:47:57.183,2024-10-25 13:47:57.692,(15.611752;-12.473951),(12.593052;-30.607519),0.183831
145,AB,1,S1,virtual_reality,2024-10-25 13:47:58.164,2024-10-25 13:47:58.721,(12686.695312;-4244.499512),(13029.804688;-3858.695312),5.163031
146,AB,1,S1,virtual_reality,2024-10-25 13:47:59.092,2024-10-25 13:47:59.275,(13030.598633;-3857.712891),(13095.464844;-3732.085205),1.413859
147,AB,1,S1,virtual_reality,2024-10-25 13:47:59.646,2024-10-25 13:47:59.721,(13097.214844;-3730.029785),(13100.0;-3660.0),0.70085
148,AB,1,S1,virtual_reality,2024-10-25 13:48:00.174,2024-10-25 13:48:00.202,(13100.438477;-3658.142822),(13040.0;-3580.0),0.987881
149,AB,1,S1,real_life,2024-10-25 13:47:57.702,2024-10-25 13:48:01.270,(0.0;0.0),(-6.481812;19.095972),0.201661
150,AB,1,S1,real_life,2024-10-25 13:48:01.281,2024-10-25 13:48:01.797,(-6.481812;19.095972),(12.062702;27.21262),0.20243
151,AB,1,S1,virtual_reality,2024-10-25 13:48:01.795,2024-10-25 13:48:02.051,(13028.257812;-3607.604248),(12890.341797;-4088.459961),5.002431
152,AB,1,S1,virtual_reality,2024-10-25 13:48:02.309,2024-10-25 13:48:02.352,(12890.797852;-4086.401367),(12805.942383;-4420.0),3.442216
153,AB,1,S1,real_life,2024-10-25 13:48:01.807,2024-10-25 13:48:03.315,(0.0;0.0),(15.858997;-8.348879),0.179224
154,AB,1,S1,real_life,2024-10-25 13:48:03.325,2024-10-25 13:48:04.324,(15.858997;-8.348879),(-9.225361;3.38624),0.276936
155,AB,1,S1,real_life,2024-10-25 13:48:04.335,2024-10-25 13:48:04.863,(-9.225361;3.38624),(-11.730608;-15.773005),0.193223
156,AB,1,S1,virtual_reality,2024-10-25 13:48:04.861,2024-10-25 13:48:05.038,(12818.131836;-4404.219238),(13015.833008;-4065.876221),3.918695
157,AB,1,S1,virtual_reality,2024-10-25 13:48:05.234,2024-10-25 13:48:05.313,(13013.547852;-4066.065918),(13151.391602;-3764.407715),3.316603
158,AB,1,S1,virtual_reality,2024-10-25 13:48:05.886,2024-10-25 13:48:06.013,(13151.672852;-3760.192383),(13101.041016;-3672.577881),1.011929
159,AB,1,S1,virtual_reality,2024-10-25 13:48:06.488,2024-10-25 13:48:06.622,(13103.801758;-3670.767822),(13066.556641;-3612.94043),0.687837
160,AB,1,S1,virtual_reality,2024-10-25 13:48:07.181,2024-10-25 13:48:07.295,(13071.119141;-3616.033203),(13100.0;-3570.0),0.543428
161,AB,1,S1,real_life,2024-10-25 13:48:04.874,2024-10-25 13:48:07.898,(0.0;0.0),(-15.209908;5.695208),0.162412
162,AB,1,S1,real_life,2024-10-25 13:48:07.908,2024-10-25 13:48:08.436,(-15.209908;5.695208),(-36.452499;2.384929),0.21499
163,AB,1,S1,real_life,2024-10-25 13:48:08.447,2024-10-25 13:48:08.928,(-36.452499;2.384929),(-22.392008;10.439431),0.162041
164,AB,1,S1,real_life,2024-10-25 13:48:08.937,2024-10-25 13:48:09.480,(-22.392008;10.439431),(12.970966;15.581282),0.357348
165,AB,1,S1,virtual_reality,2024-10-25 13:48:09.462,2024-10-25 13:48:09.756,(13086.960938;-3585.303467),(12976.216797;-4132.495117),5.582856
166,AB,1,S1,virtual_reality,2024-10-25 13:48:10.354,2024-10-25 13:48:10.457,(12969.275391;-4134.937988),(12901.830078;-4214.05127),1.039607
167,AB,1,S1,real_life,2024-10-25 13:48:09.490,2024-10-25 13:48:11.069,(0.0;0.0),(8.11137;8.105839),0.114673
168,AB,1,S1,real_life,2024-10-25 13:48:11.078,2024-10-25 13:48:11.570,(8.11137;8.105839),(14.937412;16.546326),0.108553
169,AB,1,S1,real_life,2024-10-25 13:48:11.580,2024-10-25 13:48:12.571,(14.937412;16.546326),(12.296497;3.289122),0.135177
170,AB,1,S1,real_life,2024-10-25 13:48:12.581,2024-10-25 13:48:13.101,(12.296497;3.289122),(-2.316246;-11.492749),0.207855
171,AB,1,S1,real_life,2024-10-25 13:48:13.111,2024-10-25 13:48:13.618,(-2.316246;-11.492749),(-13.498671;-14.552065),0.115934
172,AB,1,S1,real_life,2024-10-25 13:48:13.629,2024-10-25 13:48:14.157,(-13.498671;-14.552065),(-3.165066;-14.105925),0.103432
173,AB,1,S1,virtual_reality,2024-10-25 13:48:14.190,2024-10-25 13:48:14.626,(12904.995117;-4199.945312),(12465.525391;-3878.683105),5.443735
174,AB,1,S1,virtual_reality,2024-10-25 13:48:15.187,2024-10-25 13:48:15.340,(12463.226562;-3879.70752),(12372.158203;-3839.393066),0.995928
175,AB,1,S1,virtual_reality,2024-10-25 13:48:15.837,2024-10-25 13:48:15.971,(12371.178711;-3838.433838),(12303.813477;-3840.0),0.673831
176,AB,1,S1,real_life,2024-10-25 13:48:14.168,2024-10-25 13:48:16.714,(0.0;0.0),(20.148209;-26.851519),0.335701
177,AB,1,S1,real_life,2024-10-25 13:48:16.724,2024-10-25 13:48:17.742,(20.148209;-26.851519),(-6.970268;6.28259),0.428168
178,AB,1,S1,virtual_reality,2024-10-25 13:48:17.981,2024-10-25 13:48:18.384,(12316.62793;-3846.418701),(12592.386719;-4338.202148),5.638211
179,AB,1,S1,real_life,2024-10-25 13:48:17.754,2024-10-25 13:48:19.284,(0.0;0.0),(-13.246581;10.845186),0.171199
180,AB,1,S1,real_life,2024-10-25 13:48:19.295,2024-10-25 13:48:19.790,(-13.246581;10.845186),(-36.512787;15.849291),0.237983
181,AB,1,S1,real_life,2024-10-25 13:48:19.800,2024-10-25 13:48:21.320,(-36.512787;15.849291),(-9.383234;-8.681542),0.365756
182,AB,1,S1,real_life,2024-10-25 13:48:21.329,2024-10-25 13:48:21.837,(-9.383234;-8.681542),(2.943979;-17.483118),0.151469
183,AB,1,S1,real_life,2024-10-25 13:48:21.846,2024-10-25 13:48:22.361,(2.943979;-17.483118),(-2.666275;-2.379971),0.161115
184,AB,1,S1,real_life,2024-10-25 13:48:22.372,2024-10-25 13:48:22.880,(-2.666275;-2.379971),(6.781696;-12.395527),0.137686
185,AB,1,S1,virtual_reality,2024-10-25 13:48:22.685,2024-10-25 13:48:22.975,(12590.917969;-4328.685059),(12658.037109;-3735.4104),5.970592
186,AB,1,S1,virtual_reality,2024-10-25 13:48:23.314,2024-10-25 13:48:23.473,(12655.03125;-3734.397705),(12699.881836;-3460.672607),2.773753
187,AB,1,S1,virtual_reality,2024-10-25 13:48:23.786,2024-10-25 13:48:23.899,(12700.611328;-3459.152588),(12710.0;-3316.584229),1.428772
188,AB,1,S1,virtual_reality,2024-10-25 13:48:24.358,2024-10-25 13:48:24.465,(12712.733398;-3315.212891),(12708.771484;-3210.561279),1.047265
189,AB,1,S1,virtual_reality,2024-10-25 13:48:25.001,2024-10-25 13:48:25.107,(12714.361328;-3213.568604),(12703.62207;-3128.344971),0.858979
190,AB,1,S1,virtual_reality,2024-10-25 13:48:25.864,2024-10-25 13:48:25.892,(12720.984375;-3141.031006),(12760.0;-3120.0),0.443228
191,AB,1,S1,real_life,2024-10-25 13:48:22.890,2024-10-25 13:48:26.939,(0.0;0.0),(-20.837891;17.139204),0.269809
192,AB,1,S1,real_life,2024-10-25 13:48:26.949,2024-10-25 13:48:28.015,(-20.837891;17.139204),(6.660534;13.830313),0.276968
193,AB,1,S1,virtual_reality,2024-10-25 13:48:28.206,2024-10-25 13:48:28.493,(12744.654297;-3129.911865),(12711.703125;-3663.902344),5.350062
194,AB,1,S1,virtual_reality,2024-10-25 13:48:28.895,2024-10-25 13:48:29.071,(12710.304688;-3664.033936),(12844.579102;-3972.333984),3.362717
195,AB,1,S1,virtual_reality,2024-10-25 13:48:29.318,2024-10-25 13:48:29.440,(12847.113281;-3974.74707),(12966.55957;-4258.223145),3.076137
196,AB,1,S1,virtual_reality,2024-10-25 13:48:30.079,2024-10-25 13:48:30.236,(12959.379883;-4258.011719),(12890.717773;-4354.166016),1.181529
197,AB,1,S1,real_life,2024-10-25 13:48:28.024,2024-10-25 13:48:31.097,(0.0;0.0),(10.95686;2.406977),0.112181
198,AB,1,S1,real_life,2024-10-25 13:48:31.107,2024-10-25 13:48:31.623,(10.95686;2.406977),(7.846405;-10.249968),0.130335
199,AB,1,S1,virtual_reality,2024-10-25 13:48:32.013,2024-10-25 13:48:32.144,(12889.931641;-4344.680664),(12768.228516;-4116.600586),2.585189
200,AB,1,S1,virtual_reality,2024-10-25 13:48:32.679,2024-10-25 13:48:32.811,(12767.93457;-4109.498047),(12530.484375;-4139.689453),2.393615
201,AB,1,S1,virtual_reality,2024-10-25 13:48:32.989,2024-10-25 13:48:33.013,(12530.478516;-4138.09375),(12337.864258;-4168.223145),1.949568
202,AB,1,S1,virtual_reality,2024-10-25 13:48:33.616,2024-10-25 13:48:33.670,(12333.498047;-4167.755859),(12260.0;-4157.704102),0.74182
203,AB,1,S1,real_life,2024-10-25 13:48:31.633,2024-10-25 13:48:34.263,(0.0;0.0),(13.657345;-2.429144),0.138717
204,AB,1,S1,real_life,2024-10-25 13:48:34.274,2024-10-25 13:48:34.766,(13.657345;-2.429144),(41.094326;-1.322806),0.274593
205,AB,1,S1,real_life,2024-10-25 13:48:34.776,2024-10-25 13:48:35.289,(41.094326;-1.322806),(30.933384;-10.614372),0.137687
206,AB,1,S1,real_life,2024-10-25 13:48:35.299,2024-10-25 13:48:35.831,(30.933384;-10.614372),(17.308323;-14.037096),0.140484
207,AB,1,S1,virtual_reality,2024-10-25 13:48:35.722,2024-10-25 13:48:35.869,(12242.203125;-4144.39209),(12260.0;-4102.287598),0.457115
208,AB,1,S1,virtual_reality,2024-10-25 13:48:36.505,2024-10-25 13:48:36.531,(12252.888672;-4103.59668),(12260.0;-4129.014648),0.263939
209,AB,1,S1,real_life,2024-10-25 13:48:35.841,2024-10-25 13:48:36.851,(0.0;0.0),(11.956154;3.155062),0.123654
210,AB,1,S1,virtual_reality,2024-10-25 13:48:37.002,2024-10-25 13:48:37.141,(12246.167969;-4131.192383),(12260.0;-4143.217285),0.183284
211,AB,1,S1,virtual_reality,2024-10-25 13:48:37.714,2024-10-25 13:48:37.742,(12259.452148;-4145.169434),(12260.0;-4095.553223),0.496194
212,AB,1,S1,virtual_reality,2024-10-25 13:48:37.933,2024-10-25 13:48:38.014,(12260.574219;-4095.717041),(12260.0;-4045.665771),0.500545
213,AB,1,S1,virtual_reality,2024-10-25 13:48:38.682,2024-10-25 13:48:38.807,(12255.897461;-4046.505127),(12260.0;-4042.139893),0.059907
214,AB,1,S1,real_life,2024-10-25 13:48:36.861,2024-10-25 13:48:39.895,(0.0;0.0),(-14.002647;-0.462907),0.140103
215,AB,1,S1,virtual_reality,2024-10-25 13:48:39.931,2024-10-25 13:48:40.281,(12274.00293;-4041.677002),(12187.158203;-3950.0),1.262797
216,AB,1,S1,real_life,2024-10-25 13:48:39.904,2024-10-25 13:48:40.910,(0.0;0.0),(1.14003;17.144356),0.171822
217,AB,1,S1,real_life,2024-10-25 13:48:40.920,2024-10-25 13:48:41.423,(1.14003;17.144356),(-0.375298;41.669415),0.245718
218,AB,1,S1,real_life,2024-10-25 13:48:41.433,2024-10-25 13:48:42.455,(-0.375298;41.669415),(-25.262211;30.992785),0.270804
219,AB,1,S1,real_life,2024-10-25 13:48:42.466,2024-10-25 13:48:42.979,(-25.262211;30.992785),(-36.260506;7.597377),0.258516
220,AB,1,S1,virtual_reality,2024-10-25 13:48:43.710,2024-10-25 13:48:44.114,(12224.958008;-3956.598389),(12824.706055;-3959.685791),5.997556
221,AB,1,S1,virtual_reality,2024-10-25 13:48:44.449,2024-10-25 13:48:44.897,(12825.644531;-3959.671631),(13150.362305;-3994.773682),3.266097
222,AB,1,S1,virtual_reality,2024-10-25 13:48:45.940,2024-10-25 13:48:46.045,(13167.319336;-3991.645508),(13190.0;-3950.891846),0.466398
223,AB,1,S1,real_life,2024-10-25 13:48:42.991,2024-10-25 13:48:46.626,(0.0;0.0),(-14.479994;0.315835),0.144834
224,AB,1,S1,real_life,2024-10-25 13:48:46.635,2024-10-25 13:48:47.654,(-14.479994;0.315835),(-3.944772;9.852081),0.142102
225,AB,1,S1,real_life,2024-10-25 13:48:47.665,2024-10-25 13:48:49.180,(-3.944772;9.852081),(19.935162;15.812545),0.246126
226,AB,1,S1,virtual_reality,2024-10-25 13:48:49.719,2024-10-25 13:48:49.998,(13166.825195;-3970.756348),(13190.0;-4156.958008),1.876384
227,AB,1,S1,real_life,2024-10-25 13:48:49.191,2024-10-25 13:48:50.688,(0.0;0.0),(-15.450187;-4.018463),0.159642
228,AB,1,S1,real_life,2024-10-25 13:48:50.697,2024-10-25 13:48:51.215,(-15.450187;-4.018463),(-36.609684;-1.321772),0.213306
229,AB,1,S1,real_life,2024-10-25 13:48:51.224,2024-10-25 13:48:51.741,(-36.609684;-1.321772),(-23.977087;-16.717476),0.199151
230,AB,1,S1,real_life,2024-10-25 13:48:51.751,2024-10-25 13:48:52.259,(-23.977087;-16.717476),(-15.090456;-30.90649),0.167422
231,AB,1,S1,virtual_reality,2024-10-25 13:48:52.189,2024-10-25 13:48:52.295,(13204.366211;-4128.796875),(13177.624023;-4076.475342),0.587599
232,AB,1,S1,virtual_reality,2024-10-25 13:48:52.773,2024-10-25 13:48:52.909,(13182.37793;-4076.597656),(13190.0;-4032.510742),0.447411
233,AB,1,S1,real_life,2024-10-25 13:48:52.269,2024-10-25 13:48:53.794,(0.0;0.0),(-19.802517;9.887627),0.221338
234,AB,1,S1,real_life,2024-10-25 13:48:53.803,2024-10-25 13:48:54.824,(-19.802517;9.887627),(10.422668;27.077297),0.347713
235,AB,1,S1,virtual_reality,2024-10-25 13:48:54.805,2024-10-25 13:48:54.961,(13181.773438;-4059.394287),(13190.0;-4118.283203),0.594608
236,AB,1,S1,real_life,2024-10-25 13:48:54.834,2024-10-25 13:48:55.879,(0.0;0.0),(-20.297792;-0.739397),0.203113
237,AB,1,S1,real_life,2024-10-25 13:48:55.890,2024-10-25 13:48:56.380,(-20.297792;-0.739397),(-31.472633;1.038914),0.113155
238,AB,1,S1,real_life,2024-10-25 13:48:56.389,2024-10-25 13:48:57.928,(-31.472633;1.038914),(4.005716;0.091057),0.35491
239,AB,1,S1,real_life,2024-10-25 13:48:57.938,2024-10-25 13:48:58.432,(4.005716;0.091057),(18.143847;-1.737698),0.142559
240,AB,1,S1,real_life,2024-10-25 13:48:58.442,2024-10-25 13:48:59.456,(18.143847;-1.737698),(3.03314;-8.187431),0.164296
241,AB,1,S1,virtual_reality,2024-10-25 13:48:55.526,2024-10-25 13:49:00.159,(13197.71875;-4115.429199),(13187.678711;-3826.503662),2.891001
242,AB,1,S1,real_life,2024-10-25 13:48:59.467,2024-10-25 13:49:01.516,(0.0;0.0),(-15.482798;12.132654),0.196702
243,AB,1,S1,real_life,2024-10-25 13:49:01.526,2024-10-25 13:49:02.045,(-15.482798;12.132654),(-31.853268;3.729796),0.184011
244,AB,1,S1,real_life,2024-10-25 13:49:02.055,2024-10-25 13:49:03.078,(-31.853268;3.729796),(3.480673;21.112663),0.393783
245,AB,1,S1,virtual_reality,2024-10-25 13:49:03.114,2024-10-25 13:49:03.431,(13184.198242;-3847.616211),(12616.724609;-4014.535889),5.915139
246,AB,1,S1,virtual_reality,2024-10-25 13:49:03.764,2024-10-25 13:49:03.970,(12615.740234;-4013.093262),(12260.87793;-4056.358398),3.5749
247,AB,1,S1,virtual_reality,2024-10-25 13:49:04.696,2024-10-25 13:49:04.799,(12254.436523;-4051.820801),(12260.0;-4087.72876),0.363364
248,AB,1,S1,real_life,2024-10-25 13:49:03.088,2024-10-25 13:49:05.183,(0.0;0.0),(14.270412;-1.418364),0.143407
249,AB,1,S1,real_life,2024-10-25 13:49:05.194,2024-10-25 13:49:05.689,(14.270412;-1.418364),(38.588177;-3.849447),0.24439
250,AB,1,S1,real_life,2024-10-25 13:49:05.700,2024-10-25 13:49:06.740,(38.588177;-3.849447),(-2.144131;-18.477116),0.432792
251,AB,1,S1,virtual_reality,2024-10-25 13:49:06.738,2024-10-25 13:49:06.927,(12255.305664;-4068.57959),(12683.091797;-3999.681152),4.332988
252,AB,1,S1,virtual_reality,2024-10-25 13:49:07.129,2024-10-25 13:49:07.267,(12688.532227;-4000.016602),(13107.732422;-3847.285889),4.461562
253,AB,1,S1,virtual_reality,2024-10-25 13:49:07.502,2024-10-25 13:49:08.322,(13106.911133;-3847.039795),(13190.0;-3751.958252),1.262703
254,AB,1,S1,real_life,2024-10-25 13:49:06.749,2024-10-25 13:49:09.271,(0.0;0.0),(-30.491985;-10.06641),0.321106
255,AB,1,S1,real_life,2024-10-25 13:49:09.281,2024-10-25 13:49:10.298,(-30.491985;-10.06641),(-2.336548;-8.97271),0.281767
256,AB,1,S1,real_life,2024-10-25 13:49:10.307,2024-10-25 13:49:10.821,(-2.336548;-8.97271),(21.204733;22.016247),0.389167
257,AB,1,S1,virtual_reality,2024-10-25 13:49:11.054,2024-10-25 13:49:11.313,(13170.526367;-3777.125977),(12812.509766;-4052.611572),4.517391
258,AB,1,S1,virtual_reality,2024-10-25 13:49:11.804,2024-10-25 13:49:11.853,(12811.623047;-4051.097656),(12690.572266;-4169.142578),1.690792
259,AB,1,S1,real_life,2024-10-25 13:49:10.831,2024-10-25 13:49:12.907,(0.0;0.0),(3.881317;-17.13413),0.175682
260,AB,1,S1,real_life,2024-10-25 13:49:12.918,2024-10-25 13:49:13.429,(3.881317;-17.13413),(-0.165089;-27.388796),0.110241
261,AB,1,S1,virtual_reality,2024-10-25 13:49:13.039,2024-10-25 13:49:13.593,(12688.34668;-4147.507812),(12558.538086;-3693.514893),4.721861
262,AB,1,S1,virtual_reality,2024-10-25 13:49:14.188,2024-10-25 13:49:14.287,(12556.727539;-3693.283691),(12522.123047;-3608.232178),0.918221
263,AB,1,S1,virtual_reality,2024-10-25 13:49:16.418,2024-10-25 13:49:16.522,(12517.806641;-3618.732178),(12515.799805;-3654.9104),0.36234
264,AB,1,S1,real_life,2024-10-25 13:49:13.439,2024-10-25 13:49:17.525,(0.0;0.0),(-10.490276;-5.750921),0.119632
265,AB,1,S1,real_life,2024-10-25 13:49:17.536,2024-10-25 13:49:18.034,(-10.490276;-5.750921),(-17.302387;-13.918049),0.106352
266,AB,1,S1,real_life,2024-10-25 13:49:18.044,2024-10-25 13:49:24.229,(-17.302387;-13.918049),(-5.362129;-14.073536),0.119413
267,AB,1,S1,real_life,2024-10-25 13:49:24.239,2024-10-25 13:49:26.791,(-5.362129;-14.073536),(-26.116852;-17.307095),0.210051
268,AB,1,S1,real_life,2024-10-25 13:49:26.802,2024-10-25 13:49:27.808,(-26.116852;-17.307095),(-13.007339;-15.801706),0.131957
269,AB,1,S1,real_life,2024-10-25 13:49:27.823,2024-10-25 13:49:28.830,(-13.007339;-15.801706),(-27.319614;-22.858202),0.159573
270,AB,1,S1,real_life,2024-10-25 13:49:28.842,2024-10-25 13:49:33.461,(-27.319614;-22.858202),(-33.113106;3.707884),0.271905
271,AB,1,S1,virtual_reality,2024-10-25 13:49:33.621,2024-10-25 13:49:33.977,(12553.041016;-3659.392822),(12571.285156;-4255.476074),5.963625
272,AB,1,S1,real_life,2024-10-25 13:49:33.472,2024-10-25 13:49:34.988,(0.0;0.0),(10.092913;-14.239118),0.174533
273,AB,1,S1,real_life,2024-10-25 13:49:34.998,2024-10-25 13:49:37.530,(10.092913;-14.239118),(1.00336;-1.930201),0.153013
274,AB,1,S1,real_life,2024-10-25 13:49:37.543,2024-10-25 13:49:39.551,(1.00336;-1.930201),(14.877831;-10.555906),0.163372
275,AB,1,S1,real_life,2024-10-25 13:49:39.561,2024-10-25 13:49:51.912,(14.877831;-10.555906),(10.029161;-19.784582),0.104249
276,AB,1,S1,virtual_reality,2024-10-25 13:49:51.464,2024-10-25 13:49:52.103,(12559.875;-4237.911133),(12202.78418;-3831.813232),5.407678
277,AB,1,S1,real_life,2024-10-25 13:49:51.924,2024-10-25 13:49:52.915,(0.0;0.0),(6.683674;8.389561),0.107264
278,AB,1,S1,virtual_reality,2024-10-25 13:49:52.821,2024-10-25 13:49:52.970,(12196.275391;-3839.650391),(11879.345703;-3872.674072),3.186452
279,AB,1,T2,real_life,2024-10-25 13:49:54.085,2024-10-25 13:49:54.945,(21.231562;0.832744),(37.954514;20.555153),0.258579
280,AB,1,T2,real_life,2024-10-25 13:49:54.955,2024-10-25 13:49:55.959,(37.954514;20.555153),(23.318743;-4.835859),0.293072
281,AB,1,T2,real_life,2024-10-25 13:49:55.969,2024-10-25 13:49:57.488,(23.318743;-4.835859),(10.684491;3.01994),0.148774
282,AB,1,T2,real_life,2024-10-25 13:49:57.498,2024-10-25 13:49:58.039,(10.684491;3.01994),(14.938672;-12.928255),0.165058
283,AB,1,T2,real_life,2024-10-25 13:49:58.056,2024-10-25 13:49:59.521,(14.938672;-12.928255),(-3.138562;9.689878),0.289546
284,AB,1,T2,real_life,2024-10-25 13:49:59.537,2024-10-25 13:50:03.600,(-3.138562;9.689878),(3.004533;25.81609),0.172567
285,AB,1,T2,real_life,2024-10-25 13:50:03.619,2024-10-25 13:50:05.128,(3.004533;25.81609),(-0.359908;13.851865),0.124283
286,AB,1,T2,real_life,2024-10-25 13:50:05.145,2024-10-25 13:50:06.681,(-0.359908;13.851865),(8.292829;3.154232),0.13759
287,AB,1,T2,real_life,2024-10-25 13:50:06.700,2024-10-25 13:50:07.205,(8.292829;3.154232),(6.354455;15.284731),0.122844
288,AB,1,T2,real_life,2024-10-25 13:50:07.222,2024-10-25 13:50:10.770,(6.354455;15.284731),(8.516504;5.454184),0.100655
289,AB,1,T2,real_life,2024-10-25 13:50:10.787,2024-10-25 13:50:11.274,(8.516504;5.454184),(19.596292;5.120304),0.110848
290,AB,1,T2,real_life,2024-10-25 13:50:11.292,2024-10-25 13:50:11.789,(19.596292;5.120304),(4.823148;13.345191),0.169084
291,AB,1,T2,real_life,2024-10-25 13:50:11.807,2024-10-25 13:50:12.818,(4.823148;13.345191),(0.503755;27.334711),0.146412
292,AB,1,T2,real_life,2024-10-25 13:50:12.841,2024-10-25 13:50:13.849,(0.503755;27.334711),(-4.07363;9.588489),0.183271
293,AB,1,T2,real_life,2024-10-25 13:50:13.867,2024-10-25 13:50:15.371,(-4.07363;9.588489),(-4.517802;28.082418),0.184993
294,AB,1,T2,real_life,2024-10-25 13:50:15.391,2024-10-25 13:50:16.902,(-4.517802;28.082418),(-3.617399;14.408506),0.137035
295,AB,1,T2,real_life,2024-10-25 13:50:16.919,2024-10-25 13:50:17.404,(-3.617399;14.408506),(-4.743006;2.940331),0.115233
296,AB,1,T2,real_life,2024-10-25 13:50:17.423,2024-10-25 13:50:21.503,(-4.743006;2.940331),(-7.908554;12.536122),0.101044
297,AB,1,T2,real_life,2024-10-25 13:50:34.781,2024-10-25 13:50:35.757,(-2089.388184;168.960678),(-2077.986816;179.98996),0.158631
298,AB,1,T2,real_life,2024-10-25 13:50:35.775,2024-10-25 13:50:36.779,(-2077.986816;179.98996),(-2087.322998;175.178604),0.105031
299,AB,1,T2,real_life,2024-10-25 13:50:36.796,2024-10-25 13:50:37.822,(-2087.322998;175.178604),(-2066.932373;185.208557),0.227239
300,AB,1,T2,real_life,2024-10-25 13:50:37.841,2024-10-25 13:50:53.640,(-2066.932373;185.208557),(-2079.360352;173.409409),0.171368
301,AB,1,T2,real_life,2024-10-25 13:50:53.660,2024-10-25 13:50:58.772,(-2079.360352;173.409409),(-2063.130127;184.148209),0.194612
302,AB,1,T2,real_life,2024-10-25 13:50:58.793,2024-10-25 13:50:59.380,(-2063.130127;184.148209),(-2055.195312;172.575394),0.140318
303,AB,1,T2,virtual_reality,2024-10-25 13:51:01.204,2024-10-25 13:51:01.372,(-1277.766357;12357.09375),(-1373.686768;12375.943359),0.97755
304,AB,1,T2,real_life,2024-10-25 13:50:59.400,2024-10-25 13:51:06.405,(0.0;0.0),(-7.851149;-7.578722),0.109123
305,AB,1,T2,real_life,2024-10-25 13:51:06.424,2024-10-25 13:51:06.930,(-7.851149;-7.578722),(-12.421515;10.227831),0.183837
306,AB,1,T2,real_life,2024-10-25 13:51:06.952,2024-10-25 13:51:07.430,(-12.421515;10.227831),(-26.57766;8.97101),0.142118
307,AB,1,T2,real_life,2024-10-25 13:51:07.452,2024-10-25 13:51:07.932,(-26.57766;8.97101),(-10.28524;9.39418),0.162979
308,AB,1,T2,virtual_reality,2024-10-25 13:51:11.322,2024-10-25 13:51:11.806,(-1361.014526;12364.477539),(-817.153931;12275.380859),5.511102
309,AB,1,T2,virtual_reality,2024-10-25 13:51:12.243,2024-10-25 13:51:12.548,(-818.130981;12277.458984),(-487.506317;12301.678711),3.315106
310,AB,1,T2,virtual_reality,2024-10-25 13:51:13.050,2024-10-25 13:51:13.245,(-485.912994;12302.094727),(-240.884186;12311.558594),2.452115
311,AB,1,T2,virtual_reality,2024-10-25 13:51:13.720,2024-10-25 13:51:14.021,(-242.993347;12306.196289),(-90.681793;12046.025391),3.014762
312,AB,1,T2,real_life,2024-10-25 13:51:07.950,2024-10-25 13:51:16.080,(0.0;0.0),(9.165436;-5.316496),0.105958
313,AB,1,T2,real_life,2024-10-25 13:51:16.102,2024-10-25 13:51:30.284,(9.165436;-5.316496),(-5.870726;-12.783617),0.167882
314,AB,1,T2,virtual_reality,2024-10-25 13:51:31.218,2024-10-25 13:51:31.400,(-82.664864;12049.557617),(-11.801999;12134.263672),1.104389
315,AB,1,T2,real_life,2024-10-25 13:51:30.307,2024-10-25 13:51:32.341,(0.0;0.0),(7.12018;7.373173),0.102499
316,AB,1,T2,real_life,2024-10-25 13:51:32.362,2024-10-25 13:51:35.389,(7.12018;7.373173),(-18.190811;10.433159),0.254953
317,AB,1,T2,real_life,2024-10-25 13:51:35.414,2024-10-25 13:51:36.927,(-18.190811;10.433159),(1.189808;11.133801),0.193933
318,AB,1,T2,real_life,2024-10-25 13:51:36.950,2024-10-25 13:52:07.493,(1.189808;11.133801),(-7.95738;6.289183),0.103509
319,AB,1,T2,real_life,2024-10-25 13:52:07.517,2024-10-25 13:52:14.089,(-7.95738;6.289183),(-17.790379;12.727318),0.117532
320,AB,1,T2,real_life,2024-10-25 13:52:14.111,2024-10-25 13:52:15.100,(-17.790379;12.727318),(-0.323509;1.467245),0.207817
321,AB,1,T2,virtual_reality,2024-10-25 13:52:15.057,2024-10-25 13:52:15.373,(-10.283994;12132.658203),(461.37265;12222.301758),4.801
322,AB,1,T2,virtual_reality,2024-10-25 13:52:15.760,2024-10-25 13:52:15.997,(461.334778;12221.438477),(736.88678;12286.548828),2.8314
323,AB,1,T2,virtual_reality,2024-10-25 13:52:16.855,2024-10-25 13:52:17.330,(736.372803;12283.610352),(974.711365;12152.520508),2.720104
324,AB,1,T2,real_life,2024-10-25 13:52:15.121,2024-10-25 13:52:18.154,(0.0;0.0),(15.274;6.8078),0.167225
325,AB,1,T2,real_life,2024-10-25 13:52:18.177,2024-10-25 13:52:19.147,(15.274;6.8078),(-7.882317;2.454182),0.23562
326,AB,1,T2,virtual_reality,2024-10-25 13:52:19.254,2024-10-25 13:52:19.423,(982.871704;12150.588867),(1147.149536;12162.553711),1.64713
327,AB,1,T2,real_life,2024-10-25 13:52:19.172,2024-10-25 13:52:20.172,(0.0;0.0),(18.377878;7.049435),0.196835
328,AB,1,T2,real_life,2024-10-25 13:52:20.195,2024-10-25 13:52:21.183,(18.377878;7.049435),(33.586555;4.231426),0.154675
329,AB,1,T2,real_life,2024-10-25 13:52:21.210,2024-10-25 13:52:29.816,(33.586555;4.231426),(56.327213;0.425117),0.23057
330,AB,1,T2,real_life,2024-10-25 13:52:29.838,2024-10-25 13:52:32.352,(56.327213;0.425117),(29.012417;2.046368),0.273629
331,AB,1,T2,real_life,2024-10-25 13:52:32.379,2024-10-25 13:52:34.894,(29.012417;2.046368),(19.055195;-1.81249),0.106788
332,AB,1,T2,real_life,2024-10-25 13:52:34.916,2024-10-25 13:52:38.459,(19.055195;-1.81249),(27.887722;6.835884),0.123616
333,AB,1,T2,real_life,2024-10-25 13:52:38.481,2024-10-25 13:52:39.003,(27.887722;6.835884),(32.173992;16.194134),0.102932
334,AB,1,T2,virtual_reality,2024-10-25 13:52:38.984,2024-10-25 13:52:39.113,(1115.013428;12146.837891),(1060.0;12080.0),0.865667
335,AB,1,T2,real_life,2024-10-25 13:52:39.028,2024-10-25 13:52:40.510,(0.0;0.0),(-6.383137;-8.762543),0.10841
336,AB,1,T2,virtual_reality,2024-10-25 13:52:41.275,2024-10-25 13:52:41.385,(1064.961914;12090.515625),(1123.950562;12003.950195),1.047526
337,AB,1,T2,real_life,2024-10-25 13:52:40.532,2024-10-25 13:52:42.057,(0.0;0.0),(11.64328;0.783714),0.116696
338,AB,1,T2,virtual_reality,2024-10-25 13:52:42.207,2024-10-25 13:52:42.362,(1111.6427;12003.331055),(975.424866;11944.96582),1.481951
339,AB,1,T2,virtual_reality,2024-10-25 13:52:42.875,2024-10-25 13:52:43.019,(976.728271;11943.666992),(901.20459;11875.529297),1.017176
340,AB,1,T2,real_life,2024-10-25 13:52:42.080,2024-10-25 13:52:43.649,(0.0;0.0),(-11.799367;-25.991468),0.285444
341,AB,1,T2,real_life,2024-10-25 13:52:43.671,2024-10-25 13:52:44.154,(-11.799367;-25.991468),(-27.944983;-55.72525),0.338346
342,AB,1,T2,real_life,2024-10-25 13:52:44.178,2024-10-25 13:52:44.657,(-27.944983;-55.72525),(-38.890717;-75.200943),0.223408
343,AB,1,T2,real_life,2024-10-25 13:52:44.682,2024-10-25 13:52:45.162,(-38.890717;-75.200943),(-43.906849;-93.675697),0.191436
344,AB,1,T2,real_life,2024-10-25 13:52:45.187,2024-10-25 13:52:45.665,(-43.906849;-93.675697),(-54.455162;-115.082481),0.238646
345,AB,1,T2,real_life,2024-10-25 13:52:45.689,2024-10-25 13:52:46.276,(-54.455162;-115.082481),(-73.802658;-134.45932),0.273822
346,AB,1,T2,virtual_reality,2024-10-25 13:52:46.330,2024-10-25 13:52:46.418,(975.28009;12010.592773),(981.935669;11944.836914),0.660919
347,AB,1,T2,real_life,2024-10-25 13:52:46.298,2024-10-25 13:52:46.681,(0.0;0.0),(-5.422997;-12.059552),0.132228
348,AB,1,T2,real_life,2024-10-25 13:52:46.703,2024-10-25 13:52:47.181,(-5.422997;-12.059552),(-12.999985;-35.405209),0.245445
349,AB,1,T2,virtual_reality,2024-10-25 13:52:47.283,2024-10-25 13:52:47.427,(995.987732;11984.047852),(987.124695;11906.545898),0.780077
350,AB,1,T2,real_life,2024-10-25 13:52:47.204,2024-10-25 13:52:47.710,(0.0;0.0),(-3.943743;-12.20342),0.128248
351,AB,1,T2,real_life,2024-10-25 13:52:47.733,2024-10-25 13:52:48.208,(-3.943743;-12.20342),(-10.557398;-36.157932),0.248507
352,AB,1,T2,real_life,2024-10-25 13:52:48.232,2024-10-25 13:52:48.717,(-10.557398;-36.157932),(-17.123503;-63.665195),0.282801
353,AB,1,T2,real_life,2024-10-25 13:52:48.743,2024-10-25 13:52:49.227,(-17.123503;-63.665195),(-22.958866;-92.882034),0.297939
354,AB,1,T2,real_life,2024-10-25 13:52:49.251,2024-10-25 13:52:49.748,(-22.958866;-92.882034),(-31.191006;-126.693382),0.347991
355,AB,1,T2,real_life,2024-10-25 13:52:49.774,2024-10-25 13:52:50.255,(-31.191006;-126.693382),(-42.269489;-147.675308),0.237271
356,AB,1,T2,virtual_reality,2024-10-25 13:52:50.548,2024-10-25 13:52:50.705,(1037.887939;12057.661133),(950.0;11935.876953),1.501857
357,AB,1,T2,real_life,2024-10-25 13:52:50.280,2024-10-25 13:52:51.375,(0.0;0.0),(-12.219937;-22.772551),0.258441
358,AB,1,T2,virtual_reality,2024-10-25 13:52:51.479,2024-10-25 13:52:51.671,(963.333923;11961.667969),(916.863586;11880.0),0.939638
359,AB,1,T2,real_life,2024-10-25 13:52:51.404,2024-10-25 13:52:52.297,(0.0;0.0),(-13.565779;-25.235737),0.286509
360,AB,1,T2,virtual_reality,2024-10-25 13:52:52.278,2024-10-25 13:52:52.413,(929.699036;11904.357422),(913.202393;11826.797852),0.792948
361,AB,1,T2,virtual_reality,2024-10-25 13:52:53.459,2024-10-25 13:52:53.557,(915.819275;11821.299805),(1010.0;11810.0),0.948562
362,AB,1,T2,real_life,2024-10-25 13:52:52.320,2024-10-25 13:52:54.345,(0.0;0.0),(7.298111;-10.001217),0.123809
363,AB,1,T2,real_life,2024-10-25 13:52:54.370,2024-10-25 13:52:54.837,(7.298111;-10.001217),(11.504951;-22.839724),0.135102
364,AB,1,T2,virtual_reality,2024-10-25 13:52:55.248,2024-10-25 13:52:55.287,(997.950439;11835.026367),(934.537292;11866.959961),0.710001
365,AB,1,T2,real_life,2024-10-25 13:52:54.857,2024-10-25 13:52:58.890,(0.0;0.0),(-10.150616;-2.560455),0.104686
366,AB,1,T2,real_life,2024-10-25 13:52:58.911,2024-10-25 13:52:59.894,(-10.150616;-2.560455),(-6.0821;-12.816567),0.110336
367,AB,1,T2,virtual_reality,2024-10-25 13:52:59.955,2024-10-25 13:53:00.089,(940.619385;11879.776367),(950.0;11960.0),0.807698
368,AB,1,T2,real_life,2024-10-25 13:52:59.918,2024-10-25 13:53:01.940,(0.0;0.0),(3.055458;12.179209),0.125566
369,AB,1,T2,real_life,2024-10-25 13:53:01.965,2024-10-25 13:53:03.971,(3.055458;12.179209),(3.947121;-1.658168),0.138661
370,AB,1,T2,real_life,2024-10-25 13:53:03.994,2024-10-25 13:53:04.984,(3.947121;-1.658168),(13.109928;-9.482071),0.120487
371,AB,1,T2,real_life,2024-10-25 13:53:05.008,2024-10-25 13:53:05.996,(13.109928;-9.482071),(2.946274;-15.14959),0.11637
372,AB,1,T2,real_life,2024-10-25 13:53:06.020,2024-10-25 13:53:06.600,(2.946274;-15.14959),(-9.167557;-19.216145),0.127782
373,AB,1,T2,virtual_reality,2024-10-25 13:53:00.914,2024-10-25 13:53:06.958,(945.681091;11953.771484),(1040.0;12060.0),1.420582
374,AB,1,T2,real_life,2024-10-25 13:53:06.624,2024-10-25 13:53:07.507,(0.0;0.0),(19.065033;2.023979),0.191722
375,AB,1,T2,real_life,2024-10-25 13:53:07.530,2024-10-25 13:53:08.005,(19.065033;2.023979),(31.19075;12.175597),0.158142
376,AB,1,T2,virtual_reality,2024-10-25 13:53:07.716,2024-10-25 13:53:09.634,(1013.685242;12052.584961),(960.661926;11987.867188),0.836649
377,AB,1,T2,real_life,2024-10-25 13:53:08.027,2024-10-25 13:53:11.045,(0.0;0.0),(20.9282;-10.838848),0.235684
378,AB,1,T2,real_life,2024-10-25 13:53:11.067,2024-10-25 13:53:11.654,(20.9282;-10.838848),(32.582314;-14.835868),0.123205
379,AB,1,T2,real_life,2024-10-25 13:53:11.675,2024-10-25 13:53:13.610,(32.582314;-14.835868),(25.12188;-7.992047),0.10124
380,AB,1,T2,real_life,2024-10-25 13:53:13.635,2024-10-25 13:53:14.105,(25.12188;-7.992047),(16.105537;-3.534009),0.100583
381,AB,1,T2,real_life,2024-10-25 13:53:14.128,2024-10-25 13:53:15.139,(16.105537;-3.534009),(8.215462;-13.332033),0.125799
382,AB,1,T2,real_life,2024-10-25 13:53:15.162,2024-10-25 13:53:15.637,(8.215462;-13.332033),(-13.848076;-12.344692),0.220856
383,AB,1,T2,virtual_reality,2024-10-25 13:53:16.100,2024-10-25 13:53:16.220,(982.110352;11995.135742),(1112.470825;11992.470703),1.303878
384,AB,1,T2,virtual_reality,2024-10-25 13:53:18.070,2024-10-25 13:53:18.483,(1112.271973;11984.966797),(1456.802368;12129.96582),3.737993
385,AB,1,T2,virtual_reality,2024-10-25 13:53:19.134,2024-10-25 13:53:19.559,(1459.283936;12128.042969),(1643.394897;12205.037109),1.995621
386,AB,1,T2,virtual_reality,2024-10-25 13:53:19.943,2024-10-25 13:53:20.091,(1644.99707;12206.442383),(1829.052368;12239.699219),1.870357
387,AB,1,T2,real_life,2024-10-25 13:53:15.664,2024-10-25 13:53:20.749,(0.0;0.0),(10.395081;-7.936924),0.130787
388,AB,1,T2,real_life,2024-10-25 13:53:20.772,2024-10-25 13:53:21.867,(10.395081;-7.936924),(29.711662;-12.969893),0.199615
389,AB,1,T2,real_life,2024-10-25 13:53:21.889,2024-10-25 13:53:22.784,(29.711662;-12.969893),(24.770855;13.862872),0.272839
390,AB,1,T2,real_life,2024-10-25 13:53:22.808,2024-10-25 13:53:23.318,(24.770855;13.862872),(5.920715;10.576932),0.191344
391,AB,1,T2,real_life,2024-10-25 13:53:23.342,2024-10-25 13:53:23.824,(5.920715;10.576932),(-7.969622;3.669469),0.15513
392,AB,1,T2,virtual_reality,2024-10-25 13:53:23.927,2024-10-25 13:53:24.011,(1837.287598;12236.300781),(1967.756714;12162.176758),1.500551
393,AB,1,T2,real_life,2024-10-25 13:53:23.848,2024-10-25 13:53:25.359,(0.0;0.0),(18.680714;-0.459002),0.186864
394,AB,1,T2,real_life,2024-10-25 13:53:25.380,2024-10-25 13:53:27.887,(18.680714;-0.459002),(5.224186;-1.809259),0.135241
395,AB,1,T2,virtual_reality,2024-10-25 13:53:29.738,2024-10-25 13:53:29.842,(1958.714722;12163.833984),(2065.256836;12170.0),1.067204
396,AB,1,T2,real_life,2024-10-25 13:53:27.910,2024-10-25 13:53:42.715,(0.0;0.0),(14.799469;5.468527),0.157775
397,AB,1,T2,real_life,2024-10-25 13:53:42.736,2024-10-25 13:53:43.216,(14.799469;5.468527),(9.800285;15.901528),0.115689
398,AB,1,T2,real_life,2024-10-25 13:53:43.236,2024-10-25 13:53:44.772,(9.800285;15.901528),(22.030258;-4.633184),0.239008
399,AB,1,T2,virtual_reality,2024-10-25 13:53:45.012,2024-10-25 13:53:45.234,(2040.621338;12176.861328),(1970.0;12120.0),0.906673
400,AB,1,T2,virtual_reality,2024-10-25 13:53:45.846,2024-10-25 13:53:45.981,(1969.840088;12111.874023),(1970.0;12020.0),0.918745
401,AB,1,T2,real_life,2024-10-25 13:53:44.793,2024-10-25 13:53:46.801,(0.0;0.0),(7.09259;-13.537345),0.152828
402,AB,1,T2,real_life,2024-10-25 13:53:46.824,2024-10-25 13:53:47.387,(7.09259;-13.537345),(19.342484;-10.400534),0.126451
403,AB,1,T2,real_life,2024-10-25 13:53:47.408,2024-10-25 13:53:47.816,(19.342484;-10.400534),(31.297409;-2.696358),0.142223
404,AB,1,T2,real_life,2024-10-25 13:53:47.838,2024-10-25 13:53:48.340,(31.297409;-2.696358),(41.479675;-0.988992),0.103244
405,AB,1,T2,real_life,2024-10-25 13:53:48.363,2024-10-25 13:53:52.942,(41.479675;-0.988992),(11.465324;-9.191547),0.31115
406,AB,1,T2,real_life,2024-10-25 13:53:52.967,2024-10-25 13:53:53.468,(11.465324;-9.191547),(-2.778912;-6.610467),0.144762
407,AB,1,T2,real_life,2024-10-25 13:53:53.492,2024-10-25 13:53:53.977,(-2.778912;-6.610467),(-14.451511;4.194085),0.159056
408,AB,1,T2,virtual_reality,2024-10-25 13:53:55.963,2024-10-25 13:53:56.135,(1977.514893;12011.884766),(1961.996216;11905.829102),1.07185
409,AB,1,T2,real_life,2024-10-25 13:53:53.999,2024-10-25 13:53:57.026,(0.0;0.0),(11.405579;-13.496048),0.1767
410,AB,1,T2,real_life,2024-10-25 13:53:57.050,2024-10-25 13:53:57.619,(11.405579;-13.496048),(19.761749;-2.360435),0.139222
411,AB,1,T2,real_life,2024-10-25 13:53:57.646,2024-10-25 13:53:58.022,(19.761749;-2.360435),(26.526939;8.40346),0.127133
412,AB,1,T2,real_life,2024-10-25 13:53:58.046,2024-10-25 13:53:59.061,(26.526939;8.40346),(22.062241;-17.942188),0.267213
413,AB,1,T2,virtual_reality,2024-10-25 13:53:58.978,2024-10-25 13:53:59.151,(1939.517456;11921.62793),(1966.83606;12013.671875),0.960129
414,AB,1,T2,real_life,2024-10-25 13:53:59.083,2024-10-25 13:54:03.120,(0.0;0.0),(-9.20536;20.481836),0.224554
415,AB,1,T2,real_life,2024-10-25 13:54:03.144,2024-10-25 13:54:03.654,(-9.20536;20.481836),(-20.199188;1.069892),0.223089
416,AB,1,T2,virtual_reality,2024-10-25 13:54:00.160,2024-10-25 13:54:04.969,(1961.096191;12009.021484),(2385.143799;12209.385742),4.690015
417,AB,1,T2,virtual_reality,2024-10-25 13:54:05.884,2024-10-25 13:54:06.275,(2386.693115;12202.039062),(2905.68335;12036.180664),5.448486
418,AB,1,T2,real_life,2024-10-25 13:54:03.677,2024-10-25 13:54:07.219,(0.0;0.0),(11.217937;1.65817),0.113398
419,AB,1,T2,real_life,2024-10-25 13:54:07.245,2024-10-25 13:54:21.520,(11.217937;1.65817),(7.722797;-8.187495),0.104476
420,AB,1,T2,real_life,2024-10-25 13:54:21.544,2024-10-25 13:54:25.574,(7.722797;-8.187495),(13.192593;1.257974),0.109149
421,AB,1,T2,real_life,2024-10-25 13:54:25.599,2024-10-25 13:54:33.372,(13.192593;1.257974),(5.683346;-9.114065),0.12805
422,AB,1,T2,real_life,2024-10-25 13:54:33.395,2024-10-25 13:54:34.301,(5.683346;-9.114065),(18.074284;0.753319),0.158398
423,AB,1,T2,real_life,2024-10-25 13:54:34.327,2024-10-25 13:54:42.984,(18.074284;0.753319),(4.571266;5.189385),0.14213
424,AB,1,T2,real_life,2024-10-25 13:54:43.009,2024-10-25 13:54:51.171,(4.571266;5.189385),(-1.436245;-5.849069),0.125673
425,AB,1,T2,virtual_reality,2024-10-25 13:54:51.152,2024-10-25 13:54:51.377,(2907.176514;12042.091797),(3384.461182;12230.839844),5.13251
426,AB,1,T2,real_life,2024-10-25 13:54:51.195,2024-10-25 13:54:52.190,(0.0;0.0),(9.039612;13.420487),0.16181
427,AB,1,T2,real_life,2024-10-25 13:54:52.215,2024-10-25 13:54:53.834,(9.039612;13.420487),(1.830696;2.688495),0.129284
428,AB,1,T2,virtual_reality,2024-10-25 13:54:53.900,2024-10-25 13:54:54.254,(3382.630615;12228.151367),(3966.296631;12274.192383),5.854792
429,AB,1,T2,real_life,2024-10-25 13:54:53.859,2024-10-25 13:54:57.375,(0.0;0.0),(-8.449493;8.375813),0.118974
430,AB,1,T2,real_life,2024-10-25 13:54:57.399,2024-10-25 13:54:58.383,(-8.449493;8.375813),(-7.14106;-5.301036),0.137393
431,AB,1,T2,real_life,2024-10-25 13:54:58.409,2024-10-25 13:54:59.418,(-7.14106;-5.301036),(-25.597218;-10.510408),0.191773
432,AB,1,T2,real_life,2024-10-25 13:54:59.442,2024-10-25 13:54:59.934,(-25.597218;-10.510408),(-35.229794;0.322225),0.144959
433,AB,1,S2,real_life,2024-10-25 13:55:11.339,2024-10-25 13:55:12.350,(20.77961;-1.527473),(28.511412;8.630766),0.12766
434,AB,1,S2,real_life,2024-10-25 13:55:12.362,2024-10-25 13:55:12.864,(28.511412;8.630766),(40.93615;8.414666),0.124266
435,AB,1,S2,real_life,2024-10-25 13:55:12.877,2024-10-25 13:55:13.383,(40.93615;8.414666),(21.913349;7.732266),0.19035
436,AB,1,S2,real_life,2024-10-25 13:55:13.395,2024-10-25 13:55:13.912,(21.913349;7.732266),(19.208672;-5.060363),0.130754
437,AB,1,S2,real_life,2024-10-25 13:55:13.924,2024-10-25 13:55:14.412,(19.208672;-5.060363),(37.229168;-16.287865),0.212319
438,AB,1,S2,real_life,2024-10-25 13:55:14.424,2024-10-25 13:55:15.455,(37.229168;-16.287865),(22.995644;3.491207),0.243681
439,AB,1,S2,virtual_reality,2024-10-25 13:55:20.406,2024-10-25 13:55:20.525,(11682.728516;-18459.787109),(11829.203125;-18453.394531),1.46614
440,AB,1,S2,real_life,2024-10-25 13:55:15.472,2024-10-25 13:55:36.522,(0.0;0.0),(11.665174;9.852088),0.152689
441,AB,1,S2,real_life,2024-10-25 13:55:36.539,2024-10-25 13:55:37.027,(11.665174;9.852088),(3.875525;-0.833911),0.132238
442,AB,1,S2,real_life,2024-10-25 13:55:37.044,2024-10-25 13:55:48.301,(3.875525;-0.833911),(10.166597;-8.954914),0.102727
443,AB,1,S2,real_life,2024-10-25 13:55:48.322,2024-10-25 13:55:49.353,(10.166597;-8.954914),(3.467173;0.08489),0.112517
444,AB,1,S2,real_life,2024-10-25 13:55:49.371,2024-10-25 13:55:55.550,(3.467173;0.08489),(14.25906;5.840795),0.122309
445,AB,1,S2,real_life,2024-10-25 13:55:55.571,2024-10-25 13:55:57.107,(14.25906;5.840795),(5.722349;-1.300198),0.111297
446,AB,1,S2,real_life,2024-10-25 13:55:57.125,2024-10-25 13:56:12.638,(5.722349;-1.300198),(0.691908;-17.278963),0.167519
447,AB,1,S2,real_life,2024-10-25 13:56:12.655,2024-10-25 13:56:14.216,(0.691908;-17.278963),(-3.91978;4.330728),0.220963
448,AB,1,S2,real_life,2024-10-25 13:56:14.236,2024-10-25 13:56:14.727,(-3.91978;4.330728),(14.030394;14.981492),0.208722
449,AB,1,S2,real_life,2024-10-25 13:56:14.746,2024-10-25 13:56:15.768,(14.030394;14.981492),(-0.608328;1.05677),0.202037
450,AB,1,S2,real_life,2024-10-25 13:56:15.787,2024-10-25 13:56:27.548,(-0.608328;1.05677),(10.06492;11.499418),0.149321
451,AB,1,S2,real_life,2024-10-25 13:56:27.568,2024-10-25 13:56:28.054,(10.06492;11.499418),(-0.260134;-0.125255),0.15548
452,AB,1,S2,real_life,2024-10-25 13:56:28.071,2024-10-25 13:56:29.059,(-0.260134;-0.125255),(5.934593;-9.124828),0.109255
453,AB,1,S2,virtual_reality,2024-10-25 13:56:29.354,2024-10-25 13:56:29.520,(11824.182617;-18445.746094),(11972.912109;-18042.251953),4.300325
454,AB,1,S2,real_life,2024-10-25 13:56:29.078,2024-10-25 13:56:30.103,(0.0;0.0),(-4.718473;14.877499),0.156078
455,AB,1,S2,real_life,2024-10-25 13:56:30.125,2024-10-25 13:56:31.142,(-4.718473;14.877499),(3.301805;-0.149961),0.170338
456,AB,1,S2,virtual_reality,2024-10-25 13:56:31.259,2024-10-25 13:56:31.315,(11969.421875;-18042.001953),(12005.103516;-17910.599609),1.361618
457,AB,1,S2,real_life,2024-10-25 13:56:31.158,2024-10-25 13:56:32.146,(0.0;0.0),(-12.056849;-0.382565),0.120629
458,AB,1,S2,real_life,2024-10-25 13:56:32.163,2024-10-25 13:56:32.684,(-12.056849;-0.382565),(-5.853554;14.680244),0.162902
459,AB,1,S2,real_life,2024-10-25 13:56:32.704,2024-10-25 13:56:35.254,(-5.853554;14.680244),(-14.539092;5.990982),0.122858
460,AB,1,S2,real_life,2024-10-25 13:56:35.270,2024-10-25 13:56:38.861,(-14.539092;5.990982),(1.873802;3.644163),0.165798
461,AB,1,S2,virtual_reality,2024-10-25 13:56:39.132,2024-10-25 13:56:39.347,(11996.717773;-17910.439453),(11834.62207;-17814.085938),1.88571
462,AB,1,S2,real_life,2024-10-25 13:56:38.879,2024-10-25 13:56:39.919,(0.0;0.0),(-7.089859;-10.435412),0.12616
463,AB,1,S2,virtual_reality,2024-10-25 13:56:40.137,2024-10-25 13:56:40.220,(11838.870117;-17795.589844),(11773.223633;-17747.888672),0.811477
464,AB,1,S2,real_life,2024-10-25 13:56:39.937,2024-10-25 13:56:40.949,(0.0;0.0),(-8.83169;-14.130224),0.166632
465,AB,1,S2,real_life,2024-10-25 13:56:40.966,2024-10-25 13:56:41.974,(-8.83169;-14.130224),(-18.708954;2.673191),0.194914
466,AB,1,S2,real_life,2024-10-25 13:56:41.992,2024-10-25 13:56:42.498,(-18.708954;2.673191),(-24.984982;17.229256),0.158514
467,AB,1,S2,virtual_reality,2024-10-25 13:56:45.736,2024-10-25 13:56:45.820,(11806.520508;-17773.179688),(11784.417969;-17874.486328),1.03688
468,AB,1,S2,real_life,2024-10-25 13:56:42.516,2024-10-25 13:56:46.587,(0.0;0.0),(15.074239;-8.791031),0.174504
469,AB,1,S2,real_life,2024-10-25 13:56:46.606,2024-10-25 13:56:52.243,(15.074239;-8.791031),(2.027834;0.652716),0.161057
470,AB,1,S2,real_life,2024-10-25 13:56:52.262,2024-10-25 13:56:52.771,(2.027834;0.652716),(2.606038;14.395439),0.137549
471,AB,1,S2,virtual_reality,2024-10-25 13:56:54.960,2024-10-25 13:56:55.344,(11779.105469;-17883.650391),(11870.405273;-17941.976562),1.083411
472,AB,1,S2,real_life,2024-10-25 13:56:52.790,2024-10-25 13:56:55.862,(0.0;0.0),(-2.63136;-11.973009),0.122588
473,AB,1,S2,real_life,2024-10-25 13:56:55.880,2024-10-25 13:56:59.934,(-2.63136;-11.973009),(-7.6827;12.310005),0.248028
474,AB,1,S2,real_life,2024-10-25 13:56:59.954,2024-10-25 13:57:00.460,(-7.6827;12.310005),(-7.206629;27.812622),0.155099
475,AB,1,S2,virtual_reality,2024-10-25 13:57:00.422,2024-10-25 13:57:00.618,(11878.475586;-17969.931641),(11908.792969;-18082.845703),1.169137
476,AB,1,S2,real_life,2024-10-25 13:57:00.479,2024-10-25 13:57:00.965,(0.0;0.0),(-6.546171;-11.041843),0.128365
477,AB,1,S2,real_life,2024-10-25 13:57:00.986,2024-10-25 13:57:04.070,(-6.546171;-11.041843),(6.348919;-14.756462),0.134195
478,AB,1,S2,virtual_reality,2024-10-25 13:57:19.734,2024-10-25 13:57:21.827,(11901.620117;-18065.839844),(12281.205078;-18149.900391),3.88781
479,AB,1,S2,real_life,2024-10-25 13:57:04.088,2024-10-25 13:57:22.743,(0.0;0.0),(-10.243784;-0.045033),0.102439
480,AB,1,S2,real_life,2024-10-25 13:57:22.765,2024-10-25 13:57:23.245,(-10.243784;-0.045033),(-17.948444;-6.857012),0.102842
481,AB,1,S2,real_life,2024-10-25 13:57:23.262,2024-10-25 13:57:24.787,(-17.948444;-6.857012),(-7.678182;-2.61016),0.111137
482,AB,1,S2,real_life,2024-10-25 13:57:24.807,2024-10-25 13:57:36.640,(-7.678182;-2.61016),(-3.895925;-14.014457),0.120151
483,AB,1,S2,real_life,2024-10-25 13:57:36.659,2024-10-25 13:57:37.160,(-3.895925;-14.014457),(5.93599;-9.935437),0.106445
484,AB,1,S2,virtual_reality,2024-10-25 13:57:37.254,2024-10-25 13:57:37.736,(12274.758789;-18140.53125),(12160.875977;-18040.46875),1.515969
485,AB,1,S2,virtual_reality,2024-10-25 13:57:38.072,2024-10-25 13:57:38.822,(12158.555664;-18038.041016),(11943.095703;-17941.060547),2.362805
486,AB,1,S2,real_life,2024-10-25 13:57:37.178,2024-10-25 13:57:39.735,(0.0;0.0),(7.823195;-10.873469),0.133953
487,AB,1,S2,virtual_reality,2024-10-25 13:57:40.069,2024-10-25 13:57:40.707,(11935.101562;-17927.736328),(11780.649414;-17831.261719),1.821068
488,AB,1,S2,real_life,2024-10-25 13:57:39.753,2024-10-25 13:57:41.276,(0.0;0.0),(-13.839643;-6.697515),0.153751
489,AB,1,S2,real_life,2024-10-25 13:57:41.295,2024-10-25 13:57:41.800,(-13.839643;-6.697515),(-30.889961;-4.419599),0.172018
490,AB,1,S2,real_life,2024-10-25 13:57:41.821,2024-10-25 13:57:42.832,(-30.889961;-4.419599),(-1.447863;1.030387),0.299423
491,AB,1,S2,virtual_reality,2024-10-25 13:57:42.709,2024-10-25 13:57:43.095,(11786.807617;-17830.539062),(11661.114258;-17747.859375),1.504486
492,AB,1,S2,real_life,2024-10-25 13:57:42.850,2024-10-25 13:57:43.862,(0.0;0.0),(4.364344;-15.75574),0.16349
493,AB,1,S2,real_life,2024-10-25 13:57:43.880,2024-10-25 13:57:44.906,(4.364344;-15.75574),(7.035364;-28.552673),0.130727
494,AB,1,S2,real_life,2024-10-25 13:57:44.922,2024-10-25 13:57:45.412,(7.035364;-28.552673),(-14.195762;-20.247631),0.227977
495,AB,1,S2,real_life,2024-10-25 13:57:45.431,2024-10-25 13:57:45.934,(-14.195762;-20.247631),(-28.700161;-13.648267),0.159352
496,AB,1,S2,real_life,2024-10-25 13:57:45.954,2024-10-25 13:57:46.439,(-28.700161;-13.648267),(-26.95512;9.658847),0.233723
497,AB,1,S2,real_life,2024-10-25 13:57:46.459,2024-10-25 13:57:46.941,(-26.95512;9.658847),(-19.891472;-7.332554),0.184012
498,AB,1,S2,real_life,2024-10-25 13:57:46.962,2024-10-25 13:57:47.456,(-19.891472;-7.332554),(-43.331879;5.584579),0.267639
499,AB,1,S2,virtual_reality,2024-10-25 13:57:48.549,2024-10-25 13:57:48.652,(11702.107422;-17751.298828),(11948.131836;-17951.763672),3.173553
500,AB,1,S2,real_life,2024-10-25 13:57:47.477,2024-10-25 13:57:49.116,(0.0;0.0),(6.564043;11.802738),0.135052
501,AB,1,S2,virtual_reality,2024-10-25 13:57:49.506,2024-10-25 13:57:49.590,(11938.881836;-17964.359375),(12016.241211;-18155.097656),2.058277
502,AB,1,S2,virtual_reality,2024-10-25 13:57:52.115,2024-10-25 13:57:52.807,(12016.605469;-18150.503906),(12492.197266;-18401.943359),5.379672
503,AB,1,S2,virtual_reality,2024-10-25 13:57:53.461,2024-10-25 13:57:53.893,(12494.880859;-18401.603516),(12805.496094;-18579.085938),3.577462
504,AB,1,S2,real_life,2024-10-25 13:57:49.139,2024-10-25 13:57:55.871,(0.0;0.0),(5.401539;11.09152),0.123369
505,AB,1,S2,real_life,2024-10-25 13:57:55.896,2024-10-25 13:57:57.407,(5.401539;11.09152),(-7.248681;3.190779),0.149147
506,AB,1,S2,real_life,2024-10-25 13:57:57.432,2024-10-25 13:57:58.432,(-7.248681;3.190779),(6.02273;14.413422),0.173804
507,AB,1,S2,real_life,2024-10-25 13:57:58.457,2024-10-25 13:57:59.487,(6.02273;14.413422),(-3.936719;10.343069),0.107591
508,AB,1,S2,real_life,2024-10-25 13:57:59.515,2024-10-25 13:58:22.243,(-3.936719;10.343069),(16.533066;2.558533),0.219
509,AB,1,S2,real_life,2024-10-25 13:58:22.269,2024-10-25 13:58:27.353,(16.533066;2.558533),(10.818058;15.133268),0.138125
510,AB,1,S2,real_life,2024-10-25 13:58:27.378,2024-10-25 13:58:27.880,(10.818058;15.133268),(-8.188539;7.062325),0.206492
511,AB,1,S2,real_life,2024-10-25 13:58:27.904,2024-10-25 13:58:30.451,(-8.188539;7.062325),(15.158032;10.180618),0.235539
512,AB,1,S2,virtual_reality,2024-10-25 13:58:32.181,2024-10-25 13:58:32.390,(12792.682617;-18586.535156),(12407.168945;-18582.578125),3.855339
513,AB,1,S2,real_life,2024-10-25 13:58:30.478,2024-10-25 13:58:38.130,(0.0;0.0),(-6.051517;9.760736),0.114845
514,AB,1,S2,real_life,2024-10-25 13:58:38.157,2024-10-25 13:58:38.658,(-6.051517;9.760736),(-16.059443;2.072136),0.126203
515,AB,1,S2,virtual_reality,2024-10-25 13:58:38.728,2024-10-25 13:58:39.120,(12423.228516;-18584.650391),(12925.613281;-18583.037109),5.023874
516,AB,1,S2,virtual_reality,2024-10-25 13:58:39.649,2024-10-25 13:58:40.161,(12925.134766;-18584.505859),(13389.431641;-18685.142578),4.750779
517,AB,1,S2,real_life,2024-10-25 13:58:38.686,2024-10-25 13:58:41.250,(0.0;0.0),(1.573625;-14.186709),0.142737
518,AB,1,S2,real_life,2024-10-25 13:58:41.276,2024-10-25 13:58:42.291,(1.573625;-14.186709),(-1.135297;0.360685),0.147975
519,AB,1,S2,virtual_reality,2024-10-25 13:58:42.148,2024-10-25 13:58:42.362,(13392.25;-18679.234375),(13526.125977;-18931.154297),2.852829
520,AB,1,S2,virtual_reality,2024-10-25 13:58:43.236,2024-10-25 13:58:43.394,(13526.549805;-18930.9375),(13678.014648;-18932.958984),1.514782
521,AB,1,S2,virtual_reality,2024-10-25 13:58:44.210,2024-10-25 13:58:45.042,(13677.883789;-18928.873047),(14090.68457;-18909.134766),4.132728
522,AB,1,S2,real_life,2024-10-25 13:58:42.317,2024-10-25 13:58:47.434,(0.0;0.0),(6.17534;9.190244),0.110723
523,AB,1,S2,real_life,2024-10-25 13:58:47.457,2024-10-25 13:58:47.972,(6.17534;9.190244),(18.313334;1.529952),0.143531
524,AB,1,S2,real_life,2024-10-25 13:58:47.997,2024-10-25 13:58:48.994,(18.313334;1.529952),(8.05304;10.211549),0.134404
525,AB,1,S2,real_life,2024-10-25 13:58:49.019,2024-10-25 13:58:49.521,(8.05304;10.211549),(-5.511583;-3.852688),0.195397
526,AB,1,S2,virtual_reality,2024-10-25 13:58:49.484,2024-10-25 13:58:49.736,(14096.21875;-18905.642578),(14475.837891;-18631.521484),4.682441
527,AB,1,S2,virtual_reality,2024-10-25 13:58:51.295,2024-10-25 13:58:51.377,(14474.704102;-18639.316406),(14659.913086;-18915.103516),3.322067
528,AB,1,S2,real_life,2024-10-25 13:58:49.544,2024-10-25 13:59:05.900,(0.0;0.0),(26.272335;-2.169151),0.263617
529,AB,1,S2,real_life,2024-10-25 13:59:05.923,2024-10-25 13:59:06.906,(26.272335;-2.169151),(32.816837;11.746832),0.153781
530,AB,1,S2,real_life,2024-10-25 13:59:06.931,2024-10-25 13:59:09.512,(32.816837;11.746832),(17.156973;17.021965),0.165245
531,AB,1,S2,real_life,2024-10-25 13:59:09.537,2024-10-25 13:59:10.024,(17.156973;17.021965),(4.570097;-4.308756),0.247675
532,AB,1,S2,real_life,2024-10-25 13:59:10.053,2024-10-25 13:59:12.082,(4.570097;-4.308756),(9.067139;-14.046556),0.10726
533,AB,1,S2,virtual_reality,2024-10-25 13:59:12.144,2024-10-25 13:59:12.278,(14650.84668;-18901.058594),(14532.99707;-18874.638672),1.207745
534,AB,1,S2,real_life,2024-10-25 13:59:12.104,2024-10-25 13:59:13.133,(0.0;0.0),(-3.750131;12.875664),0.134107
535,AB,1,S2,real_life,2024-10-25 13:59:13.159,2024-10-25 13:59:13.637,(-3.750131;12.875664),(14.023045;19.453556),0.189514
536,AB,1,S2,virtual_reality,2024-10-25 13:59:15.362,2024-10-25 13:59:15.541,(14514.270508;-18890.583984),(14330.739258;-18750.666016),2.307835
537,AB,1,S2,real_life,2024-10-25 13:59:13.662,2024-10-25 13:59:16.736,(0.0;0.0),(-18.854755;7.553244),0.203114
538,AB,1,S2,real_life,2024-10-25 13:59:16.759,2024-10-25 13:59:18.797,(-18.854755;7.553244),(-6.21531;5.143925),0.12867
539,AB,1,S2,real_life,2024-10-25 13:59:18.827,2024-10-25 13:59:20.837,(-6.21531;5.143925),(2.155203;-0.860737),0.103015
540,AB,1,S2,real_life,2024-10-25 13:59:20.867,2024-10-25 13:59:21.344,(2.155203;-0.860737),(45.410961;13.620869),0.45616
541,AB,1,S2,real_life,2024-10-25 13:59:21.367,2024-10-25 13:59:21.865,(45.410961;13.620869),(88.800301;29.23093),0.461124
542,AB,1,S2,virtual_reality,2024-10-25 13:59:21.556,2024-10-25 13:59:21.944,(14268.961914;-18770.138672),(13723.93457;-18794.21875),5.455593
543,AB,1,S2,real_life,2024-10-25 13:59:21.891,2024-10-25 13:59:22.367,(0.0;0.0),(30.398249;11.029072),0.323375
544,AB,1,S2,virtual_reality,2024-10-25 13:59:22.439,2024-10-25 13:59:22.723,(13690.970703;-18806.066406),(13312.99707;-18731.107422),3.853347
545,AB,1,S2,real_life,2024-10-25 13:59:22.393,2024-10-25 13:59:22.905,(0.0;0.0),(11.507863;3.41379),0.120037
546,AB,1,S2,virtual_reality,2024-10-25 13:59:23.228,2024-10-25 13:59:23.391,(13275.098633;-18742.927734),(12951.391602;-18684.195312),3.289916
547,AB,1,S2,real_life,2024-10-25 13:59:22.930,2024-10-25 13:59:23.978,(0.0;0.0),(12.944964;7.78036),0.151033
548,AB,1,S2,real_life,2024-10-25 13:59:24.004,2024-10-25 13:59:24.510,(12.944964;7.78036),(-9.114303;13.615911),0.228181
549,AB,1,S2,virtual_reality,2024-10-25 13:59:24.505,2024-10-25 13:59:24.659,(12959.533203;-18698.296875),(13027.625977;-18656.142578),0.800854
550,AB,1,S2,real_life,2024-10-25 13:59:24.535,2024-10-25 13:59:26.565,(0.0;0.0),(18.567101;-15.09342),0.23928
551,AB,1,S2,virtual_reality,2024-10-25 13:59:27.227,2024-10-25 13:59:27.369,(13008.581055;-18644.207031),(12772.477539;-18495.912109),2.788123
552,AB,1,S2,virtual_reality,2024-10-25 13:59:28.007,2024-10-25 13:59:28.199,(12771.918945;-18497.892578),(12546.943359;-18417.505859),2.389056
553,AB,1,S2,real_life,2024-10-25 13:59:26.588,2024-10-25 13:59:36.871,(0.0;0.0),(-15.484515;6.143694),0.166588
554,AB,1,S2,virtual_reality,2024-10-25 13:59:37.393,2024-10-25 13:59:37.616,(12560.518555;-18420.902344),(13102.513672;-18328.628906),5.497936
555,AB,1,S2,virtual_reality,2024-10-25 13:59:38.284,2024-10-25 13:59:38.473,(13104.188477;-18329.878906),(13190.963867;-18339.833984),0.87345
556,AB,1,S2,real_life,2024-10-25 13:59:36.894,2024-10-25 13:59:42.538,(0.0;0.0),(-13.824921;-12.100543),0.183726
557,AB,1,S2,real_life,2024-10-25 13:59:42.564,2024-10-25 13:59:43.594,(-13.824921;-12.100543),(-7.487259;0.63677),0.142269
558,AB,1,S2,real_life,2024-10-25 13:59:43.616,2024-10-25 14:00:17.060,(-7.487259;0.63677),(6.264865;8.717978),0.159508
559,AB,1,S2,real_life,2024-10-25 14:00:17.084,2024-10-25 14:00:17.586,(6.264865;8.717978),(15.383268;2.609768),0.109752
560,AB,1,S2,virtual_reality,2024-10-25 14:00:20.480,2024-10-25 14:00:20.803,(13182.931641;-18350.228516),(12819.737305;-18362.302734),3.633954
561,AB,1,S2,virtual_reality,2024-10-25 14:00:21.337,2024-10-25 14:00:21.506,(12820.984375;-18358.537109),(12546.675781;-18349.314453),2.744645
562,AB,1,S2,real_life,2024-10-25 14:00:17.616,2024-10-25 14:00:23.707,(0.0;0.0),(9.763506;2.250603),0.100195
563,AB,1,S2,real_life,2024-10-25 14:00:23.730,2024-10-25 14:00:24.247,(9.763506;2.250603),(-17.206676;8.815207),0.277576
564,AB,1,S2,real_life,2024-10-25 14:00:24.274,2024-10-25 14:00:24.777,(-17.206676;8.815207),(-22.733658;-0.822685),0.111102
565,AB,1,S2,real_life,2024-10-25 14:00:24.800,2024-10-25 14:00:25.780,(-22.733658;-0.822685),(6.381192;0.431135),0.291418
566,AB,1,S2,virtual_reality,2024-10-25 14:00:25.851,2024-10-25 14:00:26.190,(12540.293945;-18349.744141),(12358.191406;-18016.115234),3.800929
567,AB,1,S2,virtual_reality,2024-10-25 14:00:26.750,2024-10-25 14:00:26.942,(12356.972656;-18020.53125),(12182.896484;-18001.679688),1.750947
568,AB,1,S2,virtual_reality,2024-10-25 14:00:27.503,2024-10-25 14:00:27.586,(12180.648438;-17998.773438),(12075.168945;-17919.033203),1.322275
569,AB,1,S2,virtual_reality,2024-10-25 14:00:31.973,2024-10-25 14:00:32.061,(12071.952148;-17924.794922),(11910.311523;-17898.951172),1.636939
570,AB,1,S2,virtual_reality,2024-10-25 14:00:32.668,2024-10-25 14:00:32.754,(11905.456055;-17898.169922),(11844.139648;-17905.517578),0.617555
571,AB,1,S2,real_life,2024-10-25 14:00:25.806,2024-10-25 14:00:33.009,(0.0;0.0),(10.602974;-2.927753),0.109998
572,AB,1,S2,real_life,2024-10-25 14:00:33.036,2024-10-25 14:00:33.513,(10.602974;-2.927753),(19.779224;-17.683739),0.173765
573,AB,1,S2,virtual_reality,2024-10-25 14:00:33.673,2024-10-25 14:00:33.755,(11822.353516;-17884.882812),(11749.268555;-17887.396484),0.731282
574,AB,1,S2,real_life,2024-10-25 14:00:33.538,2024-10-25 14:00:35.132,(0.0;0.0),(-10.033134;13.710049),0.169891
575,AB,1,S2,real_life,2024-10-25 14:00:35.152,2024-10-25 14:00:35.679,(-10.033134;13.710049),(-54.238068;26.38615),0.459865
576,AB,1,S2,virtual_reality,2024-10-25 14:00:35.882,2024-10-25 14:00:36.123,(11806.366211;-17914.263672),(12275.617188;-18294.892578),6.042143
577,AB,1,S2,virtual_reality,2024-10-25 14:00:36.599,2024-10-25 14:00:36.802,(12272.199219;-18301.697266),(12654.237305;-18689.398438),5.443035
578,AB,1,S2,virtual_reality,2024-10-25 14:00:37.326,2024-10-25 14:00:37.489,(12654.210938;-18688.261719),(13120.49707;-18967.507812),5.435077
579,AB,1,S2,real_life,2024-10-25 14:00:35.701,2024-10-25 14:00:38.279,(0.0;0.0),(16.020081;0.423157),0.160257
580,AB,1,S2,virtual_reality,2024-10-25 14:00:38.768,2024-10-25 14:00:38.998,(13103.8125;-18969.326172),(13317.873047;-19214.580078),3.255323
581,AB,1,S2,real_life,2024-10-25 14:00:38.304,2024-10-25 14:00:39.828,(0.0;0.0),(10.62886;-8.255962),0.134586
582,AB,1,S2,virtual_reality,2024-10-25 14:00:40.049,2024-10-25 14:00:40.276,(13308.074219;-19209.544922),(13423.380859;-19419.310547),2.393683
583,AB,1,S2,real_life,2024-10-25 14:00:39.852,2024-10-25 14:00:41.841,(0.0;0.0),(17.330402;-11.823509),0.209795
584,AB,1,S2,real_life,2024-10-25 14:00:41.865,2024-10-25 14:00:42.896,(17.330402;-11.823509),(2.508589;-0.026405),0.189435
585,AB,1,S2,real_life,2024-10-25 14:00:42.922,2024-10-25 14:00:43.397,(2.508589;-0.026405),(13.587659;-0.807495),0.111066
586,AB,1,S2,real_life,2024-10-25 14:00:43.419,2024-10-25 14:00:43.923,(13.587659;-0.807495),(14.144287;-16.857887),0.1606
587,AB,1,S2,virtual_reality,2024-10-25 14:00:43.685,2024-10-25 14:00:44.023,(13407.113281;-19403.488281),(12957.745117;-19043.318359),5.758943
588,AB,1,S2,virtual_reality,2024-10-25 14:00:44.413,2024-10-25 14:00:44.600,(12959.677734;-19044.089844),(12677.918945;-18656.773438),4.789603
589,AB,1,S2,virtual_reality,2024-10-25 14:00:45.157,2024-10-25 14:00:45.346,(12676.094727;-18658.933594),(12324.600586;-18311.238281),4.944086
590,AB,1,S2,virtual_reality,2024-10-25 14:00:46.973,2024-10-25 14:00:47.220,(12325.37793;-18311.894531),(12037.416992;-18000.224609),4.243344
591,AB,1,S2,virtual_reality,2024-10-25 14:00:47.695,2024-10-25 14:00:47.944,(12035.930664;-18001.761719),(11796.553711;-17825.474609),2.972851
592,AB,1,S2,real_life,2024-10-25 14:00:43.946,2024-10-25 14:00:48.610,(0.0;0.0),(13.237089;-4.98625),0.141451
593,AB,1,S2,real_life,2024-10-25 14:00:48.637,2024-10-25 14:00:49.094,(13.237089;-4.98625),(29.345755;-9.036955),0.166102
594,AB,1,S2,real_life,2024-10-25 14:00:49.116,2024-10-25 14:00:49.591,(29.345755;-9.036955),(21.795918;5.911655),0.16747
595,AB,1,S2,real_life,2024-10-25 14:00:49.618,2024-10-25 14:00:50.145,(21.795918;5.911655),(-8.167636;6.686172),0.299736
596,AB,1,S2,virtual_reality,2024-10-25 14:00:49.929,2024-10-25 14:00:50.212,(11795.547852;-17837.71875),(12243.657227;-18239.943359),6.021506
597,AB,1,S2,virtual_reality,2024-10-25 14:00:50.493,2024-10-25 14:00:50.695,(12245.828125;-18240.15625),(12689.297852;-18637.158203),5.952111
598,AB,1,S2,virtual_reality,2024-10-25 14:00:50.981,2024-10-25 14:00:51.080,(12689.47168;-18639.052734),(13091.556641;-19029.669922),5.605836
599,AB,1,S2,virtual_reality,2024-10-25 14:00:51.318,2024-10-25 14:00:51.365,(13091.188477;-19030.537109),(13468.795898;-19447.945312),5.628648
600,AB,1,S2,virtual_reality,2024-10-25 14:00:51.772,2024-10-25 14:00:51.872,(13468.244141;-19450.035156),(13600.092773;-19774.091797),3.498524
601,AB,1,S2,real_life,2024-10-25 14:00:50.170,2024-10-25 14:00:52.197,(0.0;0.0),(11.427482;1.252094),0.114959
602,AB,1,S2,real_life,2024-10-25 14:00:52.221,2024-10-25 14:00:52.753,(11.427482;1.252094),(21.314869;-18.675577),0.222457
603,AB,1,S2,virtual_reality,2024-10-25 14:00:52.747,2024-10-25 14:00:52.852,(13578.642578;-19756.208984),(13488.757812;-19683.154297),1.158288
604,AB,1,S2,real_life,2024-10-25 14:00:52.776,2024-10-25 14:00:54.272,(0.0;0.0),(10.416357;0.754017),0.104436
605,AB,1,S2,real_life,2024-10-25 14:00:54.295,2024-10-25 14:00:54.800,(10.416357;0.754017),(-0.08427;6.956909),0.121959
606,AB,1,S2,virtual_reality,2024-10-25 14:00:55.034,2024-10-25 14:00:55.235,(13492.850586;-19691.271484),(13234.744141;-19431.816406),3.659726
607,AB,1,S2,virtual_reality,2024-10-25 14:00:55.791,2024-10-25 14:00:55.945,(13233.972656;-19430.681641),(13055.514648;-19080.300781),3.932115
608,AB,1,S2,virtual_reality,2024-10-25 14:00:56.410,2024-10-25 14:00:56.547,(13056.734375;-19081.833984),(12838.329102;-18742.878906),4.032269
609,AB,1,S2,virtual_reality,2024-10-25 14:00:56.743,2024-10-25 14:00:56.937,(12838.725586;-18744.240234),(12600.551758;-18456.8125),3.732842
610,AB,1,S2,virtual_reality,2024-10-25 14:00:58.410,2024-10-25 14:00:58.575,(12601.567383;-18453.953125),(12472.614258;-18180.939453),3.019372
611,AB,1,S2,virtual_reality,2024-10-25 14:00:58.772,2024-10-25 14:00:58.877,(12473.057617;-18179.615234),(12358.561523;-17946.199219),2.599857
612,AB,1,S2,real_life,2024-10-25 14:00:54.823,2024-10-25 14:01:06.331,(0.0;0.0),(3.573047;9.517292),0.101659
613,AB,1,S2,virtual_reality,2024-10-25 14:01:06.301,2024-10-25 14:01:06.451,(12354.987305;-17955.734375),(12030.77832;-17892.441406),3.303293
614,AB,1,S2,virtual_reality,2024-10-25 14:01:06.991,2024-10-25 14:01:07.136,(12024.131836;-17888.472656),(11860.824219;-17836.636719),1.713374
615,AB,1,S2,real_life,2024-10-25 14:01:06.354,2024-10-25 14:01:07.839,(0.0;0.0),(11.575912;-1.69083),0.116987
616,AB,1,S2,real_life,2024-10-25 14:01:07.863,2024-10-25 14:01:08.889,(11.575912;-1.69083),(8.400736;12.430992),0.144744
617,AB,1,S2,real_life,2024-10-25 14:01:08.914,2024-10-25 14:01:09.401,(8.400736;12.430992),(-9.837437;6.912304),0.190548
618,AB,1,S2,virtual_reality,2024-10-25 14:01:09.936,2024-10-25 14:01:10.165,(11878.806641;-17846.351562),(12271.386719;-18070.416016),4.520215
619,AB,1,S2,real_life,2024-10-25 14:01:09.425,2024-10-25 14:01:10.966,(0.0;0.0),(-10.126328;-2.645317),0.104661
620,AB,1,S2,virtual_reality,2024-10-25 14:01:10.649,2024-10-25 14:01:11.488,(12279.27832;-18068.898438),(12861.689453;-18225.152344),6.03007
621,AB,1,S2,virtual_reality,2024-10-25 14:01:12.042,2024-10-25 14:01:12.332,(12865.270508;-18228.267578),(13257.241211;-18340.595703),4.077485
622,AB,1,S2,real_life,2024-10-25 14:01:10.991,2024-10-25 14:01:14.695,(0.0;0.0),(-7.209936;8.375656),0.110515
623,AB,1,S2,real_life,2024-10-25 14:01:14.721,2024-10-25 14:01:15.724,(-7.209936;8.375656),(-15.767273;14.590729),0.105762
624,AB,1,S2,real_life,2024-10-25 14:01:15.748,2024-10-25 14:01:18.782,(-15.767273;14.590729),(-4.07823;14.669132),0.116893
625,AB,1,S2,real_life,2024-10-25 14:01:18.807,2024-10-25 14:01:19.306,(-4.07823;14.669132),(16.135576;6.636639),0.217513
626,AB,1,S2,virtual_reality,2024-10-25 14:01:19.655,2024-10-25 14:01:19.874,(13237.881836;-18349.316406),(12750.375977;-18487.296875),5.066571
627,AB,1,S2,real_life,2024-10-25 14:01:19.330,2024-10-25 14:01:22.995,(0.0;0.0),(-14.037259;1.979649),0.141762
628,AB,1,S2,virtual_reality,2024-10-25 14:01:22.938,2024-10-25 14:01:23.195,(12763.700195;-18489.423828),(13342.483398;-18658.763672),6.030466
629,AB,1,S2,virtual_reality,2024-10-25 14:01:23.657,2024-10-25 14:01:23.883,(13344.134766;-18660.962891),(13841.307617;-18997.205078),6.002002
630,AB,1,S2,virtual_reality,2024-10-25 14:01:24.295,2024-10-25 14:01:24.451,(13840.859375;-18997.841797),(14216.200195;-19252.255859),4.534399
631,AB,1,S2,virtual_reality,2024-10-25 14:01:25.095,2024-10-25 14:01:25.293,(14221.693359;-19249.835938),(14331.612305;-19285.339844),1.155106
632,AB,1,S2,real_life,2024-10-25 14:01:23.017,2024-10-25 14:01:26.563,(0.0;0.0),(-17.577944;-3.798019),0.179836
633,AB,1,S2,real_life,2024-10-25 14:01:26.590,2024-10-25 14:01:30.706,(-17.577944;-3.798019),(4.667456;5.572132),0.241383
634,AB,1,S2,real_life,2024-10-25 14:01:30.731,2024-10-25 14:01:31.258,(4.667456;5.572132),(23.843283;1.500591),0.196033
635,AB,1,S2,virtual_reality,2024-10-25 14:01:31.337,2024-10-25 14:01:31.572,(14307.768555;-19286.839844),(13871.496094;-19200.351562),4.447638
636,AB,1,S2,virtual_reality,2024-10-25 14:01:32.649,2024-10-25 14:01:32.769,(13867.862305;-19194.582031),(13554.355469;-19097.914062),3.280724
637,AB,1,S2,virtual_reality,2024-10-25 14:01:33.260,2024-10-25 14:01:33.423,(13555.168945;-19097.408203),(13182.56543;-18904.9375),4.19378
638,AB,1,S2,virtual_reality,2024-10-25 14:01:34.042,2024-10-25 14:01:34.202,(13182.913086;-18905.517578),(12805.681641;-18779.390625),3.977583
639,AB,1,S2,virtual_reality,2024-10-25 14:01:34.699,2024-10-25 14:01:34.954,(12804.621094;-18779.126953),(12568.098633;-18534.925781),3.399665
640,AB,1,S2,virtual_reality,2024-10-25 14:01:35.253,2024-10-25 14:01:35.431,(12564.356445;-18528.789062),(12337.853516;-18285.664062),3.32285
641,AB,1,S2,virtual_reality,2024-10-25 14:01:35.635,2024-10-25 14:01:35.740,(12334.602539;-18285.576172),(12069.833984;-18093.105469),3.27334
642,AB,1,S2,virtual_reality,2024-10-25 14:01:36.015,2024-10-25 14:01:36.125,(12066.232422;-18098.185547),(11805.411133;-17965.519531),2.926222
643,AB,1,S2,real_life,2024-10-25 14:01:31.279,2024-10-25 14:01:36.920,(0.0;0.0),(-0.605074;-11.042107),0.110587
644,AB,1,S2,virtual_reality,2024-10-25 14:01:37.382,2024-10-25 14:01:37.469,(11817.928711;-17942.666016),(11854.922852;-17917.320312),0.448427
645,AB,1,S2,real_life,2024-10-25 14:01:36.942,2024-10-25 14:01:37.972,(0.0;0.0),(-6.123466;-8.7624),0.1069
646,AB,1,S2,real_life,2024-10-25 14:01:37.998,2024-10-25 14:01:38.476,(-6.123466;-8.7624),(-5.626623;-21.205818),0.124533
647,AB,1,S2,real_life,2024-10-25 14:01:38.498,2024-10-25 14:01:39.003,(-5.626623;-21.205818),(-16.234594;-24.865261),0.112214
648,AB,1,S2,real_life,2024-10-25 14:01:39.026,2024-10-25 14:01:40.560,(-16.234594;-24.865261),(-20.833534;-8.738991),0.167692
649,AB,1,S2,real_life,2024-10-25 14:01:40.583,2024-10-25 14:01:41.060,(-20.833534;-8.738991),(-18.688564;6.214757),0.151068
650,AB,1,S2,real_life,2024-10-25 14:01:41.084,2024-10-25 14:01:43.112,(-18.688564;6.214757),(-7.957486;3.426812),0.110873
651,AB,1,S2,virtual_reality,2024-10-25 14:01:43.888,2024-10-25 14:01:44.053,(11861.754883;-17918.539062),(11800.928711;-17766.710938),1.635605
652,AB,1,S2,real_life,2024-10-25 14:01:43.133,2024-10-25 14:01:44.674,(0.0;0.0),(-17.420519;-16.56329),0.240378
653,AB,1,S2,real_life,2024-10-25 14:01:44.696,2024-10-25 14:01:46.339,(-17.420519;-16.56329),(-9.015381;-7.434106),0.124092
654,AB,1,S2,real_life,2024-10-25 14:01:46.363,2024-10-25 14:01:47.891,(-9.015381;-7.434106),(-5.193134;5.034683),0.130415
655,AB,1,S2,real_life,2024-10-25 14:01:47.914,2024-10-25 14:01:49.952,(-5.193134;5.034683),(-9.938168;14.69758),0.107651
656,AB,1,S2,real_life,2024-10-25 14:01:49.976,2024-10-25 14:01:50.464,(-9.938168;14.69758),(-12.945421;26.420525),0.121025
657,AB,1,S2,virtual_reality,2024-10-25 14:01:50.350,2024-10-25 14:01:50.601,(11813.539062;-17793.449219),(12043.801758;-18096.472656),3.805833
658,AB,1,S2,real_life,2024-10-25 14:01:50.488,2024-10-25 14:01:51.467,(0.0;0.0),(-4.110846;-12.860147),0.135012
659,AB,1,S2,real_life,2024-10-25 14:01:51.489,2024-10-25 14:02:23.869,(-4.110846;-12.860147),(5.027068;-17.276325),0.101491
660,AB,1,S2,real_life,2024-10-25 14:02:23.892,2024-10-25 14:02:35.673,(5.027068;-17.276325),(-5.186455;-10.541712),0.12234
661,AB,1,S2,real_life,2024-10-25 14:02:35.696,2024-10-25 14:02:45.450,(-5.186455;-10.541712),(2.177778;-21.334778),0.130661
662,AB,1,S2,real_life,2024-10-25 14:02:45.472,2024-10-25 14:02:46.495,(2.177778;-21.334778),(-0.021992;2.462143),0.238984
663,AB,1,S2,real_life,2024-10-25 14:02:46.520,2024-10-25 14:02:48.023,(-0.021992;2.462143),(-4.187195;-23.127537),0.259264
664,AB,1,S2,real_life,2024-10-25 14:02:48.046,2024-10-25 14:02:48.574,(-4.187195;-23.127537),(16.501402;-1.726379),0.297662
665,AB,1,S2,real_life,2024-10-25 14:02:48.597,2024-10-25 14:02:49.067,(16.501402;-1.726379),(13.576466;8.420242),0.105598
666,AB,1,S2,real_life,2024-10-25 14:02:49.090,2024-10-25 14:02:49.618,(13.576466;8.420242),(1.104504;11.573837),0.128645
667,AB,1,S2,real_life,2024-10-25 14:02:49.640,2024-10-25 14:02:52.190,(1.104504;11.573837),(5.439992;-12.899317),0.248542
668,AB,1,S2,real_life,2024-10-25 14:02:52.213,2024-10-25 14:02:53.734,(5.439992;-12.899317),(11.057148;5.568974),0.193036
669,AB,1,S2,real_life,2024-10-25 14:02:53.756,2024-10-25 14:02:54.231,(11.057148;5.568974),(-1.177446;7.860752),0.124474
670,AB,1,S2,virtual_reality,2024-10-25 14:02:54.310,2024-10-25 14:02:54.488,(12044.978516;-18104.332031),(12050.022461;-18215.894531),1.116754
671,AB,1,S2,real_life,2024-10-25 14:02:54.255,2024-10-25 14:02:58.291,(0.0;0.0),(20.94529;-4.294659),0.21381
