0,1,2,3,4,5,6,7,8,9,10
15,0,0,0,0,3,512,49,0,0,0
0,0,0,0,0,0,510,49,0,0,0
1,0,0,0,0,0,507,46,0,0,0
2,0,0,0,0,0,503,49,0,0,0
3,0,0,0,0,0,500,47,0,0,0
4,0,0,0,0,0,501,49,0,0,0
5,0,0,0,0,0,499,46,0,0,0
6,0,0,0,0,0,505,49,0,0,0
7,0,0,0,0,3,509,48,0,0,0
8,0,0,0,0,0,510,48,0,0,0
9,0,0,0,0,0,518,49,0,0,0
10,0,0,0,0,0,525,47,0,0,0
11,0,0,0,0,3,523,49,0,0,0
12,0,0,0,0,0,524,47,0,0,0
13,0,0,0,0,0,522,48,0,0,0
14,0,0,0,0,0,523,48,0,0,0
15,0,0,0,0,3,516,49,0,0,0
0,0,0,0,0,0,519,49,0,0,0
1,0,0,0,0,0,518,49,0,0,0
2,0,0,0,0,0,505,49,0,0,0
3,0,0,0,0,3,452,49,0,0,0
4,0,0,0,0,0,472,47,0,0,0
5,0,0,0,0,0,533,49,0,0,0
6,0,0,0,0,0,550,49,0,0,0
7,0,0,0,0,3,493,48,0,0,0
8,0,0,0,0,0,507,47,0,0,0
9,0,0,0,0,0,516,49,0,0,0
10,0,0,0,0,0,519,49,0,0,0
11,0,0,0,0,3,518,49,0,0,0
12,0,0,0,0,0,518,49,0,0,0
13,0,0,0,0,0,514,48,0,0,0
14,0,0,0,0,0,515,49,0,0,0
15,0,0,0,0,3,515,49,0,0,0
0,0,0,0,0,0,514,49,0,0,0
1,0,0,0,0,0,512,48,0,0,0
2,0,0,0,0,0,511,48,0,0,0
3,0,0,0,0,3,510,48,0,0,0
4,0,0,0,0,0,508,47,0,0,0
5,0,0,0,0,0,504,49,0,0,0
6,0,0,0,0,0,501,49,0,0,0
7,0,0,0,0,3,496,49,0,0,0
8,0,0,0,0,0,493,48,0,0,0
9,0,0,0,0,0,488,47,0,0,0
10,0,0,0,0,0,488,48,0,0,0
11,0,0,0,0,3,489,48,0,0,0
12,0,0,0,0,0,494,48,0,0,0
13,0,0,0,0,0,500,48,0,0,0
14,0,0,0,0,0,508,49,0,0,0
15,0,0,0,0,1,513,49,0,0,0
0,0,0,0,0,0,518,48,0,0,0
1,0,0,0,0,0,518,47,0,0,0
2,0,0,0,0,0,516,48,0,0,0
3,0,0,0,0,3,519,49,0,0,0
4,0,0,0,0,0,520,49,0,0,0
5,0,0,0,0,0,521,49,0,0,0
6,0,0,0,0,0,520,50,0,0,0
7,0,0,0,0,3,518,49,0,0,0
8,0,0,0,0,0,515,47,0,0,0
9,0,0,0,0,0,514,49,0,0,0
10,0,0,0,0,0,515,47,0,0,0
11,0,0,0,0,3,513,47,0,0,0
12,0,0,0,0,0,512,49,0,0,0
13,0,0,0,0,0,512,49,0,0,0
14,0,0,0,0,0,512,49,0,0,0
15,0,0,0,0,3,511,47,0,0,0
0,0,0,0,0,0,509,47,0,0,0
1,0,0,0,0,0,508,47,0,0,0
2,0,0,0,0,0,509,48,0,0,0
3,0,0,0,0,3,505,49,0,0,0
4,0,0,0,0,0,509,49,0,0,0
5,0,0,0,0,0,507,49,0,0,0
6,0,0,0,0,0,506,48,0,0,0
7,0,0,0,0,3,504,48,0,0,0
8,0,0,0,0,0,505,47,0,0,0
9,0,0,0,0,0,506,49,0,0,0
10,0,0,0,0,0,507,49,0,0,0
11,0,0,0,0,3,502,48,0,0,0
12,0,0,0,0,0,502,49,0,0,0
13,0,0,0,0,0,502,49,0,0,0
14,0,0,0,0,0,505,49,0,0,0
15,0,0,0,0,3,501,47,0,0,0
0,0,0,0,0,0,498,49,0,0,0
1,0,0,0,0,0,498,49,0,0,0
2,0,0,0,0,0,501,49,0,0,0
3,0,0,0,0,3,492,48,0,0,0
4,0,0,0,0,0,497,49,0,0,0
5,0,0,0,0,0,500,49,0,0,0
6,0,0,0,0,0,506,49,0,0,0
7,0,0,0,0,3,514,47,0,0,0
8,0,0,0,0,0,520,47,0,0,0
9,0,0,0,0,0,519,47,0,0,0
10,0,0,0,0,0,522,49,0,0,0
11,0,0,0,0,1,515,49,0,0,0
12,0,0,0,0,0,516,47,0,0,0
13,0,0,0,0,0,515,49,0,0,0
14,0,0,0,0,0,518,47,0,0,0
15,0,0,0,0,3,511,47,0,0,0
0,0,0,0,0,0,482,49,0,0,0
1,0,0,0,0,0,444,47,0,0,0
2,0,0,0,0,0,472,48,0,0,0
3,0,0,0,0,3,551,48,0,0,0
4,0,0,0,0,0,522,48,0,0,0
5,0,0,0,0,0,491,48,0,0,0
6,0,0,0,0,0,506,49,0,0,0
7,0,0,0,0,3,507,49,0,0,0
8,0,0,0,0,0,508,49,0,0,0
9,0,0,0,0,0,504,49,0,0,0
10,0,0,0,0,0,505,49,0,0,0
11,0,0,0,0,3,507,49,0,0,0
12,0,0,0,0,0,508,49,0,0,0
13,0,0,0,0,0,506,48,0,0,0
14,0,0,0,0,0,504,47,0,0,0
15,0,0,0,0,3,505,49,0,0,0
0,0,0,0,0,0,502,49,0,0,0
1,0,0,0,0,0,499,49,0,0,0
2,0,0,0,0,0,499,50,0,0,0
3,0,0,0,0,3,496,49,0,0,0
4,0,0,0,0,0,495,48,0,0,0
5,0,0,0,0,0,488,49,0,0,0
6,0,0,0,0,0,488,49,0,0,0
7,0,0,0,0,3,486,48,0,0,0
8,0,0,0,0,0,481,47,0,0,0
9,0,0,0,0,0,482,47,0,0,0
10,0,0,0,0,0,487,48,0,0,0
11,0,0,0,0,3,494,49,0,0,0
12,0,0,0,0,0,504,48,0,0,0
13,0,0,0,0,0,514,47,0,0,0
14,0,0,0,0,0,524,49,0,0,0
15,0,0,0,0,3,527,49,0,0,0
0,0,0,0,0,0,529,48,0,0,0
1,0,0,0,0,0,524,47,0,0,0
2,0,0,0,0,0,524,47,0,0,0
3,0,0,0,0,3,524,48,0,0,0
4,0,0,0,0,0,521,49,0,0,0
5,0,0,0,0,0,519,49,0,0,0
6,0,0,0,0,0,521,47,0,0,0
7,0,0,0,0,0,519,48,0,0,0
8,0,0,0,0,0,520,49,0,0,0
9,0,0,0,0,0,520,49,0,0,0
10,0,0,0,0,0,522,49,0,0,0
11,0,0,0,0,3,522,47,0,0,0
12,0,0,0,0,0,521,49,0,0,0
13,0,0,0,0,0,515,49,0,0,0
14,0,0,0,0,0,514,49,0,0,0
15,0,0,0,0,3,512,49,0,0,0
0,0,0,0,0,0,509,47,0,0,0
1,0,0,0,0,0,509,47,0,0,0
2,0,0,0,0,0,510,47,0,0,0
3,0,0,0,0,3,508,48,0,0,0
4,0,0,0,0,0,508,47,0,0,0
5,0,0,0,0,0,508,49,0,0,0
6,0,0,0,0,0,507,49,0,0,0
7,0,0,0,0,3,506,49,0,0,0
8,0,0,0,0,0,510,49,0,0,0
9,0,0,0,0,0,507,49,0,0,0
10,0,0,0,0,0,510,50,0,0,0
11,0,0,0,0,3,510,47,0,0,0
12,0,0,0,0,0,512,47,0,0,0
13,0,0,0,0,0,509,49,0,0,0
14,0,0,0,0,0,511,49,0,0,0
15,0,0,0,0,3,506,47,0,0,0
0,0,0,0,0,0,507,49,0,0,0
1,0,0,0,0,0,507,50,0,0,0
2,0,0,0,0,0,505,49,0,0,0
3,0,0,0,0,3,503,47,0,0,0
4,0,0,0,0,0,506,48,0,0,0
5,0,0,0,0,0,507,49,0,0,0
6,0,0,0,0,0,499,49,0,0,0
7,0,0,0,0,3,501,49,0,0,0
8,0,0,0,0,0,505,48,0,0,0
9,0,0,0,0,0,511,48,0,0,0
10,0,0,0,0,0,519,49,0,0,0
11,0,0,0,0,3,522,49,0,0,0
12,0,0,0,0,0,522,49,0,0,0
13,0,0,0,0,0,519,50,0,0,0
14,0,0,0,0,0,521,48,0,0,0
15,0,0,0,0,3,516,49,0,0,0
0,0,0,0,0,0,513,48,0,0,0
1,0,0,0,0,0,515,47,0,0,0
2,0,0,0,0,0,514,49,0,0,0
3,0,0,0,0,0,484,47,0,0,0
4,0,0,0,0,0,447,49,0,0,0
5,0,0,0,0,0,472,47,0,0,0
6,0,0,0,0,0,558,50,0,0,0
7,0,0,0,0,3,535,47,0,0,0
8,0,0,0,0,0,502,49,0,0,0
9,0,0,0,0,0,514,49,0,0,0
10,0,0,0,0,0,516,48,0,0,0
11,0,0,0,0,3,513,48,0,0,0
12,0,0,0,0,0,512,50,0,0,0
13,0,0,0,0,0,510,47,0,0,0
14,0,0,0,0,0,512,49,0,0,0
15,0,0,0,0,3,512,49,0,0,0
0,0,0,0,0,0,517,47,0,0,0
1,0,0,0,0,0,517,50,0,0,0
2,0,0,0,0,0,516,47,0,0,0
3,0,0,0,0,3,512,47,0,0,0
4,0,0,0,0,0,509,49,0,0,0
5,0,0,0,0,0,504,49,0,0,0
6,0,0,0,0,0,503,49,0,0,0
7,0,0,0,0,0,501,48,0,0,0
8,0,0,0,0,0,502,47,0,0,0
9,0,0,0,0,0,496,49,0,0,0
10,0,0,0,0,0,494,47,0,0,0
11,0,0,0,0,3,492,49,0,0,0
12,0,0,0,0,0,495,48,0,0,0
13,0,0,0,0,0,497,48,0,0,0
14,0,0,0,0,0,500,50,0,0,0
15,0,0,0,0,3,508,50,0,0,0
0,0,0,0,0,0,519,48,0,0,0
1,0,0,0,0,0,522,47,0,0,0
2,0,0,0,0,0,526,49,0,0,0
3,0,0,0,0,3,527,48,0,0,0
4,0,0,0,0,0,528,48,0,0,0
5,0,0,0,0,0,529,48,0,0,0
6,0,0,0,0,0,531,47,0,0,0
7,0,0,0,0,3,527,47,0,0,0
8,0,0,0,0,0,530,49,0,0,0
9,0,0,0,0,0,522,49,0,0,0
10,0,0,0,0,0,520,50,0,0,0
11,0,0,0,0,3,516,48,0,0,0
12,0,0,0,0,0,515,47,0,0,0
13,0,0,0,0,0,511,47,0,0,0
14,0,0,0,0,0,510,48,0,0,0
15,0,0,0,0,3,514,49,0,0,0
0,0,0,0,0,0,512,47,0,0,0
1,0,0,0,0,0,513,48,0,0,0
2,0,0,0,0,0,512,49,0,0,0
3,0,0,0,0,3,513,50,0,0,0
4,0,0,0,0,0,515,49,0,0,0
5,0,0,0,0,0,518,50,0,0,0
6,0,0,0,0,0,520,49,0,0,0
7,0,0,0,0,3,523,48,0,0,0
8,0,0,0,0,0,526,49,0,0,0
9,0,0,0,0,0,520,49,0,0,0
10,0,0,0,0,0,521,48,0,0,0
11,0,0,0,0,3,519,48,0,0,0
12,0,0,0,0,0,520,49,0,0,0
13,0,0,0,0,0,519,48,0,0,0
14,0,0,0,0,0,519,47,0,0,0
15,0,0,0,0,3,514,48,0,0,0
0,0,0,0,0,0,511,49,0,0,0
1,0,0,0,0,0,509,49,0,0,0
2,0,0,0,0,0,513,48,0,0,0
3,0,0,0,0,0,512,48,0,0,0
4,0,0,0,0,0,514,49,0,0,0
5,0,0,0,0,0,516,50,0,0,0
6,0,0,0,0,0,519,50,0,0,0
7,0,0,0,0,3,517,49,0,0,0
8,0,0,0,0,0,517,48,0,0,0
9,0,0,0,0,0,514,49,0,0,0
10,0,0,0,0,0,514,50,0,0,0
11,0,0,0,0,3,512,49,0,0,0
12,0,0,0,0,0,506,50,0,0,0
13,0,0,0,0,0,501,50,0,0,0
14,0,0,0,0,0,504,50,0,0,0
15,0,0,0,0,3,495,49,0,0,0
0,0,0,0,0,0,499,48,0,0,0
1,0,0,0,0,0,500,47,0,0,0
2,0,0,0,0,0,505,47,0,0,0
3,0,0,0,0,3,513,49,0,0,0
4,0,0,0,0,0,518,50,0,0,0
5,0,0,0,0,0,514,50,0,0,0
6,0,0,0,0,0,514,49,0,0,0
7,0,0,0,0,3,511,47,0,0,0
8,0,0,0,0,0,511,49,0,0,0
9,0,0,0,0,0,511,50,0,0,0
10,0,0,0,0,0,513,49,0,0,0
11,0,0,0,0,3,511,47,0,0,0
12,0,0,0,0,0,478,50,0,0,0
13,0,0,0,0,0,437,49,0,0,0
14,0,0,0,0,0,475,49,0,0,0
15,0,0,0,0,3,557,48,0,0,0
0,0,0,0,0,0,526,50,0,0,0
1,0,0,0,0,0,499,49,0,0,0
2,0,0,0,0,0,516,49,0,0,0
3,0,0,0,0,3,518,50,0,0,0
4,0,0,0,0,0,521,48,0,0,0
5,0,0,0,0,0,517,48,0,0,0
6,0,0,0,0,0,516,48,0,0,0
7,0,0,0,0,3,513,48,0,0,0
8,0,0,0,0,0,513,50,0,0,0
9,0,0,0,0,0,511,49,0,0,0
10,0,0,0,0,0,511,48,0,0,0
11,0,0,0,0,3,510,50,0,0,0
12,0,0,0,0,0,511,50,0,0,0
13,0,0,0,0,0,508,49,0,0,0
14,0,0,0,0,0,507,48,0,0,0
15,0,0,0,0,0,503,50,0,0,0
0,0,0,0,0,0,502,47,0,0,0
1,0,0,0,0,0,501,48,0,0,0
2,0,0,0,0,0,498,48,0,0,0
3,0,0,0,0,3,494,47,0,0,0
4,0,0,0,0,0,500,50,0,0,0
5,0,0,0,0,0,501,49,0,0,0
6,0,0,0,0,0,501,49,0,0,0
7,0,0,0,0,3,505,50,0,0,0
8,0,0,0,0,0,515,48,0,0,0
9,0,0,0,0,0,524,50,0,0,0
10,0,0,0,0,0,531,50,0,0,0
11,0,0,0,0,3,536,47,0,0,0
12,0,0,0,0,0,539,50,0,0,0
13,0,0,0,0,0,535,49,0,0,0
14,0,0,0,0,0,534,48,0,0,0
15,0,0,0,0,3,531,50,0,0,0
0,0,0,0,0,0,535,50,0,0,0
1,0,0,0,0,0,530,47,0,0,0
2,0,0,0,0,0,529,48,0,0,0
3,0,0,0,0,3,526,50,0,0,0
4,0,0,0,0,0,525,50,0,0,0
5,0,0,0,0,0,520,48,0,0,0
6,0,0,0,0,0,519,50,0,0,0
7,0,0,0,0,3,518,51,0,0,0
8,0,0,0,0,0,518,49,0,0,0
9,0,0,0,0,0,516,50,0,0,0
10,0,0,0,0,0,515,49,0,0,0
11,0,0,0,0,3,516,50,0,0,0
12,0,0,0,0,0,515,50,0,0,0
13,0,0,0,0,0,514,49,0,0,0
14,0,0,0,0,0,516,49,0,0,0
15,0,0,0,0,3,515,49,0,0,0
0,0,0,0,0,0,515,50,0,0,0
1,0,0,0,0,0,511,50,0,0,0
2,0,0,0,0,0,510,50,0,0,0
3,0,0,0,0,3,507,49,0,0,0
4,0,0,0,0,0,506,48,0,0,0
5,0,0,0,0,0,504,48,0,0,0
6,0,0,0,0,0,504,48,0,0,0
7,0,0,0,0,3,502,48,0,0,0
8,0,0,0,0,0,501,48,0,0,0
9,0,0,0,0,0,499,47,0,0,0
10,0,0,0,0,0,503,48,0,0,0
11,0,0,0,0,0,502,50,0,0,0
12,0,0,0,0,0,503,49,0,0,0
13,0,0,0,0,0,500,48,0,0,0
14,0,0,0,0,0,499,49,0,0,0
15,0,0,0,0,3,497,48,0,0,0
0,0,0,0,0,0,502,49,0,0,0
1,0,0,0,0,0,500,48,0,0,0
2,0,0,0,0,0,504,48,0,0,0
3,0,0,0,0,3,504,48,0,0,0
4,0,0,0,0,0,509,47,0,0,0
5,0,0,0,0,0,506,47,0,0,0
6,0,0,0,0,0,509,48,0,0,0
7,0,0,0,0,3,503,47,0,0,0
8,0,0,0,0,0,504,48,0,0,0
9,0,0,0,0,0,503,47,0,0,0
10,0,0,0,0,0,496,49,0,0,0
11,0,0,0,0,3,496,49,0,0,0
12,0,0,0,0,0,503,50,0,0,0
13,0,0,0,0,0,504,50,0,0,0
14,0,0,0,0,0,515,50,0,0,0
15,0,0,0,0,3,519,49,0,0,0
0,0,0,0,0,0,519,50,0,0,0
1,0,0,0,0,0,519,48,0,0,0
2,0,0,0,0,0,520,49,0,0,0
3,0,0,0,0,3,515,49,0,0,0
4,0,0,0,0,0,514,50,0,0,0
5,0,0,0,0,0,512,51,0,0,0
6,0,0,0,0,0,517,50,0,0,0
7,0,0,0,0,3,493,48,0,0,0
8,0,0,0,0,0,439,49,0,0,0
9,0,0,0,0,0,456,50,0,0,0
10,0,0,0,0,0,549,50,0,0,0
11,0,0,0,0,3,549,49,0,0,0
12,0,0,0,0,0,504,48,0,0,0
13,0,0,0,0,0,517,49,0,0,0
14,0,0,0,0,0,521,50,0,0,0
15,0,0,0,0,3,522,50,0,0,0
0,0,0,0,0,0,522,48,0,0,0
1,0,0,0,0,0,521,48,0,0,0
2,0,0,0,0,0,519,49,0,0,0
3,0,0,0,0,3,515,49,0,0,0
4,0,0,0,0,0,509,48,0,0,0
5,0,0,0,0,0,507,48,0,0,0
6,0,0,0,0,0,507,48,0,0,0
7,0,0,0,0,1,508,49,0,0,0
8,0,0,0,0,0,508,50,0,0,0
9,0,0,0,0,0,506,49,0,0,0
10,0,0,0,0,0,505,48,0,0,0
11,0,0,0,0,3,499,48,0,0,0
12,0,0,0,0,0,497,48,0,0,0
13,0,0,0,0,0,493,50,0,0,0
14,0,0,0,0,0,495,48,0,0,0
15,0,0,0,0,3,492,50,0,0,0
0,0,0,0,0,0,493,50,0,0,0
1,0,0,0,0,0,496,50,0,0,0
2,0,0,0,0,0,501,51,0,0,0
3,0,0,0,0,3,507,49,0,0,0
4,0,0,0,0,0,516,48,0,0,0
5,0,0,0,0,0,522,49,0,0,0
6,0,0,0,0,0,527,50,0,0,0
7,0,0,0,0,3,528,48,0,0,0
8,0,0,0,0,0,527,50,0,0,0
9,0,0,0,0,0,528,49,0,0,0
10,0,0,0,0,0,524,49,0,0,0
11,0,0,0,0,3,521,48,0,0,0
12,0,0,0,0,0,521,48,0,0,0
13,0,0,0,0,0,522,49,0,0,0
14,0,0,0,0,0,521,50,0,0,0
15,0,0,0,0,3,515,50,0,0,0
0,0,0,0,0,0,513,51,0,0,0
1,0,0,0,0,0,510,48,0,0,0
2,0,0,0,0,0,512,48,0,0,0
3,0,0,0,0,3,508,50,0,0,0
4,0,0,0,0,0,510,48,0,0,0
5,0,0,0,0,0,505,51,0,0,0
6,0,0,0,0,0,507,49,0,0,0
7,0,0,0,0,3,507,49,0,0,0
8,0,0,0,0,0,511,50,0,0,0
9,0,0,0,0,0,509,50,0,0,0
10,0,0,0,0,0,510,51,0,0,0
11,0,0,0,0,3,506,49,0,0,0
12,0,0,0,0,0,504,48,0,0,0
13,0,0,0,0,0,504,48,0,0,0
14,0,0,0,0,0,508,48,0,0,0
15,0,0,0,0,3,507,48,0,0,0
0,0,0,0,0,0,513,48,0,0,0
1,0,0,0,0,0,513,48,0,0,0
2,0,0,0,0,0,514,48,0,0,0
3,0,0,0,0,0,510,48,0,0,0
4,0,0,0,0,0,513,48,0,0,0
5,0,0,0,0,0,509,49,0,0,0
6,0,0,0,0,0,510,50,0,0,0
7,0,0,0,0,3,509,50,0,0,0
8,0,0,0,0,0,511,49,0,0,0
9,0,0,0,0,0,513,50,0,0,0
10,0,0,0,0,0,514,51,0,0,0
11,0,0,0,0,3,513,48,0,0,0
12,0,0,0,0,0,515,50,0,0,0
13,0,0,0,0,0,516,49,0,0,0
14,0,0,0,0,0,519,48,0,0,0
15,0,0,0,0,3,514,51,0,0,0
0,0,0,0,0,0,520,48,0,0,0
1,0,0,0,0,0,516,51,0,0,0
2,0,0,0,0,0,517,48,0,0,0
3,0,0,0,0,3,507,50,0,0,0
4,0,0,0,0,0,506,50,0,0,0
5,0,0,0,0,0,504,50,0,0,0
6,0,0,0,0,0,500,49,0,0,0
7,0,0,0,0,3,505,49,0,0,0
8,0,0,0,0,0,507,48,0,0,0
9,0,0,0,0,0,510,50,0,0,0
10,0,0,0,0,0,520,51,0,0,0
11,0,0,0,0,3,526,50,0,0,0
12,0,0,0,0,0,525,49,0,0,0
13,0,0,0,0,0,520,48,0,0,0
14,0,0,0,0,0,525,50,0,0,0
15,0,0,0,0,3,521,49,0,0,0
0,0,0,0,0,0,516,49,0,0,0
1,0,0,0,0,0,519,50,0,0,0
2,0,0,0,0,0,516,50,0,0,0
3,0,0,0,0,3,459,49,0,0,0
4,0,0,0,0,0,430,48,0,0,0
5,0,0,0,0,0,490,50,0,0,0
6,0,0,0,0,0,582,51,0,0,0
7,0,0,0,0,3,516,51,0,0,0
8,0,0,0,0,0,507,51,0,0,0
9,0,0,0,0,0,518,51,0,0,0
10,0,0,0,0,0,523,51,0,0,0
11,0,0,0,0,3,519,51,0,0,0
12,0,0,0,0,0,525,49,0,0,0
13,0,0,0,0,0,522,48,0,0,0
14,0,0,0,0,0,520,48,0,0,0
15,0,0,0,0,0,516,50,0,0,0
0,0,0,0,0,0,515,50,0,0,0
1,0,0,0,0,0,509,50,0,0,0
2,0,0,0,0,0,508,50,0,0,0
3,0,0,0,0,3,504,48,0,0,0
4,0,0,0,0,0,503,48,0,0,0
5,0,0,0,0,0,502,48,0,0,0
6,0,0,0,0,0,503,50,0,0,0
7,0,0,0,0,3,499,48,0,0,0
8,0,0,0,0,0,498,48,0,0,0
9,0,0,0,0,0,491,50,0,0,0
10,0,0,0,0,0,489,50,0,0,0
11,0,0,0,0,3,486,49,0,0,0
12,0,0,0,0,0,488,51,0,0,0
13,0,0,0,0,0,489,50,0,0,0
14,0,0,0,0,0,499,48,0,0,0
15,0,0,0,0,3,508,50,0,0,0
0,0,0,0,0,0,518,50,0,0,0
1,0,0,0,0,0,526,48,0,0,0
2,0,0,0,0,0,530,49,0,0,0
3,0,0,0,0,1,526,48,0,0,0
4,0,0,0,0,0,531,48,0,0,0
5,0,0,0,0,0,527,49,0,0,0
6,0,0,0,0,0,527,50,0,0,0
7,0,0,0,0,3,527,51,0,0,0
8,0,0,0,0,0,526,50,0,0,0
9,0,0,0,0,0,522,50,0,0,0
10,0,0,0,0,0,520,51,0,0,0
11,0,0,0,0,3,515,51,0,0,0
12,0,0,0,0,0,513,50,0,0,0
13,0,0,0,0,0,507,49,0,0,0
14,0,0,0,0,0,507,49,0,0,0
15,0,0,0,0,3,501,48,0,0,0
0,0,0,0,0,0,503,48,0,0,0
1,0,0,0,0,0,505,48,0,0,0
2,0,0,0,0,0,509,48,0,0,0
3,0,0,0,0,3,506,49,0,0,0
4,0,0,0,0,0,507,51,0,0,0
5,0,0,0,0,0,506,51,0,0,0
6,0,0,0,0,0,506,48,0,0,0
7,0,0,0,0,3,504,51,0,0,0
8,0,0,0,0,0,510,48,0,0,0
9,0,0,0,0,0,508,48,0,0,0
10,0,0,0,0,0,506,50,0,0,0
11,0,0,0,0,3,500,50,0,0,0
12,0,0,0,0,0,501,50,0,0,0
13,0,0,0,0,0,501,48,0,0,0
14,0,0,0,0,0,505,49,0,0,0
15,0,0,0,0,3,504,49,0,0,0
0,0,0,0,0,0,508,50,0,0,0
1,0,0,0,0,0,507,50,0,0,0
2,0,0,0,0,0,510,50,0,0,0
3,0,0,0,0,3,510,49,0,0,0
4,0,0,0,0,0,512,49,0,0,0
5,0,0,0,0,0,511,50,0,0,0
6,0,0,0,0,0,512,49,0,0,0
7,0,0,0,0,3,512,49,0,0,0
8,0,0,0,0,0,516,50,0,0,0
9,0,0,0,0,0,510,50,0,0,0
10,0,0,0,0,0,509,51,0,0,0
11,0,0,0,0,3,503,51,0,0,0
12,0,0,0,0,0,497,48,0,0,0
13,0,0,0,0,0,503,48,0,0,0
14,0,0,0,0,0,502,50,0,0,0
15,0,0,0,0,0,507,50,0,0,0
0,0,0,0,0,0,517,51,0,0,0
1,0,0,0,0,0,523,51,0,0,0
2,0,0,0,0,0,524,51,0,0,0
3,0,0,0,0,3,521,51,0,0,0
4,0,0,0,0,0,518,50,0,0,0
5,0,0,0,0,0,514,49,0,0,0
6,0,0,0,0,0,515,49,0,0,0
7,0,0,0,0,3,515,50,0,0,0
8,0,0,0,0,0,512,51,0,0,0
9,0,0,0,0,0,461,51,0,0,0
10,0,0,0,0,0,446,51,0,0,0
11,0,0,0,0,3,496,51,0,0,0
12,0,0,0,0,0,582,48,0,0,0
13,0,0,0,0,0,517,48,0,0,0
14,0,0,0,0,0,498,49,0,0,0
15,0,0,0,0,3,510,49,0,0,0
0,0,0,0,0,0,514,49,0,0,0
1,0,0,0,0,0,510,50,0,0,0
2,0,0,0,0,0,510,51,0,0,0
3,0,0,0,0,3,511,49,0,0,0
4,0,0,0,0,0,516,48,0,0,0
5,0,0,0,0,0,513,48,0,0,0
6,0,0,0,0,0,515,50,0,0,0
7,0,0,0,0,3,511,51,0,0,0
8,0,0,0,0,0,511,50,0,0,0
9,0,0,0,0,0,507,48,0,0,0
10,0,0,0,0,0,509,49,0,0,0
11,0,0,0,0,3,504,51,0,0,0
12,0,0,0,0,0,501,51,0,0,0
13,0,0,0,0,0,499,51,0,0,0
14,0,0,0,0,0,493,51,0,0,0
15,0,0,0,0,3,484,50,0,0,0
0,0,0,0,0,0,488,50,0,0,0
1,0,0,0,0,0,485,48,0,0,0
2,0,0,0,0,0,488,50,0,0,0
3,0,0,0,0,3,492,49,0,0,0
4,0,0,0,0,0,498,49,0,0,0
5,0,0,0,0,0,503,51,0,0,0
6,0,0,0,0,0,511,51,0,0,0
7,0,0,0,0,3,516,51,0,0,0
8,0,0,0,0,0,520,50,0,0,0
9,0,0,0,0,0,520,48,0,0,0
10,0,0,0,0,0,521,49,0,0,0
11,0,0,0,0,0,518,51,0,0,0
12,0,0,0,0,0,516,51,0,0,0
13,0,0,0,0,0,511,51,0,0,0
14,0,0,0,0,0,511,50,0,0,0
15,0,0,0,0,3,506,49,0,0,0
0,0,0,0,0,0,506,50,0,0,0
1,0,0,0,0,0,502,48,0,0,0
2,0,0,0,0,0,502,49,0,0,0
3,0,0,0,0,3,501,49,0,0,0
4,0,0,0,0,0,503,49,0,0,0
5,0,0,0,0,0,499,49,0,0,0
6,0,0,0,0,0,500,51,0,0,0
7,0,0,0,0,3,497,51,0,0,0
8,0,0,0,0,0,502,51,0,0,0
9,0,0,0,0,0,502,51,0,0,0
10,0,0,0,0,0,504,50,0,0,0
11,0,0,0,0,3,506,49,0,0,0
12,0,0,0,0,0,505,50,0,0,0
13,0,0,0,0,0,504,51,0,0,0
14,0,0,0,0,0,506,51,0,0,0
15,0,0,0,0,3,508,51,0,0,0
0,0,0,0,0,0,511,51,0,0,0
1,0,0,0,0,0,509,50,0,0,0
2,0,0,0,0,0,506,48,0,0,0
3,0,0,0,0,3,502,50,0,0,0
4,0,0,0,0,0,506,51,0,0,0
5,0,0,0,0,0,504,51,0,0,0
6,0,0,0,0,0,506,51,0,0,0
7,0,0,0,0,3,502,51,0,0,0
8,0,0,0,0,0,504,49,0,0,0
9,0,0,0,0,0,501,50,0,0,0
10,0,0,0,0,0,502,51,0,0,0
11,0,0,0,0,3,497,51,0,0,0
12,0,0,0,0,0,500,49,0,0,0
13,0,0,0,0,0,499,51,0,0,0
14,0,0,0,0,0,501,51,0,0,0
15,0,0,0,0,3,507,49,0,0,0
0,0,0,0,0,0,519,49,0,0,0
1,0,0,0,0,0,516,51,0,0,0
2,0,0,0,0,0,516,51,0,0,0
3,0,0,0,0,3,515,51,0,0,0
4,0,0,0,0,0,515,49,0,0,0
5,0,0,0,0,0,513,48,0,0,0
6,0,0,0,0,0,515,51,0,0,0
7,0,0,0,0,0,513,51,0,0,0
8,0,0,0,0,0,496,49,0,0,0
9,0,0,0,0,0,448,48,0,0,0
10,0,0,0,0,0,478,49,0,0,0
11,0,0,0,0,3,546,48,0,0,0
12,0,0,0,0,0,546,50,0,0,0
13,0,0,0,0,0,496,51,0,0,0
14,0,0,0,0,0,505,50,0,0,0
15,0,0,0,0,3,512,51,0,0,0
0,0,0,0,0,0,513,51,0,0,0
1,0,0,0,0,0,509,49,0,0,0
2,0,0,0,0,0,511,51,0,0,0
3,0,0,0,0,3,510,52,0,0,0
4,0,0,0,0,0,508,51,0,0,0
5,0,0,0,0,0,505,49,0,0,0
6,0,0,0,0,0,503,51,0,0,0
7,0,0,0,0,3,496,51,0,0,0
8,0,0,0,0,0,500,51,0,0,0
9,0,0,0,0,0,501,50,0,0,0
10,0,0,0,0,0,499,49,0,0,0
11,0,0,0,0,3,496,50,0,0,0
12,0,0,0,0,0,496,51,0,0,0
13,0,0,0,0,0,490,51,0,0,0
14,0,0,0,0,0,489,49,0,0,0
15,0,0,0,0,3,491,51,0,0,0
0,0,0,0,0,0,492,51,0,0,0
1,0,0,0,0,0,490,49,0,0,0
2,0,0,0,0,0,495,51,0,0,0
3,0,0,0,0,3,499,51,0,0,0
4,0,0,0,0,0,505,51,0,0,0
5,0,0,0,0,0,513,51,0,0,0
6,0,0,0,0,0,523,51,0,0,0
7,0,0,0,0,3,526,51,0,0,0
8,0,0,0,0,0,531,50,0,0,0
9,0,0,0,0,0,529,51,0,0,0
10,0,0,0,0,0,530,51,0,0,0
11,0,0,0,0,3,527,51,0,0,0
12,0,0,0,0,0,525,49,0,0,0
13,0,0,0,0,0,521,49,0,0,0
14,0,0,0,0,0,520,50,0,0,0
15,0,0,0,0,3,516,51,0,0,0
0,0,0,0,0,0,517,51,0,0,0
1,0,0,0,0,0,515,49,0,0,0
2,0,0,0,0,0,517,51,0,0,0
3,0,0,0,0,1,516,51,0,0,0
4,0,0,0,0,0,520,51,0,0,0
5,0,0,0,0,0,518,49,0,0,0
6,0,0,0,0,0,517,51,0,0,0
7,0,0,0,0,3,513,52,0,0,0
8,0,0,0,0,0,514,49,0,0,0
9,0,0,0,0,0,510,50,0,0,0
10,0,0,0,0,0,512,51,0,0,0
11,0,0,0,0,3,512,51,0,0,0
12,0,0,0,0,0,515,51,0,0,0
13,0,0,0,0,0,518,51,0,0,0
14,0,0,0,0,0,521,51,0,0,0
15,0,0,0,0,3,517,52,0,0,0
0,0,0,0,0,0,521,51,0,0,0
1,0,0,0,0,0,516,49,0,0,0
2,0,0,0,0,0,517,50,0,0,0
3,0,0,0,0,3,515,51,0,0,0
4,0,0,0,0,0,513,51,0,0,0
5,0,0,0,0,0,507,49,0,0,0
6,0,0,0,0,0,503,49,0,0,0
7,0,0,0,0,3,498,51,0,0,0
8,0,0,0,0,0,491,51,0,0,0
9,0,0,0,0,0,488,52,0,0,0
10,0,0,0,0,0,491,51,0,0,0
11,0,0,0,0,3,492,49,0,0,0
12,0,0,0,0,0,504,51,0,0,0
13,0,0,0,0,0,509,52,0,0,0
14,0,0,0,0,0,513,52,0,0,0
15,0,0,0,0,3,510,52,0,0,0
0,0,0,0,0,0,511,51,0,0,0
1,0,0,0,0,0,510,50,0,0,0
2,0,0,0,0,0,511,50,0,0,0
3,0,0,0,0,3,509,52,0,0,0
4,0,0,0,0,0,510,50,0,0,0
5,0,0,0,0,0,487,50,0,0,0
6,0,0,0,0,0,446,49,0,0,0
7,0,0,0,0,3,472,52,0,0,0
8,0,0,0,0,0,548,50,0,0,0
9,0,0,0,0,0,536,52,0,0,0
10,0,0,0,0,0,493,50,0,0,0
11,0,0,0,0,3,505,50,0,0,0
12,0,0,0,0,0,518,52,0,0,0
13,0,0,0,0,0,516,52,0,0,0
14,0,0,0,0,0,516,51,0,0,0
15,0,0,0,0,1,511,52,0,0,0
0,0,0,0,0,0,513,51,0,0,0
1,0,0,0,0,0,512,49,0,0,0
2,0,0,0,0,0,517,52,0,0,0
3,0,0,0,0,3,515,52,0,0,0
4,0,0,0,0,0,513,51,0,0,0
5,0,0,0,0,0,508,52,0,0,0
6,0,0,0,0,0,508,50,0,0,0
7,0,0,0,0,3,504,52,0,0,0
8,0,0,0,0,0,506,52,0,0,0
9,0,0,0,0,0,500,51,0,0,0
10,0,0,0,0,0,496,50,0,0,0
11,0,0,0,0,3,491,52,0,0,0
12,0,0,0,0,0,493,52,0,0,0
13,0,0,0,0,0,488,51,0,0,0
14,0,0,0,0,0,494,50,0,0,0
15,0,0,0,0,3,494,51,0,0,0
0,0,0,0,0,0,500,52,0,0,0
1,0,0,0,0,0,506,51,0,0,0
2,0,0,0,0,0,513,51,0,0,0
3,0,0,0,0,3,520,52,0,0,0
4,0,0,0,0,0,524,53,0,0,0
5,0,0,0,0,0,524,51,0,0,0
6,0,0,0,0,0,526,51,0,0,0
7,0,0,0,0,3,521,52,0,0,0
8,0,0,0,0,0,519,52,0,0,0
9,0,0,0,0,0,516,53,0,0,0
10,0,0,0,0,0,518,52,0,0,0
11,0,0,0,0,3,513,52,0,0,0
12,0,0,0,0,0,512,52,0,0,0
13,0,0,0,0,0,509,52,0,0,0
14,0,0,0,0,0,511,51,0,0,0
15,0,0,0,0,3,505,51,0,0,0
0,0,0,0,0,0,511,53,0,0,0
1,0,0,0,0,0,508,53,0,0,0
2,0,0,0,0,0,511,50,0,0,0
3,0,0,0,0,3,512,52,0,0,0
4,0,0,0,0,0,511,52,0,0,0
5,0,0,0,0,0,508,52,0,0,0
6,0,0,0,0,0,508,50,0,0,0
7,0,0,0,0,3,505,52,0,0,0
8,0,0,0,0,0,512,53,0,0,0
9,0,0,0,0,0,509,51,0,0,0
10,0,0,0,0,0,511,51,0,0,0
11,0,0,0,0,1,510,53,0,0,0
12,0,0,0,0,0,512,52,0,0,0
13,0,0,0,0,0,509,50,0,0,0
14,0,0,0,0,0,511,52,0,0,0
15,0,0,0,0,3,508,53,0,0,0
0,0,0,0,0,0,507,53,0,0,0
1,0,0,0,0,0,502,51,0,0,0
2,0,0,0,0,0,500,50,0,0,0
3,0,0,0,0,3,501,50,0,0,0
4,0,0,0,0,0,502,50,0,0,0
5,0,0,0,0,0,493,50,0,0,0
6,0,0,0,0,0,498,50,0,0,0
7,0,0,0,0,3,498,53,0,0,0
8,0,0,0,0,0,502,53,0,0,0
9,0,0,0,0,0,508,52,0,0,0
10,0,0,0,0,0,515,50,0,0,0
11,0,0,0,0,3,514,53,0,0,0
12,0,0,0,0,0,517,52,0,0,0
13,0,0,0,0,0,512,51,0,0,0
14,0,0,0,0,0,517,51,0,0,0
15,0,0,0,0,1,507,51,0,0,0
0,0,0,0,0,0,512,52,0,0,0
1,0,0,0,0,0,506,51,0,0,0
2,0,0,0,0,0,479,53,0,0,0
3,0,0,0,0,3,434,52,0,0,0
4,0,0,0,0,0,465,51,0,0,0
5,0,0,0,0,0,546,50,0,0,0
6,0,0,0,0,0,528,54,0,0,0
7,0,0,0,0,3,488,53,0,0,0
8,0,0,0,0,0,506,51,0,0,0
9,0,0,0,0,0,506,53,0,0,0
10,0,0,0,0,0,508,53,0,0,0
11,0,0,0,0,3,508,53,0,0,0
12,0,0,0,0,0,511,53,0,0,0
13,0,0,0,0,0,506,53,0,0,0
14,0,0,0,0,0,508,54,0,0,0
15,0,0,0,0,3,506,52,0,0,0
0,0,0,0,0,0,508,53,0,0,0
1,0,0,0,0,0,501,54,0,0,0
2,0,0,0,0,0,502,51,0,0,0
3,0,0,0,0,3,500,52,0,0,0
4,0,0,0,0,0,500,51,0,0,0
5,0,0,0,0,0,497,51,0,0,0
6,0,0,0,0,0,498,52,0,0,0
7,0,0,0,0,3,491,53,0,0,0
8,0,0,0,0,0,487,52,0,0,0
9,0,0,0,0,0,486,54,0,0,0
10,0,0,0,0,0,491,51,0,0,0
11,0,0,0,0,3,494,54,0,0,0
12,0,0,0,0,0,499,52,0,0,0
13,0,0,0,0,0,502,54,0,0,0
14,0,0,0,0,0,512,54,0,0,0
15,0,0,0,0,3,517,52,0,0,0
0,0,0,0,0,0,527,51,0,0,0
1,0,0,0,0,0,528,51,0,0,0
2,0,0,0,0,0,533,51,0,0,0
3,0,0,0,0,3,532,53,0,0,0
4,0,0,0,0,0,533,54,0,0,0
5,0,0,0,0,0,528,53,0,0,0
6,0,0,0,0,0,530,54,0,0,0
7,0,0,0,0,3,526,54,0,0,0
8,0,0,0,0,0,523,51,0,0,0
9,0,0,0,0,0,520,53,0,0,0
10,0,0,0,0,0,520,54,0,0,0
11,0,0,0,0,0,516,51,0,0,0
12,0,0,0,0,0,514,52,0,0,0
13,0,0,0,0,0,510,51,0,0,0
14,0,0,0,0,0,515,54,0,0,0
15,0,0,0,0,3,512,54,0,0,0
0,0,0,0,0,0,513,53,0,0,0
1,0,0,0,0,0,512,53,0,0,0
2,0,0,0,0,0,512,52,0,0,0
3,0,0,0,0,3,508,52,0,0,0
4,0,0,0,0,0,509,54,0,0,0
5,0,0,0,0,0,505,54,0,0,0
6,0,0,0,0,0,504,54,0,0,0
7,0,0,0,0,3,498,51,0,0,0
8,0,0,0,0,0,499,52,0,0,0
9,0,0,0,0,0,496,54,0,0,0
10,0,0,0,0,0,502,54,0,0,0
11,0,0,0,0,3,500,54,0,0,0
12,0,0,0,0,0,505,52,0,0,0
13,0,0,0,0,0,506,54,0,0,0
14,0,0,0,0,0,511,54,0,0,0
15,0,0,0,0,3,504,51,0,0,0
0,0,0,0,0,0,502,51,0,0,0
1,0,0,0,0,0,500,52,0,0,0
2,0,0,0,0,0,498,52,0,0,0
3,0,0,0,0,3,493,51,0,0,0
4,0,0,0,0,0,499,54,0,0,0
5,0,0,0,0,0,499,54,0,0,0
6,0,0,0,0,0,511,54,0,0,0
7,0,0,0,0,3,522,54,0,0,0
8,0,0,0,0,0,531,52,0,0,0
9,0,0,0,0,0,530,54,0,0,0
10,0,0,0,0,0,528,54,0,0,0
11,0,0,0,0,3,520,53,0,0,0
12,0,0,0,0,0,522,54,0,0,0
13,0,0,0,0,0,519,53,0,0,0
14,0,0,0,0,0,524,52,0,0,0
15,0,0,0,0,3,507,53,0,0,0
0,0,0,0,0,0,451,52,0,0,0
1,0,0,0,0,0,446,52,0,0,0
2,0,0,0,0,0,523,52,0,0,0
3,0,0,0,0,3,577,53,0,0,0
4,0,0,0,0,0,518,55,0,0,0
5,0,0,0,0,0,521,55,0,0,0
6,0,0,0,0,0,528,53,0,0,0
7,0,0,0,0,1,526,51,0,0,0
8,0,0,0,0,0,524,54,0,0,0
9,0,0,0,0,0,518,54,0,0,0
10,0,0,0,0,0,515,54,0,0,0
11,0,0,0,0,3,512,52,0,0,0
12,0,0,0,0,0,513,52,0,0,0
13,0,0,0,0,0,506,54,0,0,0
14,0,0,0,0,0,506,53,0,0,0
15,0,0,0,0,3,505,54,0,0,0
0,0,0,0,0,0,505,54,0,0,0
1,0,0,0,0,0,504,55,0,0,0
2,0,0,0,0,0,502,55,0,0,0
3,0,0,0,0,3,497,52,0,0,0
4,0,0,0,0,0,494,53,0,0,0
5,0,0,0,0,0,490,55,0,0,0
6,0,0,0,0,0,492,53,0,0,0
7,0,0,0,0,3,491,52,0,0,0
8,0,0,0,0,0,494,52,0,0,0
9,0,0,0,0,0,498,52,0,0,0
10,0,0,0,0,0,505,54,0,0,0
11,0,0,0,0,3,511,53,0,0,0
12,0,0,0,0,0,523,52,0,0,0
13,0,0,0,0,0,528,52,0,0,0
14,0,0,0,0,0,540,55,0,0,0
15,0,0,0,0,3,542,55,0,0,0
0,0,0,0,0,0,543,53,0,0,0
1,0,0,0,0,0,534,52,0,0,0
2,0,0,0,0,0,535,53,0,0,0
3,0,0,0,0,3,529,54,0,0,0
4,0,0,0,0,0,531,54,0,0,0
5,0,0,0,0,0,527,52,0,0,0
6,0,0,0,0,0,530,53,0,0,0
7,0,0,0,0,3,526,55,0,0,0
8,0,0,0,0,0,526,55,0,0,0
9,0,0,0,0,0,521,53,0,0,0
10,0,0,0,0,0,523,55,0,0,0
11,0,0,0,0,3,522,55,0,0,0
12,0,0,0,0,0,524,54,0,0,0
13,0,0,0,0,0,522,53,0,0,0
14,0,0,0,0,0,525,53,0,0,0
15,0,0,0,0,3,521,54,0,0,0
0,0,0,0,0,0,526,54,0,0,0
1,0,0,0,0,0,527,55,0,0,0
2,0,0,0,0,0,529,53,0,0,0
3,0,0,0,0,0,528,52,0,0,0
4,0,0,0,0,0,530,55,0,0,0
5,0,0,0,0,0,526,52,0,0,0
6,0,0,0,0,0,526,55,0,0,0
7,0,0,0,0,3,523,55,0,0,0
8,0,0,0,0,0,524,55,0,0,0
9,0,0,0,0,0,520,55,0,0,0
10,0,0,0,0,0,521,55,0,0,0
11,0,0,0,0,3,519,52,0,0,0
12,0,0,0,0,0,518,54,0,0,0
13,0,0,0,0,0,516,55,0,0,0
14,0,0,0,0,0,519,55,0,0,0
15,0,0,0,0,3,514,55,0,0,0
0,0,0,0,0,0,513,53,0,0,0
1,0,0,0,0,0,508,53,0,0,0
2,0,0,0,0,0,508,54,0,0,0
3,0,0,0,0,3,499,55,0,0,0
4,0,0,0,0,0,496,55,0,0,0
5,0,0,0,0,0,497,55,0,0,0
6,0,0,0,0,0,504,54,0,0,0
7,0,0,0,0,3,512,54,0,0,0
8,0,0,0,0,0,524,54,0,0,0
9,0,0,0,0,0,524,53,0,0,0
10,0,0,0,0,0,526,53,0,0,0
11,0,0,0,0,3,522,55,0,0,0
12,0,0,0,0,0,522,55,0,0,0
13,0,0,0,0,0,519,53,0,0,0
14,0,0,0,0,0,523,55,0,0,0
15,0,0,0,0,3,524,52,0,0,0
0,0,0,0,0,0,512,54,0,0,0
1,0,0,0,0,0,452,55,0,0,0
2,0,0,0,0,0,457,53,0,0,0
3,0,0,0,0,3,535,52,0,0,0
4,0,0,0,0,0,566,53,0,0,0
5,0,0,0,0,0,507,54,0,0,0
6,0,0,0,0,0,519,55,0,0,0
7,0,0,0,0,3,521,55,0,0,0
8,0,0,0,0,0,524,55,0,0,0
9,0,0,0,0,0,524,52,0,0,0
10,0,0,0,0,0,525,53,0,0,0
11,0,0,0,0,3,519,55,0,0,0
12,0,0,0,0,0,516,55,0,0,0
13,0,0,0,0,0,509,55,0,0,0
14,0,0,0,0,0,513,53,0,0,0
15,0,0,0,0,1,507,55,0,0,0
0,0,0,0,0,0,505,53,0,0,0
1,0,0,0,0,0,499,55,0,0,0
2,0,0,0,0,0,503,55,0,0,0
3,0,0,0,0,3,505,54,0,0,0
4,0,0,0,0,0,504,54,0,0,0
5,0,0,0,0,0,499,54,0,0,0
6,0,0,0,0,0,498,55,0,0,0
7,0,0,0,0,3,496,54,0,0,0
8,0,0,0,0,0,497,55,0,0,0
9,0,0,0,0,0,497,53,0,0,0
10,0,0,0,0,0,502,54,0,0,0
11,0,0,0,0,3,504,54,0,0,0
12,0,0,0,0,0,513,55,0,0,0
13,0,0,0,0,0,524,55,0,0,0
14,0,0,0,0,0,535,56,0,0,0
15,0,0,0,0,3,536,55,0,0,0
0,0,0,0,0,0,536,53,0,0,0
1,0,0,0,0,0,532,53,0,0,0
2,0,0,0,0,0,532,55,0,0,0
3,0,0,0,0,3,530,54,0,0,0
4,0,0,0,0,0,527,52,0,0,0
5,0,0,0,0,0,521,55,0,0,0
6,0,0,0,0,0,522,54,0,0,0
7,0,0,0,0,3,515,54,0,0,0
8,0,0,0,0,0,519,55,0,0,0
9,0,0,0,0,0,517,53,0,0,0
10,0,0,0,0,0,516,52,0,0,0
11,0,0,0,0,3,515,54,0,0,0
12,0,0,0,0,0,516,55,0,0,0
13,0,0,0,0,0,512,55,0,0,0
14,0,0,0,0,0,513,55,0,0,0
15,0,0,0,0,3,511,54,0,0,0
0,0,0,0,0,0,513,53,0,0,0
1,0,0,0,0,0,513,52,0,0,0
2,0,0,0,0,0,514,55,0,0,0
3,0,0,0,0,3,512,55,0,0,0
4,0,0,0,0,0,513,55,0,0,0
5,0,0,0,0,0,511,52,0,0,0
6,0,0,0,0,0,515,53,0,0,0
7,0,0,0,0,3,511,53,0,0,0
8,0,0,0,0,0,512,55,0,0,0
9,0,0,0,0,0,510,54,0,0,0
10,0,0,0,0,0,510,53,0,0,0
11,0,0,0,0,0,508,55,0,0,0
12,0,0,0,0,0,510,55,0,0,0
13,0,0,0,0,0,507,53,0,0,0
14,0,0,0,0,0,512,52,0,0,0
15,0,0,0,0,3,507,53,0,0,0
0,0,0,0,0,0,508,54,0,0,0
1,0,0,0,0,0,507,55,0,0,0
2,0,0,0,0,0,509,56,0,0,0
3,0,0,0,0,3,506,55,0,0,0
4,0,0,0,0,0,511,55,0,0,0
5,0,0,0,0,0,509,55,0,0,0
6,0,0,0,0,0,512,55,0,0,0
7,0,0,0,0,3,512,53,0,0,0
8,0,0,0,0,0,508,53,0,0,0
9,0,0,0,0,0,505,52,0,0,0
10,0,0,0,0,0,510,55,0,0,0
11,0,0,0,0,3,499,55,0,0,0
12,0,0,0,0,0,504,53,0,0,0
13,0,0,0,0,0,507,52,0,0,0
14,0,0,0,0,0,515,55,0,0,0
15,0,0,0,0,3,520,55,0,0,0
0,0,0,0,0,0,529,55,0,0,0
1,0,0,0,0,0,524,55,0,0,0
2,0,0,0,0,0,526,53,0,0,0
3,0,0,0,0,3,520,52,0,0,0
4,0,0,0,0,0,519,54,0,0,0
5,0,0,0,0,0,513,55,0,0,0
6,0,0,0,0,0,519,53,0,0,0
7,0,0,0,0,3,515,55,0,0,0
8,0,0,0,0,0,479,55,0,0,0
9,0,0,0,0,0,429,54,0,0,0
10,0,0,0,0,0,472,54,0,0,0
11,0,0,0,0,3,565,55,0,0,0
12,0,0,0,0,0,515,55,0,0,0
13,0,0,0,0,0,494,55,0,0,0
14,0,0,0,0,0,515,54,0,0,0
15,0,0,0,0,3,515,53,0,0,0
0,0,0,0,0,0,515,53,0,0,0
1,0,0,0,0,0,511,53,0,0,0
2,0,0,0,0,0,512,55,0,0,0
3,0,0,0,0,3,505,55,0,0,0
4,0,0,0,0,0,506,54,0,0,0
5,0,0,0,0,0,502,53,0,0,0
6,0,0,0,0,0,503,53,0,0,0
7,0,0,0,0,0,501,55,0,0,0
8,0,0,0,0,0,501,55,0,0,0
9,0,0,0,0,0,497,55,0,0,0
10,0,0,0,0,0,499,53,0,0,0
11,0,0,0,0,3,497,55,0,0,0
12,0,0,0,0,0,496,55,0,0,0
13,0,0,0,0,0,490,55,0,0,0
14,0,0,0,0,0,488,55,0,0,0
15,0,0,0,0,3,477,53,0,0,0
0,0,0,0,0,0,478,52,0,0,0
1,0,0,0,0,0,477,54,0,0,0
2,0,0,0,0,0,480,55,0,0,0
3,0,0,0,0,3,484,55,0,0,0
4,0,0,0,0,0,499,55,0,0,0
5,0,0,0,0,0,506,53,0,0,0
6,0,0,0,0,0,518,53,0,0,0
7,0,0,0,0,3,519,52,0,0,0
8,0,0,0,0,0,520,54,0,0,0
9,0,0,0,0,0,519,55,0,0,0
10,0,0,0,0,0,524,55,0,0,0
11,0,0,0,0,0,521,52,0,0,0
12,0,0,0,0,0,525,53,0,0,0
13,0,0,0,0,0,518,55,0,0,0
14,0,0,0,0,0,517,55,0,0,0
15,0,0,0,0,3,514,53,0,0,0
0,0,0,0,0,0,515,54,0,0,0
1,0,0,0,0,0,515,55,0,0,0
2,0,0,0,0,0,514,54,0,0,0
3,0,0,0,0,3,509,55,0,0,0
4,0,0,0,0,0,508,53,0,0,0
5,0,0,0,0,0,507,54,0,0,0
6,0,0,0,0,0,510,55,0,0,0
7,0,0,0,0,3,507,55,0,0,0
8,0,0,0,0,0,512,54,0,0,0
9,0,0,0,0,0,509,52,0,0,0
10,0,0,0,0,0,511,54,0,0,0
11,0,0,0,0,3,505,55,0,0,0
12,0,0,0,0,0,509,55,0,0,0
13,0,0,0,0,0,508,55,0,0,0
14,0,0,0,0,0,509,55,0,0,0
15,0,0,0,0,3,506,55,0,0,0
0,0,0,0,0,0,510,55,0,0,0
1,0,0,0,0,0,508,55,0,0,0
2,0,0,0,0,0,513,55,0,0,0
3,0,0,0,0,3,511,55,0,0,0
4,0,0,0,0,0,518,53,0,0,0
5,0,0,0,0,0,518,53,0,0,0
6,0,0,0,0,0,519,52,0,0,0
7,0,0,0,0,3,519,53,0,0,0
8,0,0,0,0,0,522,55,0,0,0
9,0,0,0,0,0,524,55,0,0,0
10,0,0,0,0,0,524,55,0,0,0
11,0,0,0,0,3,519,53,0,0,0
12,0,0,0,0,0,524,55,0,0,0
13,0,0,0,0,0,523,54,0,0,0
14,0,0,0,0,0,523,53,0,0,0
15,0,0,0,0,3,519,55,0,0,0
0,0,0,0,0,0,518,55,0,0,0
1,0,0,0,0,0,516,55,0,0,0
2,0,0,0,0,0,515,55,0,0,0
3,0,0,0,0,3,510,53,0,0,0
4,0,0,0,0,0,510,52,0,0,0
5,0,0,0,0,0,504,52,0,0,0
6,0,0,0,0,0,505,52,0,0,0
7,0,0,0,0,0,500,54,0,0,0
8,0,0,0,0,0,508,55,0,0,0
9,0,0,0,0,0,505,55,0,0,0
10,0,0,0,0,0,515,54,0,0,0
11,0,0,0,0,3,522,53,0,0,0
12,0,0,0,0,0,530,55,0,0,0
13,0,0,0,0,0,524,55,0,0,0
14,0,0,0,0,0,523,55,0,0,0
15,0,0,0,0,3,518,54,0,0,0
0,0,0,0,0,0,523,52,0,0,0
1,0,0,0,0,0,519,53,0,0,0
2,0,0,0,0,0,524,55,0,0,0
3,0,0,0,0,3,514,55,0,0,0
4,0,0,0,0,0,455,54,0,0,0
5,0,0,0,0,0,444,55,0,0,0
6,0,0,0,0,0,526,55,0,0,0
7,0,0,0,0,3,582,55,0,0,0
8,0,0,0,0,0,519,52,0,0,0
9,0,0,0,0,0,521,55,0,0,0
10,0,0,0,0,0,532,54,0,0,0
11,0,0,0,0,3,532,53,0,0,0
12,0,0,0,0,0,535,54,0,0,0
13,0,0,0,0,0,529,55,0,0,0
14,0,0,0,0,0,527,55,0,0,0
15,0,0,0,0,3,522,55,0,0,0
0,0,0,0,0,0,523,52,0,0,0
1,0,0,0,0,0,517,54,0,0,0
2,0,0,0,0,0,517,55,0,0,0
3,0,0,0,0,3,510,53,0,0,0
4,0,0,0,0,0,511,52,0,0,0
5,0,0,0,0,0,508,54,0,0,0
6,0,0,0,0,0,508,55,0,0,0
7,0,0,0,0,3,497,54,0,0,0
8,0,0,0,0,0,497,53,0,0,0
9,0,0,0,0,0,488,55,0,0,0
10,0,0,0,0,0,483,54,0,0,0
11,0,0,0,0,3,481,54,0,0,0
12,0,0,0,0,0,480,55,0,0,0
13,0,0,0,0,0,479,55,0,0,0
14,0,0,0,0,0,489,55,0,0,0
15,0,0,0,0,3,494,53,0,0,0
0,0,0,0,0,0,506,54,0,0,0
1,0,0,0,0,0,513,55,0,0,0
2,0,0,0,0,0,527,53,0,0,0
3,0,0,0,0,0,529,53,0,0,0
4,0,0,0,0,0,534,55,0,0,0
5,0,0,0,0,0,528,54,0,0,0
6,0,0,0,0,0,526,53,0,0,0
7,0,0,0,0,3,523,53,0,0,0
8,0,0,0,0,0,525,55,0,0,0
9,0,0,0,0,0,521,54,0,0,0
10,0,0,0,0,0,523,55,0,0,0
11,0,0,0,0,3,517,52,0,0,0
12,0,0,0,0,0,518,55,0,0,0
13,0,0,0,0,0,513,54,0,0,0
14,0,0,0,0,0,516,53,0,0,0
15,0,0,0,0,3,515,54,0,0,0
0,0,0,0,0,0,519,55,0,0,0
1,0,0,0,0,0,518,55,0,0,0
2,0,0,0,0,0,519,53,0,0,0
3,0,0,0,0,3,519,54,0,0,0
4,0,0,0,0,0,519,55,0,0,0
5,0,0,0,0,0,515,53,0,0,0
6,0,0,0,0,0,514,54,0,0,0
7,0,0,0,0,3,512,55,0,0,0
8,0,0,0,0,0,512,52,0,0,0
9,0,0,0,0,0,513,54,0,0,0
10,0,0,0,0,1,516,55,0,0,0
11,0,0,0,0,3,515,55,0,0,0
12,0,0,0,0,0,517,52,0,0,0
13,0,0,0,0,0,518,55,0,0,0
14,0,0,0,0,0,519,52,0,0,0
15,0,0,0,0,3,513,55,0,0,0
0,0,0,0,0,0,517,53,0,0,0
1,0,0,0,0,0,517,55,0,0,0
2,0,0,0,0,0,519,53,0,0,0
3,0,0,0,0,3,515,55,0,0,0
4,0,0,0,0,0,515,53,0,0,0
5,0,0,0,0,0,510,55,0,0,0
6,0,0,0,0,0,512,52,0,0,0
7,0,0,0,0,3,507,55,0,0,0
8,0,0,0,0,0,510,52,0,0,0
9,0,0,0,0,0,510,55,0,0,0
10,0,0,0,0,0,510,53,0,0,0
11,0,0,0,0,3,510,55,0,0,0
12,0,0,0,0,0,518,54,0,0,0
13,0,0,0,0,0,517,54,0,0,0
14,0,0,0,0,0,518,55,0,0,0
15,0,0,0,0,1,513,52,0,0,0
0,0,0,0,0,0,508,55,0,0,0
1,0,0,0,0,0,502,52,0,0,0
2,0,0,0,0,0,503,55,0,0,0
3,0,0,0,0,3,500,53,0,0,0
4,0,0,0,0,0,508,55,0,0,0
5,0,0,0,0,0,506,54,0,0,0
6,0,0,0,0,0,512,52,0,0,0
7,0,0,0,0,3,518,55,0,0,0
8,0,0,0,0,0,526,52,0,0,0
9,0,0,0,0,0,523,55,0,0,0
10,0,0,0,0,0,526,53,0,0,0
11,0,0,0,0,3,519,54,0,0,0
12,0,0,0,0,0,521,54,0,0,0
13,0,0,0,0,0,519,55,0,0,0
14,0,0,0,0,0,524,53,0,0,0
15,0,0,0,0,3,507,55,0,0,0
0,0,0,0,0,0,447,54,0,0,0
1,0,0,0,0,0,438,54,0,0,0
2,0,0,0,0,0,517,55,0,0,0
3,0,0,0,0,3,572,55,0,0,0
4,0,0,0,0,0,509,53,0,0,0
5,0,0,0,0,0,508,54,0,0,0
6,0,0,0,0,0,525,55,0,0,0
7,0,0,0,0,3,529,55,0,0,0
8,0,0,0,0,0,531,55,0,0,0
9,0,0,0,0,0,528,53,0,0,0
10,0,0,0,0,0,528,54,0,0,0
11,0,0,0,0,3,520,55,0,0,0
12,0,0,0,0,0,520,55,0,0,0
13,0,0,0,0,0,519,52,0,0,0
14,0,0,0,0,0,521,55,0,0,0
15,0,0,0,0,3,519,55,0,0,0
0,0,0,0,0,0,523,54,0,0,0
1,0,0,0,0,0,519,53,0,0,0
2,0,0,0,0,0,521,55,0,0,0
3,0,0,0,0,3,512,52,0,0,0
4,0,0,0,0,0,513,52,0,0,0
5,0,0,0,0,0,513,54,0,0,0
6,0,0,0,0,0,519,55,0,0,0
7,0,0,0,0,3,519,55,0,0,0
8,0,0,0,0,0,519,53,0,0,0
9,0,0,0,0,0,518,54,0,0,0
10,0,0,0,0,0,523,53,0,0,0
11,0,0,0,0,0,526,53,0,0,0
12,0,0,0,0,0,534,54,0,0,0
13,0,0,0,0,0,535,55,0,0,0
14,0,0,0,0,0,542,55,0,0,0
15,0,0,0,0,3,537,54,0,0,0
0,0,0,0,0,0,539,52,0,0,0
1,0,0,0,0,0,532,53,0,0,0
2,0,0,0,0,0,527,55,0,0,0
3,0,0,0,0,3,521,55,0,0,0
4,0,0,0,0,0,519,55,0,0,0
5,0,0,0,0,0,512,54,0,0,0
6,0,0,0,0,0,513,54,0,0,0
7,0,0,0,0,3,507,53,0,0,0
8,0,0,0,0,0,510,54,0,0,0
9,0,0,0,0,0,504,55,0,0,0
10,0,0,0,0,0,508,55,0,0,0
11,0,0,0,0,3,509,55,0,0,0
12,0,0,0,0,0,514,55,0,0,0
13,0,0,0,0,0,515,53,0,0,0
14,0,0,0,0,0,521,54,0,0,0
15,0,0,0,0,3,519,55,0,0,0
0,0,0,0,0,0,521,55,0,0,0
1,0,0,0,0,0,519,55,0,0,0
2,0,0,0,0,0,520,53,0,0,0
3,0,0,0,0,3,516,52,0,0,0
4,0,0,0,0,0,516,54,0,0,0
5,0,0,0,0,0,514,55,0,0,0
6,0,0,0,0,0,517,55,0,0,0
7,0,0,0,0,3,514,53,0,0,0
8,0,0,0,0,0,515,55,0,0,0
9,0,0,0,0,0,510,55,0,0,0
10,0,0,0,0,0,513,53,0,0,0
11,0,0,0,0,3,515,54,0,0,0
12,0,0,0,0,0,519,55,0,0,0
13,0,0,0,0,0,513,54,0,0,0
14,0,0,0,0,0,511,55,0,0,0
15,0,0,0,0,3,507,52,0,0,0
0,0,0,0,0,0,503,55,0,0,0
1,0,0,0,0,0,497,55,0,0,0
2,0,0,0,0,0,497,55,0,0,0
3,0,0,0,0,3,494,55,0,0,0
4,0,0,0,0,0,497,52,0,0,0
5,0,0,0,0,0,495,52,0,0,0
6,0,0,0,0,0,494,53,0,0,0
7,0,0,0,0,0,495,53,0,0,0
8,0,0,0,0,0,499,52,0,0,0
9,0,0,0,0,0,488,53,0,0,0
10,0,0,0,0,0,495,55,0,0,0
11,0,0,0,0,3,491,55,0,0,0
12,0,0,0,0,0,499,54,0,0,0
13,0,0,0,0,0,506,54,0,0,0
14,0,0,0,0,0,515,55,0,0,0
15,0,0,0,0,3,512,55,0,0,0
0,0,0,0,0,0,515,55,0,0,0
1,0,0,0,0,0,516,54,0,0,0
2,0,0,0,0,0,518,53,0,0,0
3,0,0,0,0,3,517,52,0,0,0
4,0,0,0,0,0,521,52,0,0,0
5,0,0,0,0,0,506,52,0,0,0
6,0,0,0,0,0,454,53,0,0,0
7,0,0,0,0,3,452,54,0,0,0
8,0,0,0,0,0,516,53,0,0,0
9,0,0,0,0,0,569,53,0,0,0
10,0,0,0,0,0,507,55,0,0,0
11,0,0,0,0,3,501,55,0,0,0
12,0,0,0,0,0,516,55,0,0,0
13,0,0,0,0,0,521,55,0,0,0
14,0,0,0,0,0,524,55,0,0,0
15,0,0,0,0,3,518,55,0,0,0
0,0,0,0,0,0,519,54,0,0,0
1,0,0,0,0,0,515,53,0,0,0
2,0,0,0,0,0,516,53,0,0,0
3,0,0,0,0,3,509,54,0,0,0
4,0,0,0,0,0,510,54,0,0,0
5,0,0,0,0,0,508,55,0,0,0
6,0,0,0,0,0,510,55,0,0,0
7,0,0,0,0,3,501,55,0,0,0
8,0,0,0,0,0,500,55,0,0,0
9,0,0,0,0,0,497,55,0,0,0
10,0,0,0,0,0,497,55,0,0,0
11,0,0,0,0,3,492,55,0,0,0
12,0,0,0,0,0,490,53,0,0,0
13,0,0,0,0,0,488,54,0,0,0
14,0,0,0,0,0,490,53,0,0,0
15,0,0,0,0,3,488,54,0,0,0
0,0,0,0,0,0,495,54,0,0,0
1,0,0,0,0,0,499,54,0,0,0
2,0,0,0,0,0,512,55,0,0,0
3,0,0,0,0,0,518,52,0,0,0
4,0,0,0,0,0,526,52,0,0,0
5,0,0,0,0,0,521,54,0,0,0
6,0,0,0,0,0,519,54,0,0,0
7,0,0,0,0,3,518,52,0,0,0
8,0,0,0,0,0,518,52,0,0,0
9,0,0,0,0,0,508,53,0,0,0
10,0,0,0,0,0,509,52,0,0,0
11,0,0,0,0,3,506,55,0,0,0
12,0,0,0,0,0,508,55,0,0,0
13,0,0,0,0,0,504,53,0,0,0
14,0,0,0,0,0,503,52,0,0,0
15,0,0,0,0,3,500,52,0,0,0
0,0,0,0,0,0,500,53,0,0,0
1,0,0,0,0,0,496,53,0,0,0
2,0,0,0,0,0,498,53,0,0,0
3,0,0,0,0,3,495,53,0,0,0
4,0,0,0,0,0,498,52,0,0,0
5,0,0,0,0,0,497,52,0,0,0
6,0,0,0,0,0,503,52,0,0,0
7,0,0,0,0,1,499,52,0,0,0
8,0,0,0,0,0,501,52,0,0,0
9,0,0,0,0,0,497,54,0,0,0
10,0,0,0,0,0,503,53,0,0,0
11,0,0,0,0,3,503,52,0,0,0
12,0,0,0,0,0,500,53,0,0,0
13,0,0,0,0,0,497,54,0,0,0
14,0,0,0,0,0,500,55,0,0,0
15,0,0,0,0,3,500,54,0,0,0
0,0,0,0,0,0,505,52,0,0,0
1,0,0,0,0,0,506,54,0,0,0
2,0,0,0,0,0,508,54,0,0,0
3,0,0,0,0,3,503,55,0,0,0
4,0,0,0,0,0,503,52,0,0,0
5,0,0,0,0,0,498,54,0,0,0
6,0,0,0,0,0,503,55,0,0,0
7,0,0,0,0,3,499,55,0,0,0
8,0,0,0,0,0,498,53,0,0,0
9,0,0,0,0,0,495,53,0,0,0
10,0,0,0,0,0,492,53,0,0,0
11,0,0,0,0,3,489,52,0,0,0
12,0,0,0,0,0,499,55,0,0,0
13,0,0,0,0,0,494,54,0,0,0
14,0,0,0,0,0,504,55,0,0,0
15,0,0,0,0,3,508,52,0,0,0
0,0,0,0,0,0,510,52,0,0,0
1,0,0,0,0,0,508,53,0,0,0
2,0,0,0,0,0,510,53,0,0,0
3,0,0,0,0,3,508,52,0,0,0
4,0,0,0,0,0,511,53,0,0,0
5,0,0,0,0,0,509,53,0,0,0
6,0,0,0,0,0,513,55,0,0,0
7,0,0,0,0,3,501,55,0,0,0
8,0,0,0,0,0,448,53,0,0,0
9,0,0,0,0,0,453,53,0,0,0
10,0,0,0,0,0,515,52,0,0,0
11,0,0,0,0,3,556,53,0,0,0
12,0,0,0,0,0,502,54,0,0,0
13,0,0,0,0,0,508,54,0,0,0
14,0,0,0,0,0,518,55,0,0,0
15,0,0,0,0,3,517,53,0,0,0
0,0,0,0,0,0,516,52,0,0,0
1,0,0,0,0,0,509,53,0,0,0
2,0,0,0,0,0,510,54,0,0,0
3,0,0,0,0,0,505,55,0,0,0
4,0,0,0,0,0,509,55,0,0,0
5,0,0,0,0,0,505,55,0,0,0
6,0,0,0,0,0,508,54,0,0,0
7,0,0,0,0,3,502,52,0,0,0
8,0,0,0,0,0,504,54,0,0,0
9,0,0,0,0,0,501,54,0,0,0
10,0,0,0,0,0,503,54,0,0,0
11,0,0,0,0,3,497,55,0,0,0
12,0,0,0,0,0,495,52,0,0,0
13,0,0,0,0,0,489,54,0,0,0
14,0,0,0,0,0,487,55,0,0,0
15,0,0,0,0,3,481,52,0,0,0
0,0,0,0,0,0,487,54,0,0,0
1,0,0,0,0,0,488,55,0,0,0
2,0,0,0,0,0,491,52,0,0,0
3,0,0,0,0,3,497,54,0,0,0
4,0,0,0,0,0,511,54,0,0,0
5,0,0,0,0,0,517,52,0,0,0
6,0,0,0,0,0,524,52,0,0,0
7,0,0,0,0,3,523,54,0,0,0
8,0,0,0,0,0,527,55,0,0,0
9,0,0,0,0,0,525,55,0,0,0
10,0,0,0,0,0,523,53,0,0,0
11,0,0,0,0,3,523,53,0,0,0
12,0,0,0,0,0,523,52,0,0,0
13,0,0,0,0,0,517,52,0,0,0
14,0,0,0,0,0,518,54,0,0,0
15,0,0,0,0,3,515,55,0,0,0
0,0,0,0,0,0,516,55,0,0,0
1,0,0,0,0,0,511,54,0,0,0
2,0,0,0,0,0,512,52,0,0,0
3,0,0,0,0,3,510,52,0,0,0
4,0,0,0,0,0,514,52,0,0,0
5,0,0,0,0,0,515,54,0,0,0
6,0,0,0,0,0,518,54,0,0,0
7,0,0,0,0,3,511,55,0,0,0
8,0,0,0,0,0,511,55,0,0,0
9,0,0,0,0,0,508,52,0,0,0
10,0,0,0,0,0,511,52,0,0,0
11,0,0,0,0,3,514,54,0,0,0
12,0,0,0,0,1,515,55,0,0,0
13,0,0,0,0,0,507,52,0,0,0
14,0,0,0,0,0,507,54,0,0,0
15,0,0,0,0,1,503,54,0,0,0
0,0,0,0,0,0,504,53,0,0,0
1,0,0,0,0,0,497,54,0,0,0
2,0,0,0,0,0,499,55,0,0,0
3,0,0,0,0,3,497,55,0,0,0
4,0,0,0,0,0,501,53,0,0,0
5,0,0,0,0,0,499,52,0,0,0
6,0,0,0,0,0,503,53,0,0,0
7,0,0,0,0,3,501,54,0,0,0
8,0,0,0,0,0,502,55,0,0,0
9,0,0,0,0,0,500,55,0,0,0
10,0,0,0,0,0,495,54,0,0,0
11,0,0,0,0,3,492,54,0,0,0
12,0,0,0,0,0,494,53,0,0,0
13,0,0,0,0,0,489,54,0,0,0
14,0,0,0,0,0,496,54,0,0,0
15,0,0,0,0,3,497,53,0,0,0
0,0,0,0,0,0,507,53,0,0,0
1,0,0,0,0,0,513,52,0,0,0
2,0,0,0,0,0,521,54,0,0,0
3,0,0,0,0,3,517,54,0,0,0
4,0,0,0,0,0,517,55,0,0,0
5,0,0,0,0,0,514,54,0,0,0
6,0,0,0,0,0,513,54,0,0,0
7,0,0,0,0,3,508,52,0,0,0
8,0,0,0,0,0,515,52,0,0,0
9,0,0,0,0,0,512,54,0,0,0
10,0,0,0,0,0,476,54,0,0,0
11,0,0,0,0,3,447,55,0,0,0
12,0,0,0,0,0,487,54,0,0,0
13,0,0,0,0,0,574,52,0,0,0
14,0,0,0,0,0,527,52,0,0,0
15,0,0,0,0,3,504,52,0,0,0
0,0,0,0,0,0,521,54,0,0,0
1,0,0,0,0,0,516,54,0,0,0
2,0,0,0,0,0,516,54,0,0,0
3,0,0,0,0,3,508,52,0,0,0
4,0,0,0,0,0,510,54,0,0,0
5,0,0,0,0,0,505,55,0,0,0
6,0,0,0,0,0,507,54,0,0,0
7,0,0,0,0,3,507,52,0,0,0
8,0,0,0,0,0,509,52,0,0,0
9,0,0,0,0,0,504,54,0,0,0
10,0,0,0,0,0,504,55,0,0,0
11,0,0,0,0,1,501,55,0,0,0
12,0,0,0,0,0,503,53,0,0,0
13,0,0,0,0,0,499,52,0,0,0
14,0,0,0,0,0,496,53,0,0,0
15,0,0,0,0,3,489,53,0,0,0
0,0,0,0,0,0,489,54,0,0,0
1,0,0,0,0,0,484,55,0,0,0
2,0,0,0,0,0,490,54,0,0,0
3,0,0,0,0,3,491,55,0,0,0
4,0,0,0,0,0,496,54,0,0,0
5,0,0,0,0,0,499,53,0,0,0
6,0,0,0,0,0,512,52,0,0,0
7,0,0,0,0,3,516,52,0,0,0
8,0,0,0,0,0,528,54,0,0,0
9,0,0,0,0,0,527,55,0,0,0
10,0,0,0,0,0,527,55,0,0,0
11,0,0,0,0,3,524,55,0,0,0
12,0,0,0,0,0,530,54,0,0,0
13,0,0,0,0,0,528,54,0,0,0
14,0,0,0,0,0,532,54,0,0,0
15,0,0,0,0,3,526,53,0,0,0
0,0,0,0,0,0,526,52,0,0,0
1,0,0,0,0,0,521,52,0,0,0
2,0,0,0,0,0,523,54,0,0,0
3,0,0,0,0,3,521,54,0,0,0
4,0,0,0,0,0,525,55,0,0,0
5,0,0,0,0,0,521,54,0,0,0
6,0,0,0,0,0,522,54,0,0,0
7,0,0,0,0,3,523,55,0,0,0
8,0,0,0,0,0,522,54,0,0,0
9,0,0,0,0,0,514,53,0,0,0
10,0,0,0,0,0,515,54,0,0,0
11,0,0,0,0,3,512,55,0,0,0
12,0,0,0,0,0,511,55,0,0,0
13,0,0,0,0,0,510,55,0,0,0
14,0,0,0,0,0,512,55,0,0,0
15,0,0,0,0,3,510,55,0,0,0
0,0,0,0,0,0,508,55,0,0,0
1,0,0,0,0,0,506,53,0,0,0
2,0,0,0,0,0,508,52,0,0,0
3,0,0,0,0,3,504,53,0,0,0
4,0,0,0,0,0,502,52,0,0,0
5,0,0,0,0,0,500,55,0,0,0
6,0,0,0,0,0,504,53,0,0,0
7,0,0,0,0,1,499,54,0,0,0
8,0,0,0,0,0,497,54,0,0,0
9,0,0,0,0,0,493,55,0,0,0
10,0,0,0,0,0,499,55,0,0,0
11,0,0,0,0,3,499,55,0,0,0
12,0,0,0,0,0,502,52,0,0,0
13,0,0,0,0,0,499,52,0,0,0
14,0,0,0,0,0,500,54,0,0,0
15,0,0,0,0,3,494,55,0,0,0
0,0,0,0,0,0,497,53,0,0,0
1,0,0,0,0,0,493,52,0,0,0
2,0,0,0,0,0,488,52,0,0,0
3,0,0,0,0,3,491,54,0,0,0
4,0,0,0,0,0,494,52,0,0,0
5,0,0,0,0,0,497,52,0,0,0
6,0,0,0,0,0,513,53,0,0,0
7,0,0,0,0,3,519,52,0,0,0
8,0,0,0,0,0,519,52,0,0,0
9,0,0,0,0,0,517,53,0,0,0
10,0,0,0,0,0,519,55,0,0,0
11,0,0,0,0,3,516,54,0,0,0
12,0,0,0,0,0,517,52,0,0,0
13,0,0,0,0,0,517,54,0,0,0
14,0,0,0,0,0,516,55,0,0,0
15,0,0,0,0,3,472,53,0,0,0
0,0,0,0,0,0,448,54,0,0,0
1,0,0,0,0,0,496,52,0,0,0
2,0,0,0,0,0,585,55,0,0,0
3,0,0,0,0,3,525,54,0,0,0
4,0,0,0,0,0,512,52,0,0,0
5,0,0,0,0,0,524,54,0,0,0
6,0,0,0,0,0,533,52,0,0,0
7,0,0,0,0,3,529,54,0,0,0
8,0,0,0,0,0,526,54,0,0,0
9,0,0,0,0,0,522,53,0,0,0
10,0,0,0,0,0,523,55,0,0,0
11,0,0,0,0,3,517,53,0,0,0
12,0,0,0,0,0,515,54,0,0,0
13,0,0,0,0,0,512,55,0,0,0
14,0,0,0,0,0,508,52,0,0,0
15,0,0,0,0,3,501,54,0,0,0
0,0,0,0,0,0,501,54,0,0,0
1,0,0,0,0,0,492,53,0,0,0
2,0,0,0,0,0,493,54,0,0,0
3,0,0,0,0,0,485,52,0,0,0
4,0,0,0,0,0,488,55,0,0,0
5,0,0,0,0,0,480,54,0,0,0
6,0,0,0,0,0,480,52,0,0,0
7,0,0,0,0,3,480,54,0,0,0
8,0,0,0,0,0,486,55,0,0,0
9,0,0,0,0,0,488,54,0,0,0
10,0,0,0,0,0,496,52,0,0,0
11,0,0,0,0,3,503,54,0,0,0
12,0,0,0,0,0,508,55,0,0,0
13,0,0,0,0,0,512,54,0,0,0
14,0,0,0,0,0,520,54,0,0,0
15,0,0,0,0,3,520,55,0,0,0
0,0,0,0,0,0,524,52,0,0,0
1,0,0,0,0,0,520,55,0,0,0
2,0,0,0,0,0,519,55,0,0,0
3,0,0,0,0,3,515,55,0,0,0
4,0,0,0,0,0,523,55,0,0,0
5,0,0,0,0,0,519,52,0,0,0
6,0,0,0,0,0,522,55,0,0,0
7,0,0,0,0,3,521,52,0,0,0
8,0,0,0,0,0,522,53,0,0,0
9,0,0,0,0,0,518,55,0,0,0
10,0,0,0,0,0,516,54,0,0,0
11,0,0,0,0,3,512,52,0,0,0
12,0,0,0,0,0,513,54,0,0,0
13,0,0,0,0,0,508,54,0,0,0
14,0,0,0,0,0,513,52,0,0,0
15,0,0,0,0,3,513,54,0,0,0
0,0,0,0,0,0,519,55,0,0,0
1,0,0,0,0,0,521,52,0,0,0
2,0,0,0,0,0,525,54,0,0,0
3,0,0,0,0,3,523,55,0,0,0
4,0,0,0,0,0,524,54,0,0,0
5,0,0,0,0,0,519,52,0,0,0
6,0,0,0,0,0,519,54,0,0,0
7,0,0,0,0,3,518,55,0,0,0
8,0,0,0,0,0,520,54,0,0,0
9,0,0,0,0,0,516,52,0,0,0
10,0,0,0,0,0,519,54,0,0,0
11,0,0,0,0,3,515,54,0,0,0
12,0,0,0,0,1,518,55,0,0,0
13,0,0,0,0,0,515,53,0,0,0
14,0,0,0,0,0,519,55,0,0,0
15,0,0,0,0,1,513,55,0,0,0
0,0,0,0,0,0,514,54,0,0,0
1,0,0,0,0,0,510,52,0,0,0
2,0,0,0,0,0,519,54,0,0,0
3,0,0,0,0,3,517,54,0,0,0
4,0,0,0,0,0,519,52,0,0,0
5,0,0,0,0,0,512,54,0,0,0
6,0,0,0,0,0,514,54,0,0,0
7,0,0,0,0,3,510,52,0,0,0
8,0,0,0,0,0,504,55,0,0,0
9,0,0,0,0,0,498,54,0,0,0
10,0,0,0,0,0,499,52,0,0,0
11,0,0,0,0,3,490,52,0,0,0
12,0,0,0,0,0,492,55,0,0,0
13,0,0,0,0,0,489,52,0,0,0
14,0,0,0,0,0,494,52,0,0,0
15,0,0,0,0,3,506,54,0,0,0
0,0,0,0,0,0,519,54,0,0,0
1,0,0,0,0,0,516,55,0,0,0
2,0,0,0,0,0,516,54,0,0,0
3,0,0,0,0,1,512,53,0,0,0
4,0,0,0,0,0,512,54,0,0,0
5,0,0,0,0,0,509,55,0,0,0
6,0,0,0,0,0,516,55,0,0,0
7,0,0,0,0,3,509,54,0,0,0
8,0,0,0,0,0,469,52,0,0,0
9,0,0,0,0,0,420,52,0,0,0
10,0,0,0,0,0,464,54,0,0,0
11,0,0,0,0,3,552,53,0,0,0
12,0,0,0,0,0,514,54,0,0,0
13,0,0,0,0,0,487,54,0,0,0
14,0,0,0,0,0,507,55,0,0,0
15,0,0,0,0,3,511,54,0,0,0
0,0,0,0,0,0,511,54,0,0,0
1,0,0,0,0,0,510,54,0,0,0
2,0,0,0,0,0,512,54,0,0,0
3,0,0,0,0,3,510,52,0,0,0
4,0,0,0,0,0,511,52,0,0,0
5,0,0,0,0,0,508,54,0,0,0
6,0,0,0,0,0,510,52,0,0,0
7,0,0,0,0,3,509,54,0,0,0
8,0,0,0,0,0,512,54,0,0,0
9,0,0,0,0,0,507,53,0,0,0
10,0,0,0,0,0,502,52,0,0,0
11,0,0,0,0,3,499,53,0,0,0
12,0,0,0,0,0,500,54,0,0,0
13,0,0,0,0,0,494,54,0,0,0
14,0,0,0,0,0,491,55,0,0,0
15,0,0,0,0,3,489,55,0,0,0
0,0,0,0,0,0,490,55,0,0,0
1,0,0,0,0,0,487,54,0,0,0
2,0,0,0,0,0,492,52,0,0,0
3,0,0,0,0,3,497,52,0,0,0
4,0,0,0,0,0,513,54,0,0,0
5,0,0,0,0,0,524,55,0,0,0
6,0,0,0,0,0,536,54,0,0,0
7,0,0,0,0,3,540,53,0,0,0
8,0,0,0,0,0,544,52,0,0,0
9,0,0,0,0,0,536,53,0,0,0
10,0,0,0,0,0,531,53,0,0,0
11,0,0,0,0,3,527,54,0,0,0
12,0,0,0,0,0,526,55,0,0,0
13,0,0,0,0,0,522,55,0,0,0
14,0,0,0,0,0,525,52,0,0,0
15,0,0,0,0,0,525,54,0,0,0
0,0,0,0,0,0,526,55,0,0,0
1,0,0,0,0,0,521,52,0,0,0
2,0,0,0,0,0,521,53,0,0,0
3,0,0,0,0,3,522,55,0,0,0
4,0,0,0,0,0,525,54,0,0,0
5,0,0,0,0,0,519,53,0,0,0
6,0,0,0,0,0,519,52,0,0,0
7,0,0,0,0,3,515,54,0,0,0
8,0,0,0,0,0,514,54,0,0,0
9,0,0,0,0,0,511,54,0,0,0
10,0,0,0,0,0,515,53,0,0,0
11,0,0,0,0,3,509,54,0,0,0
12,0,0,0,0,0,508,53,0,0,0
13,0,0,0,0,0,508,53,0,0,0
14,0,0,0,0,0,513,55,0,0,0
15,0,0,0,0,3,509,53,0,0,0
0,0,0,0,0,0,513,54,0,0,0
1,0,0,0,0,0,511,55,0,0,0
2,0,0,0,0,0,513,55,0,0,0
3,0,0,0,0,3,510,52,0,0,0
4,0,0,0,0,0,514,55,0,0,0
5,0,0,0,0,0,513,54,0,0,0
6,0,0,0,0,0,515,52,0,0,0
7,0,0,0,0,3,514,52,0,0,0
8,0,0,0,0,0,515,52,0,0,0
9,0,0,0,0,0,515,53,0,0,0
10,0,0,0,0,0,520,52,0,0,0
11,0,0,0,0,3,518,52,0,0,0
12,0,0,0,0,0,519,52,0,0,0
13,0,0,0,0,0,514,52,0,0,0
14,0,0,0,0,0,519,55,0,0,0
15,0,0,0,0,3,518,55,0,0,0
0,0,0,0,0,0,523,55,0,0,0
1,0,0,0,0,0,522,54,0,0,0
2,0,0,0,0,0,521,55,0,0,0
3,0,0,0,0,3,509,54,0,0,0
4,0,0,0,0,0,511,55,0,0,0
5,0,0,0,0,0,508,54,0,0,0
6,0,0,0,0,0,503,52,0,0,0
7,0,0,0,0,3,508,52,0,0,0
8,0,0,0,0,0,512,54,0,0,0
9,0,0,0,0,0,513,55,0,0,0
10,0,0,0,0,0,527,54,0,0,0
11,0,0,0,0,0,530,53,0,0,0
12,0,0,0,0,0,532,54,0,0,0
13,0,0,0,0,0,530,52,0,0,0
14,0,0,0,0,0,531,53,0,0,0
15,0,0,0,0,3,526,52,0,0,0
0,0,0,0,0,0,525,52,0,0,0
1,0,0,0,0,0,523,54,0,0,0
2,0,0,0,0,0,524,54,0,0,0
3,0,0,0,0,3,481,52,0,0,0
4,0,0,0,0,0,436,52,0,0,0
5,0,0,0,0,0,481,52,0,0,0
6,0,0,0,0,0,580,53,0,0,0
7,0,0,0,0,3,531,52,0,0,0
8,0,0,0,0,0,510,54,0,0,0
9,0,0,0,0,0,526,54,0,0,0
10,0,0,0,0,0,531,55,0,0,0
11,0,0,0,0,3,527,54,0,0,0
12,0,0,0,0,0,529,54,0,0,0
13,0,0,0,0,0,524,54,0,0,0
14,0,0,0,0,0,524,53,0,0,0
15,0,0,0,0,3,517,52,0,0,0
0,0,0,0,0,0,518,53,0,0,0
1,0,0,0,0,0,514,54,0,0,0
2,0,0,0,0,0,512,53,0,0,0
3,0,0,0,0,3,508,52,0,0,0
4,0,0,0,0,0,507,52,0,0,0
5,0,0,0,0,0,502,53,0,0,0
6,0,0,0,0,0,504,52,0,0,0
7,0,0,0,0,3,500,52,0,0,0
8,0,0,0,0,0,499,53,0,0,0
9,0,0,0,0,0,491,52,0,0,0
10,0,0,0,0,0,489,54,0,0,0
11,0,0,0,0,3,488,54,0,0,0
12,0,0,0,0,0,492,55,0,0,0
13,0,0,0,0,0,487,52,0,0,0
14,0,0,0,0,0,494,54,0,0,0
15,0,0,0,0,3,499,55,0,0,0
0,0,0,0,0,0,512,53,0,0,0
1,0,0,0,0,0,518,52,0,0,0
2,0,0,0,0,0,527,55,0,0,0
3,0,0,0,0,3,528,54,0,0,0
4,0,0,0,0,0,532,52,0,0,0
5,0,0,0,0,0,531,54,0,0,0
6,0,0,0,0,0,532,54,0,0,0
7,0,0,0,0,1,527,53,0,0,0
8,0,0,0,0,0,524,51,0,0,0
9,0,0,0,0,0,522,52,0,0,0
10,0,0,0,0,0,526,54,0,0,0
11,0,0,0,0,3,524,54,0,0,0
12,0,0,0,0,0,524,54,0,0,0
13,0,0,0,0,0,520,55,0,0,0
14,0,0,0,0,0,526,53,0,0,0
15,0,0,0,0,3,523,54,0,0,0
0,0,0,0,0,0,527,54,0,0,0
1,0,0,0,0,0,523,52,0,0,0
2,0,0,0,0,0,523,54,0,0,0
3,0,0,0,0,3,521,55,0,0,0
4,0,0,0,0,0,521,55,0,0,0
5,0,0,0,0,0,514,54,0,0,0
6,0,0,0,0,0,517,52,0,0,0
7,0,0,0,0,3,512,54,0,0,0
8,0,0,0,0,0,516,55,0,0,0
9,0,0,0,0,0,511,54,0,0,0
10,0,0,0,0,0,514,54,0,0,0
11,0,0,0,0,3,513,52,0,0,0
12,0,0,0,0,0,514,54,0,0,0
13,0,0,0,0,0,511,55,0,0,0
14,0,0,0,0,0,515,55,0,0,0
15,0,0,0,0,3,512,55,0,0,0
0,0,0,0,0,0,512,52,0,0,0
1,0,0,0,0,0,512,52,0,0,0
2,0,0,0,0,0,515,54,0,0,0
3,0,0,0,0,3,512,54,0,0,0
4,0,0,0,0,0,512,54,0,0,0
5,0,0,0,0,0,509,54,0,0,0
6,0,0,0,0,0,513,54,0,0,0
7,0,0,0,0,3,514,53,0,0,0
8,0,0,0,0,0,518,54,0,0,0
9,0,0,0,0,0,515,54,0,0,0
10,0,0,0,0,0,516,52,0,0,0
11,0,0,0,0,3,513,54,0,0,0
12,0,0,0,0,0,515,54,0,0,0
13,0,0,0,0,0,507,54,0,0,0
14,0,0,0,0,0,510,52,0,0,0
15,0,0,0,0,3,505,52,0,0,0
0,0,0,0,0,0,499,53,0,0,0
1,0,0,0,0,0,499,53,0,0,0
2,0,0,0,0,0,505,52,0,0,0
3,0,0,0,0,1,510,52,0,0,0
4,0,0,0,0,0,521,53,0,0,0
5,0,0,0,0,0,525,54,0,0,0
6,0,0,0,0,0,526,55,0,0,0
7,0,0,0,0,3,523,52,0,0,0
8,0,0,0,0,0,523,54,0,0,0
9,0,0,0,0,0,519,55,0,0,0
10,0,0,0,0,0,519,52,0,0,0
11,0,0,0,0,3,519,54,0,0,0
12,0,0,0,0,0,518,55,0,0,0
13,0,0,0,0,0,483,52,0,0,0
14,0,0,0,0,0,436,55,0,0,0
15,0,0,0,0,3,465,52,0,0,0
0,0,0,0,0,0,560,53,0,0,0
1,0,0,0,0,0,521,55,0,0,0
2,0,0,0,0,0,495,54,0,0,0
3,0,0,0,0,3,509,54,0,0,0
4,0,0,0,0,0,515,55,0,0,0
5,0,0,0,0,0,510,55,0,0,0
6,0,0,0,0,1,508,55,0,0,0
7,0,0,0,0,3,503,54,0,0,0
8,0,0,0,0,0,500,52,0,0,0
9,0,0,0,0,0,497,54,0,0,0
10,0,0,0,0,0,499,54,0,0,0
11,0,0,0,0,3,494,54,0,0,0
12,0,0,0,0,0,495,52,0,0,0
13,0,0,0,0,0,493,54,0,0,0
14,0,0,0,0,0,496,54,0,0,0
15,0,0,0,0,3,492,52,0,0,0
0,0,0,0,0,0,495,52,0,0,0
1,0,0,0,0,0,487,54,0,0,0
2,0,0,0,0,0,487,55,0,0,0
3,0,0,0,0,3,481,54,0,0,0
4,0,0,0,0,0,482,53,0,0,0
5,0,0,0,0,0,478,52,0,0,0
6,0,0,0,0,0,482,52,0,0,0
7,0,0,0,0,3,480,54,0,0,0
8,0,0,0,0,0,485,55,0,0,0
9,0,0,0,0,0,491,53,0,0,0
10,0,0,0,0,0,503,52,0,0,0
11,0,0,0,0,3,508,54,0,0,0
12,0,0,0,0,0,514,54,0,0,0
13,0,0,0,0,0,514,54,0,0,0
14,0,0,0,0,0,518,52,0,0,0
15,0,0,0,0,1,513,54,0,0,0
0,0,0,0,0,0,512,55,0,0,0
1,0,0,0,0,0,508,52,0,0,0
2,0,0,0,0,0,512,54,0,0,0
3,0,0,0,0,3,507,55,0,0,0
4,0,0,0,0,0,507,53,0,0,0
5,0,0,0,0,0,506,54,0,0,0
6,0,0,0,0,0,510,54,0,0,0
7,0,0,0,0,3,510,54,0,0,0
8,0,0,0,0,0,516,52,0,0,0
9,0,0,0,0,0,511,55,0,0,0
10,0,0,0,0,0,513,55,0,0,0
11,0,0,0,0,3,512,53,0,0,0
12,0,0,0,0,0,517,55,0,0,0
13,0,0,0,0,0,513,54,0,0,0
14,0,0,0,0,0,513,54,0,0,0
15,0,0,0,0,3,509,52,0,0,0
0,0,0,0,0,0,507,55,0,0,0
1,0,0,0,0,0,504,52,0,0,0
2,0,0,0,0,0,505,55,0,0,0
3,0,0,0,0,3,498,52,0,0,0
4,0,0,0,0,0,501,52,0,0,0
5,0,0,0,0,0,496,54,0,0,0
6,0,0,0,0,0,499,55,0,0,0
7,0,0,0,0,3,499,54,0,0,0
8,0,0,0,0,0,502,52,0,0,0
9,0,0,0,0,0,502,52,0,0,0
10,0,0,0,0,0,504,54,0,0,0
11,0,0,0,0,3,500,55,0,0,0
12,0,0,0,0,0,504,54,0,0,0
13,0,0,0,0,0,499,52,0,0,0
14,0,0,0,0,0,501,52,0,0,0
15,0,0,0,0,3,497,53,0,0,0
0,0,0,0,0,0,498,54,0,0,0
1,0,0,0,0,0,496,52,0,0,0
2,0,0,0,0,0,499,54,0,0,0
3,0,0,0,0,3,494,55,0,0,0
4,0,0,0,0,0,496,55,0,0,0
5,0,0,0,0,0,489,54,0,0,0
6,0,0,0,0,0,496,55,0,0,0
7,0,0,0,0,3,498,55,0,0,0
8,0,0,0,0,0,508,55,0,0,0
9,0,0,0,0,0,516,55,0,0,0
10,0,0,0,0,0,527,54,0,0,0
11,0,0,0,0,1,523,52,0,0,0
12,0,0,0,0,0,523,54,0,0,0
13,0,0,0,0,0,521,55,0,0,0
14,0,0,0,0,0,522,55,0,0,0
15,0,0,0,0,3,517,53,0,0,0
0,0,0,0,0,0,520,52,0,0,0
1,0,0,0,0,0,505,54,0,0,0
2,0,0,0,0,0,458,55,0,0,0
3,0,0,0,0,3,441,54,0,0,0
4,0,0,0,0,0,495,53,0,0,0
5,0,0,0,0,0,567,54,0,0,0
6,0,0,0,0,0,505,55,0,0,0
7,0,0,0,0,3,490,53,0,0,0
8,0,0,0,0,0,505,53,0,0,0
9,0,0,0,0,0,506,55,0,0,0
10,0,0,0,0,0,511,55,0,0,0
11,0,0,0,0,3,508,55,0,0,0
12,0,0,0,0,0,511,52,0,0,0
13,0,0,0,0,0,510,53,0,0,0
14,0,0,0,0,0,508,55,0,0,0
15,0,0,0,0,0,505,54,0,0,0
0,0,0,0,0,0,508,53,0,0,0
1,0,0,0,0,0,507,52,0,0,0
2,0,0,0,0,0,507,52,0,0,0
3,0,0,0,0,3,506,55,0,0,0
4,0,0,0,0,0,509,55,0,0,0
5,0,0,0,0,0,504,55,0,0,0
6,0,0,0,0,0,504,52,0,0,0
7,0,0,0,0,3,500,55,0,0,0
8,0,0,0,0,0,502,55,0,0,0
9,0,0,0,0,0,500,52,0,0,0
10,0,0,0,0,0,502,53,0,0,0
11,0,0,0,0,3,503,54,0,0,0
12,0,0,0,0,0,510,55,0,0,0
13,0,0,0,0,0,511,55,0,0,0
14,0,0,0,0,0,521,55,0,0,0
15,0,0,0,0,3,527,54,0,0,0
0,0,0,0,0,0,536,53,0,0,0
1,0,0,0,0,0,535,55,0,0,0
2,0,0,0,0,0,539,55,0,0,0
3,0,0,0,0,3,534,53,0,0,0
4,0,0,0,0,0,531,54,0,0,0
5,0,0,0,0,0,527,55,0,0,0
6,0,0,0,0,0,528,55,0,0,0
7,0,0,0,0,3,524,53,0,0,0
8,0,0,0,0,0,525,55,0,0,0
9,0,0,0,0,0,519,54,0,0,0
10,0,0,0,0,0,519,55,0,0,0
11,0,0,0,0,3,515,54,0,0,0
12,0,0,0,0,0,519,52,0,0,0
13,0,0,0,0,0,514,53,0,0,0
14,0,0,0,0,0,516,55,0,0,0
15,0,0,0,0,3,507,54,0,0,0
0,0,0,0,0,0,506,55,0,0,0
1,0,0,0,0,0,504,55,0,0,0
2,0,0,0,0,0,507,55,0,0,0
3,0,0,0,0,3,502,53,0,0,0
4,0,0,0,0,0,506,53,0,0,0
5,0,0,0,0,0,500,53,0,0,0
6,0,0,0,0,0,503,54,0,0,0
7,0,0,0,0,3,503,55,0,0,0
8,0,0,0,0,0,508,55,0,0,0
9,0,0,0,0,0,507,55,0,0,0
10,0,0,0,0,0,509,53,0,0,0
11,0,0,0,0,1,506,52,0,0,0
12,0,0,0,0,0,508,52,0,0,0
13,0,0,0,0,0,505,55,0,0,0
14,0,0,0,0,0,504,54,0,0,0
15,0,0,0,0,3,502,53,0,0,0
0,0,0,0,0,0,503,54,0,0,0
1,0,0,0,0,0,498,54,0,0,0
2,0,0,0,0,0,497,55,0,0,0
3,0,0,0,0,3,496,55,0,0,0
4,0,0,0,0,0,499,52,0,0,0
5,0,0,0,0,0,496,52,0,0,0
6,0,0,0,0,0,505,53,0,0,0
7,0,0,0,0,3,504,54,0,0,0
8,0,0,0,0,0,516,55,0,0,0
9,0,0,0,0,0,521,53,0,0,0
10,0,0,0,0,0,523,55,0,0,0
11,0,0,0,0,3,522,54,0,0,0
12,0,0,0,0,0,524,54,0,0,0
13,0,0,0,0,0,515,54,0,0,0
14,0,0,0,0,0,515,55,0,0,0
15,0,0,0,0,3,512,55,0,0,0
0,0,0,0,0,0,515,55,0,0,0
1,0,0,0,0,0,499,55,0,0,0
2,0,0,0,0,0,450,55,0,0,0
3,0,0,0,0,3,465,55,0,0,0
4,0,0,0,0,0,532,55,0,0,0
5,0,0,0,0,0,563,55,0,0,0
6,0,0,0,0,0,506,55,0,0,0
7,0,0,0,0,3,511,55,0,0,0
8,0,0,0,0,0,523,54,0,0,0
9,0,0,0,0,0,519,52,0,0,0
10,0,0,0,0,0,521,55,0,0,0
11,0,0,0,0,3,516,55,0,0,0
12,0,0,0,0,0,517,52,0,0,0
13,0,0,0,0,0,516,53,0,0,0
14,0,0,0,0,0,518,55,0,0,0
15,0,0,0,0,3,511,55,0,0,0
0,0,0,0,0,0,512,53,0,0,0
1,0,0,0,0,0,505,52,0,0,0
2,0,0,0,0,0,507,53,0,0,0
3,0,0,0,0,3,505,52,0,0,0
4,0,0,0,0,0,499,54,0,0,0
5,0,0,0,0,0,494,55,0,0,0
6,0,0,0,0,0,492,54,0,0,0
7,0,0,0,0,1,483,54,0,0,0
8,0,0,0,0,0,487,55,0,0,0
9,0,0,0,0,0,486,52,0,0,0
10,0,0,0,0,0,490,52,0,0,0
11,0,0,0,0,3,492,53,0,0,0
12,0,0,0,0,0,501,53,0,0,0
13,0,0,0,0,0,506,55,0,0,0
14,0,0,0,0,0,515,55,0,0,0
15,0,0,0,0,3,515,55,0,0,0
0,0,0,0,0,0,525,54,0,0,0
1,0,0,0,0,0,521,53,0,0,0
2,0,0,0,0,0,522,52,0,0,0
3,0,0,0,0,3,516,53,0,0,0
4,0,0,0,0,0,517,53,0,0,0
5,0,0,0,0,0,510,52,0,0,0
6,0,0,0,0,0,510,52,0,0,0
7,0,0,0,0,3,507,53,0,0,0
8,0,0,0,0,0,509,54,0,0,0
9,0,0,0,0,0,506,53,0,0,0
10,0,0,0,0,0,508,55,0,0,0
11,0,0,0,0,3,504,53,0,0,0
12,0,0,0,0,0,506,55,0,0,0
13,0,0,0,0,0,504,53,0,0,0
14,0,0,0,0,0,507,55,0,0,0
15,0,0,0,0,3,503,52,0,0,0
0,0,0,0,0,0,506,55,0,0,0
1,0,0,0,0,0,506,54,0,0,0
2,0,0,0,0,0,510,54,0,0,0
3,0,0,0,0,3,508,55,0,0,0
4,0,0,0,0,0,516,53,0,0,0
5,0,0,0,0,0,518,53,0,0,0
6,0,0,0,0,0,518,52,0,0,0
7,0,0,0,0,3,513,54,0,0,0
8,0,0,0,0,0,518,55,0,0,0
9,0,0,0,0,0,512,55,0,0,0
10,0,0,0,0,0,511,55,0,0,0
11,0,0,0,0,3,511,55,0,0,0
12,0,0,0,0,0,511,54,0,0,0
13,0,0,0,0,0,504,55,0,0,0
14,0,0,0,0,0,505,55,0,0,0
15,0,0,0,0,3,502,55,0,0,0
0,0,0,0,0,0,500,55,0,0,0
1,0,0,0,0,0,494,55,0,0,0
2,0,0,0,0,0,496,55,0,0,0
3,0,0,0,0,0,493,55,0,0,0
4,0,0,0,0,0,487,54,0,0,0
5,0,0,0,0,0,490,52,0,0,0
6,0,0,0,0,0,496,55,0,0,0
7,0,0,0,0,3,503,55,0,0,0
8,0,0,0,0,0,516,56,0,0,0
9,0,0,0,0,0,524,53,0,0,0
10,0,0,0,0,0,528,53,0,0,0
11,0,0,0,0,3,524,54,0,0,0
12,0,0,0,0,0,523,55,0,0,0
13,0,0,0,0,0,519,53,0,0,0
14,0,0,0,0,0,521,55,0,0,0
15,0,0,0,0,3,521,56,0,0,0
0,0,0,0,0,0,515,55,0,0,0
1,0,0,0,0,0,469,53,0,0,0
2,0,0,0,0,0,455,56,0,0,0
3,0,0,0,0,3,504,53,0,0,0
4,0,0,0,0,0,575,56,0,0,0
5,0,0,0,0,0,512,55,0,0,0
6,0,0,0,0,0,516,55,0,0,0
7,0,0,0,0,3,527,53,0,0,0
8,0,0,0,0,0,524,54,0,0,0
9,0,0,0,0,0,518,56,0,0,0
10,0,0,0,0,0,513,56,0,0,0
11,0,0,0,0,3,505,55,0,0,0
12,0,0,0,0,0,504,53,0,0,0
13,0,0,0,0,0,494,53,0,0,0
14,0,0,0,0,0,487,54,0,0,0
15,0,0,0,0,3,485,55,0,0,0
0,0,0,0,0,0,489,56,0,0,0
1,0,0,0,0,0,487,55,0,0,0
2,0,0,0,0,0,494,54,0,0,0
3,0,0,0,0,3,492,53,0,0,0
4,0,0,0,0,0,496,55,0,0,0
5,0,0,0,0,0,489,56,0,0,0
6,0,0,0,0,0,491,56,0,0,0
7,0,0,0,0,3,485,55,0,0,0
8,0,0,0,0,0,484,54,0,0,0
9,0,0,0,0,0,484,55,0,0,0
10,0,0,0,0,0,489,56,0,0,0
11,0,0,0,0,3,494,56,0,0,0
12,0,0,0,0,0,506,56,0,0,0
13,0,0,0,0,0,515,55,0,0,0
14,0,0,0,0,0,527,54,0,0,0
15,0,0,0,0,0,533,57,0,0,0
0,0,0,0,0,0,539,54,0,0,0
1,0,0,0,0,0,532,55,0,0,0
2,0,0,0,0,0,533,56,0,0,0
3,0,0,0,0,3,527,54,0,0,0
4,0,0,0,0,0,520,56,0,0,0
5,0,0,0,0,0,514,57,0,0,0
6,0,0,0,0,0,519,56,0,0,0
7,0,0,0,0,3,516,54,0,0,0
8,0,0,0,0,0,512,56,0,0,0
9,0,0,0,0,0,512,56,0,0,0
10,0,0,0,0,0,512,56,0,0,0
11,0,0,0,0,3,512,54,0,0,0
12,0,0,0,0,0,512,56,0,0,0
13,0,0,0,0,0,506,56,0,0,0
14,0,0,0,0,0,508,56,0,0,0
15,0,0,0,0,3,504,55,0,0,0
0,0,0,0,0,0,505,56,0,0,0
1,0,0,0,0,0,502,56,0,0,0
2,0,0,0,0,0,506,55,0,0,0
3,0,0,0,0,3,506,55,0,0,0
4,0,0,0,0,0,507,56,0,0,0
5,0,0,0,0,0,504,57,0,0,0
6,0,0,0,0,0,507,55,0,0,0
7,0,0,0,0,3,507,57,0,0,0
8,0,0,0,0,0,511,56,0,0,0
9,0,0,0,0,0,508,56,0,0,0
10,0,0,0,0,0,505,57,0,0,0
11,0,0,0,0,3,503,55,0,0,0
12,0,0,0,0,0,504,57,0,0,0
13,0,0,0,0,0,503,57,0,0,0
14,0,0,0,0,0,504,55,0,0,0
15,0,0,0,0,3,499,57,0,0,0
0,0,0,0,0,0,499,56,0,0,0
1,0,0,0,0,0,495,56,0,0,0
2,0,0,0,0,0,494,57,0,0,0
3,0,0,0,0,3,490,57,0,0,0
4,0,0,0,0,0,496,56,0,0,0
5,0,0,0,0,0,496,55,0,0,0
6,0,0,0,0,0,509,57,0,0,0
7,0,0,0,0,3,517,57,0,0,0
8,0,0,0,0,0,521,58,0,0,0
9,0,0,0,0,0,518,57,0,0,0
10,0,0,0,0,0,519,55,0,0,0
11,0,0,0,0,1,514,57,0,0,0
12,0,0,0,0,0,513,57,0,0,0
13,0,0,0,0,0,514,57,0,0,0
14,0,0,0,0,0,522,55,0,0,0
15,0,0,0,0,3,508,58,0,0,0
0,0,0,0,0,0,454,58,0,0,0
1,0,0,0,0,0,449,58,0,0,0
2,0,0,0,0,0,526,57,0,0,0
3,0,0,0,0,3,563,56,0,0,0
4,0,0,0,0,0,504,56,0,0,0
5,0,0,0,0,0,515,56,0,0,0
6,0,0,0,0,0,524,58,0,0,0
7,0,0,0,0,3,525,58,0,0,0
8,0,0,0,0,0,528,58,0,0,0
9,0,0,0,0,0,524,57,0,0,0
10,0,0,0,0,0,526,56,0,0,0
11,0,0,0,0,3,525,56,0,0,0
12,0,0,0,0,0,520,56,0,0,0
13,0,0,0,0,0,519,56,0,0,0
14,0,0,0,0,0,519,57,0,0,0
15,0,0,0,0,3,515,58,0,0,0
0,0,0,0,0,0,515,56,0,0,0
1,0,0,0,0,0,507,56,0,0,0
2,0,0,0,0,0,507,56,0,0,0
3,0,0,0,0,3,506,57,0,0,0
4,0,0,0,0,0,504,57,0,0,0
5,0,0,0,0,0,498,57,0,0,0
6,0,0,0,0,0,498,59,0,0,0
7,0,0,0,0,3,495,57,0,0,0
8,0,0,0,0,0,499,57,0,0,0
9,0,0,0,0,0,498,59,0,0,0
10,0,0,0,0,0,506,58,0,0,0
11,0,0,0,0,3,512,56,0,0,0
12,0,0,0,0,0,519,57,0,0,0
13,0,0,0,0,0,525,57,0,0,0
14,0,0,0,0,0,531,56,0,0,0
15,0,0,0,0,3,534,57,0,0,0
0,0,0,0,0,0,537,56,0,0,0
1,0,0,0,0,0,535,57,0,0,0
2,0,0,0,0,0,537,57,0,0,0
3,0,0,0,0,3,536,56,0,0,0
4,0,0,0,0,0,537,56,0,0,0
5,0,0,0,0,0,535,57,0,0,0
6,0,0,0,0,0,536,59,0,0,0
7,0,0,0,0,1,536,59,0,0,0
8,0,0,0,0,0,541,59,0,0,0
9,0,0,0,0,0,539,56,0,0,0
10,0,0,0,0,0,541,59,0,0,0
11,0,0,0,0,3,537,59,0,0,0
12,0,0,0,0,0,538,59,0,0,0
13,0,0,0,0,0,534,59,0,0,0
14,0,0,0,0,0,536,58,0,0,0
15,0,0,0,0,3,531,57,0,0,0
0,0,0,0,0,0,536,57,0,0,0
1,0,0,0,0,0,531,57,0,0,0
2,0,0,0,0,0,529,59,0,0,0
3,0,0,0,0,3,523,60,0,0,0
4,0,0,0,0,0,524,57,0,0,0
5,0,0,0,0,0,521,59,0,0,0
6,0,0,0,0,0,520,60,0,0,0
7,0,0,0,0,3,518,57,0,0,0
8,0,0,0,0,0,519,58,0,0,0
9,0,0,0,0,0,519,59,0,0,0
10,0,0,0,0,0,521,57,0,0,0
11,0,0,0,0,1,520,58,0,0,0
12,0,0,0,0,0,525,60,0,0,0
13,0,0,0,0,0,525,60,0,0,0
14,0,0,0,0,0,526,59,0,0,0
15,0,0,0,0,3,517,58,0,0,0
0,0,0,0,0,0,517,57,0,0,0
1,0,0,0,0,0,510,58,0,0,0
2,0,0,0,0,0,504,60,0,0,0
3,0,0,0,0,3,503,59,0,0,0
4,0,0,0,0,0,503,57,0,0,0
5,0,0,0,0,0,506,59,0,0,0
6,0,0,0,0,0,519,59,0,0,0
7,0,0,0,0,3,519,59,0,0,0
8,0,0,0,0,0,519,59,0,0,0
9,0,0,0,0,0,515,58,0,0,0
10,0,0,0,0,0,515,60,0,0,0
11,0,0,0,0,3,512,57,0,0,0
12,0,0,0,0,0,511,60,0,0,0
13,0,0,0,0,0,512,58,0,0,0
14,0,0,0,0,0,512,60,0,0,0
15,0,0,0,0,3,470,57,0,0,0
0,0,0,0,0,0,432,59,0,0,0
1,0,0,0,0,0,481,60,0,0,0
2,0,0,0,0,0,570,58,0,0,0
3,0,0,0,0,3,511,60,0,0,0
4,0,0,0,0,0,504,57,0,0,0
5,0,0,0,0,0,518,60,0,0,0
6,0,0,0,0,0,519,60,0,0,0
7,0,0,0,0,3,515,58,0,0,0
8,0,0,0,0,0,516,59,0,0,0
9,0,0,0,0,0,512,60,0,0,0
10,0,0,0,0,0,512,60,0,0,0
11,0,0,0,0,3,506,58,0,0,0
12,0,0,0,0,0,505,61,0,0,0
13,0,0,0,0,0,502,59,0,0,0
14,0,0,0,0,0,505,60,0,0,0
15,0,0,0,0,3,504,58,0,0,0
0,0,0,0,0,0,504,60,0,0,0
1,0,0,0,0,0,497,60,0,0,0
2,0,0,0,0,0,498,58,0,0,0
3,0,0,0,0,3,494,60,0,0,0
4,0,0,0,0,0,495,58,0,0,0
5,0,0,0,0,0,491,61,0,0,0
6,0,0,0,0,0,496,59,0,0,0
7,0,0,0,0,1,498,59,0,0,0
8,0,0,0,0,0,497,59,0,0,0
9,0,0,0,0,0,497,60,0,0,0
10,0,0,0,0,0,510,61,0,0,0
11,0,0,0,0,3,516,58,0,0,0
12,0,0,0,0,0,525,59,0,0,0
13,0,0,0,0,0,532,60,0,0,0
14,0,0,0,0,0,535,59,0,0,0
15,0,0,0,0,3,531,60,0,0,0
0,0,0,0,0,0,535,61,0,0,0
1,0,0,0,0,0,531,59,0,0,0
2,0,0,0,0,0,530,61,0,0,0
3,0,0,0,0,3,526,60,0,0,0
4,0,0,0,0,0,528,61,0,0,0
5,0,0,0,0,0,521,58,0,0,0
6,0,0,0,0,0,524,59,0,0,0
7,0,0,0,0,3,522,60,0,0,0
8,0,0,0,0,0,524,60,0,0,0
9,0,0,0,0,0,521,61,0,0,0
10,0,0,0,0,0,524,58,0,0,0
11,0,0,0,0,3,521,60,0,0,0
12,0,0,0,0,0,518,60,0,0,0
13,0,0,0,0,0,515,61,0,0,0
14,0,0,0,0,0,512,59,0,0,0
15,0,0,0,0,3,510,58,0,0,0
0,0,0,0,0,0,515,60,0,0,0
1,0,0,0,0,0,516,60,0,0,0
2,0,0,0,0,0,518,58,0,0,0
3,0,0,0,0,3,514,59,0,0,0
4,0,0,0,0,0,517,61,0,0,0
5,0,0,0,0,0,513,59,0,0,0
6,0,0,0,0,0,518,61,0,0,0
7,0,0,0,0,3,516,58,0,0,0
8,0,0,0,0,0,518,61,0,0,0
9,0,0,0,0,0,518,58,0,0,0
10,0,0,0,0,0,522,61,0,0,0
11,0,0,0,0,3,523,60,0,0,0
12,0,0,0,0,0,525,59,0,0,0
13,0,0,0,0,0,524,60,0,0,0
14,0,0,0,0,0,528,61,0,0,0
15,0,0,0,0,3,523,61,0,0,0
0,0,0,0,0,0,521,58,0,0,0
1,0,0,0,0,0,514,60,0,0,0
2,0,0,0,0,0,510,61,0,0,0
3,0,0,0,0,1,499,60,0,0,0
4,0,0,0,0,0,497,60,0,0,0
5,0,0,0,0,0,499,61,0,0,0
6,0,0,0,0,0,505,59,0,0,0
7,0,0,0,0,3,519,60,0,0,0
8,0,0,0,0,0,528,61,0,0,0
9,0,0,0,0,0,527,61,0,0,0
10,0,0,0,0,0,527,60,0,0,0
11,0,0,0,0,3,523,58,0,0,0
12,0,0,0,0,0,523,59,0,0,0
13,0,0,0,0,0,521,61,0,0,0
14,0,0,0,0,0,520,59,0,0,0
15,0,0,0,0,3,521,59,0,0,0
0,0,0,0,0,0,507,61,0,0,0
1,0,0,0,0,0,449,60,0,0,0
2,0,0,0,0,0,459,60,0,0,0
3,0,0,0,0,3,536,58,0,0,0
4,0,0,0,0,0,543,58,0,0,0
5,0,0,0,0,0,493,60,0,0,0
6,0,0,0,0,0,509,61,0,0,0
7,0,0,0,0,3,515,60,0,0,0
8,0,0,0,0,0,515,58,0,0,0
9,0,0,0,0,0,513,60,0,0,0
10,0,0,0,0,0,512,61,0,0,0
11,0,0,0,0,3,506,61,0,0,0
12,0,0,0,0,0,507,61,0,0,0
13,0,0,0,0,0,504,59,0,0,0
14,0,0,0,0,0,499,58,0,0,0
15,0,0,0,0,3,496,58,0,0,0
0,0,0,0,0,0,497,59,0,0,0
1,0,0,0,0,0,494,59,0,0,0
2,0,0,0,0,0,498,59,0,0,0
3,0,0,0,0,3,498,60,0,0,0
4,0,0,0,0,0,500,60,0,0,0
5,0,0,0,0,0,497,61,0,0,0
6,0,0,0,0,0,497,61,0,0,0
7,0,0,0,0,3,494,61,0,0,0
8,0,0,0,0,0,494,61,0,0,0
9,0,0,0,0,0,489,59,0,0,0
10,0,0,0,0,0,489,58,0,0,0
11,0,0,0,0,3,492,61,0,0,0
12,0,0,0,0,0,501,60,0,0,0
13,0,0,0,0,0,508,58,0,0,0
14,0,0,0,0,0,521,59,0,0,0
15,0,0,0,0,1,526,59,0,0,0
0,0,0,0,0,0,529,61,0,0,0
1,0,0,0,0,0,528,61,0,0,0
2,0,0,0,0,0,527,60,0,0,0
3,0,0,0,0,3,526,59,0,0,0
4,0,0,0,0,0,524,60,0,0,0
5,0,0,0,0,0,519,61,0,0,0
6,0,0,0,0,0,519,61,0,0,0
7,0,0,0,0,3,517,60,0,0,0
8,0,0,0,0,0,520,60,0,0,0
9,0,0,0,0,0,515,61,0,0,0
10,0,0,0,0,0,519,60,0,0,0
11,0,0,0,0,3,516,60,0,0,0
12,0,0,0,0,0,512,61,0,0,0
13,0,0,0,0,0,505,59,0,0,0
14,0,0,0,0,0,512,61,0,0,0
15,0,0,0,0,3,511,59,0,0,0
0,0,0,0,0,0,513,58,0,0,0
1,0,0,0,0,0,510,61,0,0,0
2,0,0,0,0,0,515,61,0,0,0
3,0,0,0,0,3,518,58,0,0,0
4,0,0,0,0,0,519,59,0,0,0
5,0,0,0,0,0,514,61,0,0,0
6,0,0,0,0,0,517,61,0,0,0
7,0,0,0,0,3,512,58,0,0,0
8,0,0,0,0,0,513,59,0,0,0
9,0,0,0,0,0,510,61,0,0,0
10,0,0,0,0,0,514,60,0,0,0
11,0,0,0,0,3,513,58,0,0,0
12,0,0,0,0,0,514,61,0,0,0
13,0,0,0,0,0,510,61,0,0,0
14,0,0,0,0,0,512,59,0,0,0
15,0,0,0,0,3,510,60,0,0,0
0,0,0,0,0,0,508,61,0,0,0
1,0,0,0,0,0,504,59,0,0,0
2,0,0,0,0,0,508,60,0,0,0
3,0,0,0,0,3,501,61,0,0,0
4,0,0,0,0,0,502,60,0,0,0
5,0,0,0,0,0,503,60,0,0,0
6,0,0,0,0,0,502,61,0,0,0
7,0,0,0,0,3,499,61,0,0,0
8,0,0,0,0,0,504,61,0,0,0
9,0,0,0,0,0,505,61,0,0,0
10,0,0,0,0,0,515,58,0,0,0
11,0,0,0,0,1,522,61,0,0,0
12,0,0,0,0,0,525,61,0,0,0
13,0,0,0,0,0,523,60,0,0,0
14,0,0,0,0,0,524,59,0,0,0
15,0,0,0,0,3,521,59,0,0,0
0,0,0,0,0,0,520,59,0,0,0
1,0,0,0,0,0,515,61,0,0,0
2,0,0,0,0,0,515,61,0,0,0
3,0,0,0,0,3,501,59,0,0,0
4,0,0,0,0,0,442,58,0,0,0
5,0,0,0,0,0,429,60,0,0,0
6,0,0,0,0,0,501,61,0,0,0
7,0,0,0,0,3,559,60,0,0,0
8,0,0,0,0,0,495,58,0,0,0
9,0,0,0,0,0,494,60,0,0,0
10,0,0,0,0,0,509,61,0,0,0
11,0,0,0,0,3,509,58,0,0,0
12,0,0,0,0,0,511,61,0,0,0
13,0,0,0,0,0,509,60,0,0,0
14,0,0,0,0,0,514,59,0,0,0
15,0,0,0,0,3,510,60,0,0,0
0,0,0,0,0,0,518,61,0,0,0
1,0,0,0,0,0,518,58,0,0,0
2,0,0,0,0,0,521,61,0,0,0
3,0,0,0,0,3,520,58,0,0,0
4,0,0,0,0,0,516,61,0,0,0
5,0,0,0,0,0,512,61,0,0,0
6,0,0,0,0,0,510,59,0,0,0
7,0,0,0,0,3,505,60,0,0,0
8,0,0,0,0,0,498,60,0,0,0
9,0,0,0,0,0,490,58,0,0,0
10,0,0,0,0,0,488,61,0,0,0
11,0,0,0,0,3,485,58,0,0,0
12,0,0,0,0,0,488,60,0,0,0
13,0,0,0,0,0,486,60,0,0,0
14,0,0,0,0,0,490,61,0,0,0
15,0,0,0,0,3,494,58,0,0,0
0,0,0,0,0,0,501,61,0,0,0
1,0,0,0,0,0,505,60,0,0,0
2,0,0,0,0,0,510,59,0,0,0
3,0,0,0,0,3,512,61,0,0,0
4,0,0,0,0,0,515,60,0,0,0
5,0,0,0,0,0,507,58,0,0,0
6,0,0,0,0,0,508,60,0,0,0
7,0,0,0,0,0,503,61,0,0,0
8,0,0,0,0,0,503,59,0,0,0
9,0,0,0,0,0,496,60,0,0,0
10,0,0,0,0,0,497,61,0,0,0
11,0,0,0,0,3,495,58,0,0,0
12,0,0,0,0,0,496,60,0,0,0
13,0,0,0,0,0,491,60,0,0,0
14,0,0,0,0,0,496,61,0,0,0
15,0,0,0,0,3,493,61,0,0,0
0,0,0,0,0,0,494,59,0,0,0
1,0,0,0,0,0,489,60,0,0,0
2,0,0,0,0,0,492,59,0,0,0
3,0,0,0,0,3,491,61,0,0,0
4,0,0,0,0,0,494,61,0,0,0
5,0,0,0,0,0,492,60,0,0,0
6,0,0,0,0,0,495,60,0,0,0
7,0,0,0,0,3,491,61,0,0,0
8,0,0,0,0,0,497,59,0,0,0
9,0,0,0,0,0,499,61,0,0,0
10,0,0,0,0,0,497,60,0,0,0
11,0,0,0,0,3,493,60,0,0,0
12,0,0,0,0,0,495,59,0,0,0
13,0,0,0,0,0,492,60,0,0,0
14,0,0,0,0,0,496,61,0,0,0
15,0,0,0,0,3,492,61,0,0,0
0,0,0,0,0,0,492,58,0,0,0
1,0,0,0,0,0,495,60,0,0,0
2,0,0,0,0,0,499,61,0,0,0
3,0,0,0,0,3,496,61,0,0,0
4,0,0,0,0,0,494,61,0,0,0
5,0,0,0,0,0,492,61,0,0,0
6,0,0,0,0,0,495,59,0,0,0
7,0,0,0,0,3,489,58,0,0,0
8,0,0,0,0,0,499,60,0,0,0
9,0,0,0,0,0,502,60,0,0,0
10,0,0,0,0,0,508,60,0,0,0
11,0,0,0,0,3,515,59,0,0,0
12,0,0,0,0,0,523,60,0,0,0
13,0,0,0,0,0,519,60,0,0,0
14,0,0,0,0,0,519,59,0,0,0
15,0,0,0,0,3,515,61,0,0,0
0,0,0,0,0,0,518,58,0,0,0
1,0,0,0,0,0,516,60,0,0,0
2,0,0,0,0,0,520,61,0,0,0
3,0,0,0,0,1,514,58,0,0,0
4,0,0,0,0,0,477,61,0,0,0
5,0,0,0,0,0,448,58,0,0,0
6,0,0,0,0,0,490,61,0,0,0
7,0,0,0,0,3,575,59,0,0,0
8,0,0,0,0,0,527,61,0,0,0
9,0,0,0,0,0,503,58,0,0,0
10,0,0,0,0,0,519,61,0,0,0
11,0,0,0,0,3,522,59,0,0,0
12,0,0,0,0,0,527,59,0,0,0
13,0,0,0,0,0,524,61,0,0,0
14,0,0,0,0,0,525,59,0,0,0
15,0,0,0,0,3,525,60,0,0,0
0,0,0,0,0,0,524,60,0,0,0
1,0,0,0,0,0,517,60,0,0,0
2,0,0,0,0,0,519,59,0,0,0
3,0,0,0,0,3,514,60,0,0,0
4,0,0,0,0,0,510,61,0,0,0
5,0,0,0,0,0,506,59,0,0,0
6,0,0,0,0,0,506,59,0,0,0
7,0,0,0,0,1,505,61,0,0,0
8,0,0,0,0,0,510,58,0,0,0
9,0,0,0,0,0,502,61,0,0,0
10,0,0,0,0,0,499,58,0,0,0
11,0,0,0,0,3,498,60,0,0,0
12,0,0,0,0,0,500,58,0,0,0
13,0,0,0,0,0,500,60,0,0,0
14,0,0,0,0,0,510,60,0,0,0
15,0,0,0,0,3,514,61,0,0,0
0,0,0,0,0,0,525,59,0,0,0
1,0,0,0,0,0,530,61,0,0,0
2,0,0,0,0,0,534,60,0,0,0
3,0,0,0,0,3,534,60,0,0,0
4,0,0,0,0,0,532,58,0,0,0
5,0,0,0,0,0,530,61,0,0,0
6,0,0,0,0,0,529,58,0,0,0
7,0,0,0,0,3,524,61,0,0,0
8,0,0,0,0,0,524,60,0,0,0
9,0,0,0,0,0,520,61,0,0,0
10,0,0,0,0,0,521,58,0,0,0
11,0,0,0,0,3,518,61,0,0,0
12,0,0,0,0,0,518,60,0,0,0
13,0,0,0,0,0,515,61,0,0,0
14,0,0,0,0,0,519,58,0,0,0
15,0,0,0,0,3,520,60,0,0,0
0,0,0,0,0,0,524,61,0,0,0
1,0,0,0,0,0,517,58,0,0,0
2,0,0,0,0,0,515,61,0,0,0
3,0,0,0,0,3,516,59,0,0,0
4,0,0,0,0,0,524,61,0,0,0
5,0,0,0,0,0,525,58,0,0,0
6,0,0,0,0,0,528,60,0,0,0
7,0,0,0,0,3,526,59,0,0,0
8,0,0,0,0,0,528,60,0,0,0
9,0,0,0,0,0,527,61,0,0,0
10,0,0,0,0,0,527,61,0,0,0
11,0,0,0,0,3,520,59,0,0,0
12,0,0,0,0,0,521,58,0,0,0
13,0,0,0,0,0,517,59,0,0,0
14,0,0,0,0,0,519,60,0,0,0
15,0,0,0,0,3,517,61,0,0,0
0,0,0,0,0,0,519,61,0,0,0
1,0,0,0,0,0,511,59,0,0,0
2,0,0,0,0,0,503,59,0,0,0
3,0,0,0,0,1,500,60,0,0,0
4,0,0,0,0,0,503,61,0,0,0
5,0,0,0,0,0,495,58,0,0,0
6,0,0,0,0,0,500,60,0,0,0
7,0,0,0,0,3,499,60,0,0,0
8,0,0,0,0,0,507,60,0,0,0
9,0,0,0,0,0,516,58,0,0,0
10,0,0,0,0,0,525,60,0,0,0
11,0,0,0,0,3,522,60,0,0,0
12,0,0,0,0,0,520,61,0,0,0
13,0,0,0,0,0,521,60,0,0,0
14,0,0,0,0,0,524,60,0,0,0
15,0,0,0,0,3,520,61,0,0,0
0,0,0,0,0,0,527,58,0,0,0
1,0,0,0,0,0,523,60,0,0,0
2,0,0,0,0,0,493,60,0,0,0
3,0,0,0,0,3,463,60,0,0,0
4,0,0,0,0,0,492,61,0,0,0
5,0,0,0,0,0,569,60,0,0,0
6,0,0,0,0,0,532,60,0,0,0
7,0,0,0,0,3,503,59,0,0,0
8,0,0,0,0,0,519,58,0,0,0
9,0,0,0,0,0,524,58,0,0,0
10,0,0,0,0,0,525,59,0,0,0
11,0,0,0,0,3,524,61,0,0,0
12,0,0,0,0,0,524,58,0,0,0
13,0,0,0,0,0,524,60,0,0,0
14,0,0,0,0,0,523,61,0,0,0
15,0,0,0,0,3,517,59,0,0,0
0,0,0,0,0,0,518,58,0,0,0
1,0,0,0,0,0,514,61,0,0,0
2,0,0,0,0,0,517,58,0,0,0
3,0,0,0,0,3,515,60,0,0,0
4,0,0,0,0,0,513,58,0,0,0
5,0,0,0,0,0,507,60,0,0,0
6,0,0,0,0,0,502,60,0,0,0
7,0,0,0,0,3,499,60,0,0,0
8,0,0,0,0,0,499,58,0,0,0
9,0,0,0,0,0,497,60,0,0,0
10,0,0,0,0,0,498,60,0,0,0
11,0,0,0,0,3,497,58,0,0,0
12,0,0,0,0,0,495,60,0,0,0
13,0,0,0,0,0,497,60,0,0,0
14,0,0,0,0,0,508,61,0,0,0
15,0,0,0,0,1,510,58,0,0,0
0,0,0,0,0,0,518,59,0,0,0
1,0,0,0,0,0,522,60,0,0,0
2,0,0,0,0,0,523,60,0,0,0
3,0,0,0,0,3,516,60,0,0,0
4,0,0,0,0,0,517,58,0,0,0
5,0,0,0,0,0,512,59,0,0,0
6,0,0,0,0,0,510,61,0,0,0
7,0,0,0,0,3,508,58,0,0,0
8,0,0,0,0,0,509,59,0,0,0
9,0,0,0,0,0,508,60,0,0,0
10,0,0,0,0,0,508,58,0,0,0
11,0,0,0,0,3,506,61,0,0,0
12,0,0,0,0,0,504,58,0,0,0
13,0,0,0,0,0,500,60,0,0,0
14,0,0,0,0,0,503,60,0,0,0
15,0,0,0,0,3,500,60,0,0,0
0,0,0,0,0,0,505,58,0,0,0
1,0,0,0,0,0,502,58,0,0,0
2,0,0,0,0,0,505,60,0,0,0
3,0,0,0,0,3,511,61,0,0,0
4,0,0,0,0,0,515,60,0,0,0
5,0,0,0,0,0,521,59,0,0,0
6,0,0,0,0,0,524,59,0,0,0
7,0,0,0,0,3,520,60,0,0,0
8,0,0,0,0,0,520,58,0,0,0
9,0,0,0,0,0,513,59,0,0,0
10,0,0,0,0,0,511,58,0,0,0
11,0,0,0,0,3,510,60,0,0,0
12,0,0,0,0,0,512,58,0,0,0
13,0,0,0,0,0,511,60,0,0,0
14,0,0,0,0,0,512,58,0,0,0
15,0,0,0,0,3,514,60,0,0,0
0,0,0,0,0,0,517,60,0,0,0
1,0,0,0,0,0,517,60,0,0,0
2,0,0,0,0,0,521,58,0,0,0
3,0,0,0,0,3,514,58,0,0,0
4,0,0,0,0,0,512,60,0,0,0
5,0,0,0,0,0,510,58,0,0,0
6,0,0,0,0,0,508,60,0,0,0
7,0,0,0,0,3,512,58,0,0,0
8,0,0,0,0,1,521,60,0,0,0
9,0,0,0,0,0,527,60,0,0,0
10,0,0,0,0,0,529,58,0,0,0
11,0,0,0,0,0,528,60,0,0,0
12,0,0,0,0,0,530,60,0,0,0
13,0,0,0,0,0,527,58,0,0,0
14,0,0,0,0,0,530,60,0,0,0
15,0,0,0,0,3,529,59,0,0,0
0,0,0,0,0,0,517,60,0,0,0
1,0,0,0,0,0,462,60,0,0,0
2,0,0,0,0,0,455,59,0,0,0
3,0,0,0,0,3,508,60,0,0,0
4,0,0,0,0,0,561,58,0,0,0
5,0,0,0,0,0,499,60,0,0,0
6,0,0,0,0,0,507,58,0,0,0
7,0,0,0,0,3,509,60,0,0,0
8,0,0,0,0,0,508,60,0,0,0
9,0,0,0,0,0,507,57,0,0,0
10,0,0,0,0,0,508,60,0,0,0
11,0,0,0,0,3,508,60,0,0,0
12,0,0,0,0,0,509,60,0,0,0
13,0,0,0,0,0,505,59,0,0,0
14,0,0,0,0,0,504,59,0,0,0
15,0,0,0,0,3,500,60,0,0,0
0,0,0,0,0,0,502,59,0,0,0
1,0,0,0,0,0,502,59,0,0,0
2,0,0,0,0,0,503,59,0,0,0
3,0,0,0,0,3,499,58,0,0,0
4,0,0,0,0,0,501,60,0,0,0
5,0,0,0,0,0,498,58,0,0,0
6,0,0,0,0,0,496,60,0,0,0
7,0,0,0,0,3,492,60,0,0,0
8,0,0,0,0,0,491,58,0,0,0
9,0,0,0,0,0,487,60,0,0,0
10,0,0,0,0,0,492,58,0,0,0
11,0,0,0,0,3,492,60,0,0,0
12,0,0,0,0,0,508,60,0,0,0
13,0,0,0,0,0,519,60,0,0,0
14,0,0,0,0,0,527,59,0,0,0
15,0,0,0,0,3,529,60,0,0,0
0,0,0,0,0,0,531,58,0,0,0
1,0,0,0,0,0,528,60,0,0,0
2,0,0,0,0,0,527,58,0,0,0
3,0,0,0,0,3,522,58,0,0,0
4,0,0,0,0,0,522,60,0,0,0
5,0,0,0,0,0,518,58,0,0,0
6,0,0,0,0,0,519,60,0,0,0
7,0,0,0,0,0,515,60,0,0,0
8,0,0,0,0,0,519,59,0,0,0
9,0,0,0,0,0,520,59,0,0,0
10,0,0,0,0,0,523,60,0,0,0
11,0,0,0,0,3,517,59,0,0,0
12,0,0,0,0,0,517,60,0,0,0
13,0,0,0,0,0,513,60,0,0,0
14,0,0,0,0,0,514,57,0,0,0
15,0,0,0,0,3,513,60,0,0,0
0,0,0,0,0,0,514,57,0,0,0
1,0,0,0,0,0,514,60,0,0,0
2,0,0,0,0,0,519,58,0,0,0
3,0,0,0,0,3,518,59,0,0,0
4,0,0,0,0,0,521,60,0,0,0
5,0,0,0,0,0,521,60,0,0,0
6,0,0,0,0,0,520,60,0,0,0
7,0,0,0,0,3,514,57,0,0,0
8,0,0,0,0,0,511,60,0,0,0
9,0,0,0,0,0,509,57,0,0,0
10,0,0,0,0,0,513,60,0,0,0
11,0,0,0,0,3,512,60,0,0,0
12,0,0,0,0,0,512,58,0,0,0
13,0,0,0,0,0,509,58,0,0,0
14,0,0,0,0,0,514,60,0,0,0
15,0,0,0,0,3,508,60,0,0,0
0,0,0,0,0,0,510,60,0,0,0
1,0,0,0,0,0,508,60,0,0,0
2,0,0,0,0,0,505,59,0,0,0
3,0,0,0,0,3,502,60,0,0,0
4,0,0,0,0,0,500,57,0,0,0
5,0,0,0,0,0,499,60,0,0,0
6,0,0,0,0,0,508,58,0,0,0
7,0,0,0,0,3,511,59,0,0,0
8,0,0,0,0,0,513,60,0,0,0
9,0,0,0,0,0,509,57,0,0,0
10,0,0,0,0,0,515,60,0,0,0
11,0,0,0,0,3,512,59,0,0,0
12,0,0,0,0,0,516,57,0,0,0
13,0,0,0,0,0,519,60,0,0,0
14,0,0,0,0,0,520,58,0,0,0
15,0,0,0,0,3,488,60,0,0,0
0,0,0,0,0,0,441,58,0,0,0
1,0,0,0,0,0,464,59,0,0,0
2,0,0,0,0,0,551,60,0,0,0
3,0,0,0,0,0,523,59,0,0,0
4,0,0,0,0,0,493,59,0,0,0
5,0,0,0,0,0,505,59,0,0,0
6,0,0,0,0,0,512,60,0,0,0
7,0,0,0,0,3,508,57,0,0,0
8,0,0,0,0,0,509,60,0,0,0
9,0,0,0,0,0,508,59,0,0,0
10,0,0,0,0,0,510,59,0,0,0
11,0,0,0,0,3,508,58,0,0,0
12,0,0,0,0,0,510,59,0,0,0
13,0,0,0,0,0,507,60,0,0,0
14,0,0,0,0,0,505,60,0,0,0
15,0,0,0,0,3,502,58,0,0,0
0,0,0,0,0,0,501,60,0,0,0
1,0,0,0,0,0,498,57,0,0,0
2,0,0,0,0,0,500,59,0,0,0
3,0,0,0,0,3,497,58,0,0,0
4,0,0,0,0,0,496,60,0,0,0
5,0,0,0,0,0,488,57,0,0,0
6,0,0,0,0,0,488,60,0,0,0
7,0,0,0,0,3,486,60,0,0,0
8,0,0,0,0,0,486,57,0,0,0
9,0,0,0,0,0,486,59,0,0,0
10,0,0,0,0,0,496,60,0,0,0
11,0,0,0,0,3,501,60,0,0,0
12,0,0,0,0,0,510,60,0,0,0
13,0,0,0,0,0,515,57,0,0,0
14,0,0,0,0,0,522,60,0,0,0
15,0,0,0,0,3,528,57,0,0,0
0,0,0,0,0,0,530,58,0,0,0
1,0,0,0,0,0,528,60,0,0,0
2,0,0,0,0,0,533,60,0,0,0
3,0,0,0,0,3,531,59,0,0,0
4,0,0,0,0,0,533,59,0,0,0
5,0,0,0,0,0,534,58,0,0,0
6,0,0,0,0,0,536,58,0,0,0
7,0,0,0,0,3,531,59,0,0,0
8,0,0,0,0,0,531,57,0,0,0
9,0,0,0,0,0,525,59,0,0,0
10,0,0,0,0,0,525,60,0,0,0
11,0,0,0,0,3,520,57,0,0,0
12,0,0,0,0,1,519,60,0,0,0
13,0,0,0,0,0,515,58,0,0,0
14,0,0,0,0,0,518,58,0,0,0
15,0,0,0,0,1,517,59,0,0,0
0,0,0,0,0,0,519,59,0,0,0
1,0,0,0,0,0,518,58,0,0,0
2,0,0,0,0,0,519,57,0,0,0
3,0,0,0,0,3,514,60,0,0,0
4,0,0,0,0,0,512,57,0,0,0
5,0,0,0,0,0,507,59,0,0,0
6,0,0,0,0,0,508,57,0,0,0
7,0,0,0,0,3,505,59,0,0,0
8,0,0,0,0,0,504,59,0,0,0
9,0,0,0,0,0,505,59,0,0,0
10,0,0,0,0,0,509,59,0,0,0
11,0,0,0,0,3,507,59,0,0,0
12,0,0,0,0,0,509,60,0,0,0
13,0,0,0,0,0,511,57,0,0,0
14,0,0,0,0,0,514,60,0,0,0
15,0,0,0,0,3,514,60,0,0,0
0,0,0,0,0,0,507,58,0,0,0
1,0,0,0,0,0,501,60,0,0,0
2,0,0,0,0,0,504,58,0,0,0
3,0,0,0,0,0,495,58,0,0,0
4,0,0,0,0,0,494,60,0,0,0
5,0,0,0,0,0,492,58,0,0,0
6,0,0,0,0,0,499,60,0,0,0
7,0,0,0,0,3,509,57,0,0,0
8,0,0,0,0,0,518,60,0,0,0
9,0,0,0,0,0,516,57,0,0,0
10,0,0,0,0,0,518,59,0,0,0
11,0,0,0,0,3,519,60,0,0,0
12,0,0,0,0,0,528,59,0,0,0
13,0,0,0,0,0,526,57,0,0,0
14,0,0,0,0,0,526,60,0,0,0
15,0,0,0,0,3,527,58,0,0,0
0,0,0,0,0,0,511,57,0,0,0
1,0,0,0,0,0,455,59,0,0,0
2,0,0,0,0,0,472,57,0,0,0
3,0,0,0,0,3,543,59,0,0,0
4,0,0,0,0,0,546,60,0,0,0
5,0,0,0,0,0,498,57,0,0,0
6,0,0,0,0,0,515,59,0,0,0
7,0,0,0,0,3,520,58,0,0,0
8,0,0,0,0,0,525,59,0,0,0
9,0,0,0,0,0,522,59,0,0,0
10,0,0,0,0,0,524,58,0,0,0
11,0,0,0,0,3,518,59,0,0,0
12,0,0,0,0,0,518,57,0,0,0
13,0,0,0,0,0,512,59,0,0,0
14,0,0,0,0,0,511,60,0,0,0
15,0,0,0,0,3,505,57,0,0,0
0,0,0,0,0,0,505,59,0,0,0
1,0,0,0,0,0,501,60,0,0,0
2,0,0,0,0,0,505,59,0,0,0
3,0,0,0,0,3,501,60,0,0,0
4,0,0,0,0,0,501,58,0,0,0
5,0,0,0,0,0,496,59,0,0,0
6,0,0,0,0,0,491,57,0,0,0
7,0,0,0,0,3,479,59,0,0,0
8,0,0,0,0,0,482,60,0,0,0
9,0,0,0,0,0,484,57,0,0,0
10,0,0,0,0,0,488,59,0,0,0
11,0,0,0,0,3,490,58,0,0,0
12,0,0,0,0,0,503,59,0,0,0
13,0,0,0,0,0,511,58,0,0,0
14,0,0,0,0,0,518,60,0,0,0
15,0,0,0,0,0,517,57,0,0,0
0,0,0,0,0,0,523,59,0,0,0
1,0,0,0,0,0,524,60,0,0,0
2,0,0,0,0,0,527,57,0,0,0
3,0,0,0,0,3,526,59,0,0,0
4,0,0,0,0,0,527,60,0,0,0
5,0,0,0,0,0,520,57,0,0,0
6,0,0,0,0,0,521,59,0,0,0
7,0,0,0,0,3,515,59,0,0,0
8,0,0,0,0,0,514,58,0,0,0
9,0,0,0,0,0,510,57,0,0,0
10,0,0,0,0,0,509,60,0,0,0
11,0,0,0,0,3,506,57,0,0,0
12,0,0,0,0,0,508,60,0,0,0
13,0,0,0,0,0,510,58,0,0,0
14,0,0,0,0,0,513,57,0,0,0
15,0,0,0,0,3,510,58,0,0,0
0,0,0,0,0,0,516,60,0,0,0
1,0,0,0,0,0,516,60,0,0,0
2,0,0,0,0,0,516,60,0,0,0
3,0,0,0,0,3,511,58,0,0,0
4,0,0,0,0,0,511,58,0,0,0
5,0,0,0,0,0,505,59,0,0,0
6,0,0,0,0,0,505,60,0,0,0
7,0,0,0,0,3,501,60,0,0,0
8,0,0,0,0,0,504,57,0,0,0
9,0,0,0,0,0,505,59,0,0,0
10,0,0,0,0,0,504,60,0,0,0
11,0,0,0,0,3,503,57,0,0,0
12,0,0,0,0,0,507,59,0,0,0
13,0,0,0,0,0,508,60,0,0,0
14,0,0,0,0,0,512,60,0,0,0
15,0,0,0,0,3,511,57,0,0,0
0,0,0,0,0,0,510,60,0,0,0
1,0,0,0,0,0,507,57,0,0,0
2,0,0,0,0,0,510,57,0,0,0
3,0,0,0,0,3,505,57,0,0,0
4,0,0,0,0,0,500,57,0,0,0
5,0,0,0,0,0,496,57,0,0,0
6,0,0,0,0,0,500,58,0,0,0
7,0,0,0,0,3,499,57,0,0,0
8,0,0,0,0,0,512,59,0,0,0
9,0,0,0,0,0,520,57,0,0,0
10,0,0,0,0,0,521,59,0,0,0
11,0,0,0,0,1,519,59,0,0,0
12,0,0,0,0,0,519,60,0,0,0
13,0,0,0,0,0,514,59,0,0,0
14,0,0,0,0,0,515,57,0,0,0
15,0,0,0,0,3,513,57,0,0,0
0,0,0,0,0,0,518,60,0,0,0
1,0,0,0,0,0,499,59,0,0,0
2,0,0,0,0,0,444,59,0,0,0
3,0,0,0,0,3,449,57,0,0,0
4,0,0,0,0,0,527,57,0,0,0
5,0,0,0,0,0,550,57,0,0,0
6,0,0,0,0,0,496,57,0,0,0
7,0,0,0,0,3,509,59,0,0,0
8,0,0,0,0,0,518,58,0,0,0
9,0,0,0,0,0,516,59,0,0,0
10,0,0,0,0,0,518,57,0,0,0
11,0,0,0,0,3,515,58,0,0,0
12,0,0,0,0,0,511,59,0,0,0
13,0,0,0,0,0,506,57,0,0,0
14,0,0,0,0,0,508,59,0,0,0
15,0,0,0,0,3,508,57,0,0,0
0,0,0,0,0,0,508,59,0,0,0
1,0,0,0,0,0,504,60,0,0,0
2,0,0,0,0,0,510,58,0,0,0
3,0,0,0,0,3,505,57,0,0,0
4,0,0,0,0,0,505,60,0,0,0
5,0,0,0,0,0,499,59,0,0,0
6,0,0,0,0,0,498,58,0,0,0
7,0,0,0,0,3,495,58,0,0,0
8,0,0,0,0,0,496,60,0,0,0
9,0,0,0,0,0,492,58,0,0,0
10,0,0,0,0,0,492,58,0,0,0
11,0,0,0,0,3,493,58,0,0,0
12,0,0,0,0,0,503,59,0,0,0
13,0,0,0,0,0,507,59,0,0,0
14,0,0,0,0,0,514,57,0,0,0
15,0,0,0,0,3,519,58,0,0,0
0,0,0,0,0,0,524,60,0,0,0
1,0,0,0,0,0,521,57,0,0,0
2,0,0,0,0,0,523,57,0,0,0
3,0,0,0,0,3,519,58,0,0,0
4,0,0,0,0,0,523,58,0,0,0
5,0,0,0,0,0,519,59,0,0,0
6,0,0,0,0,0,524,57,0,0,0
7,0,0,0,0,0,519,59,0,0,0
8,0,0,0,0,0,521,59,0,0,0
9,0,0,0,0,0,519,57,0,0,0
10,0,0,0,0,0,520,59,0,0,0
11,0,0,0,0,3,520,58,0,0,0
12,0,0,0,0,0,524,58,0,0,0
13,0,0,0,0,0,521,59,0,0,0
14,0,0,0,0,0,522,58,0,0,0
15,0,0,0,0,3,519,59,0,0,0
0,0,0,0,0,0,520,58,0,0,0
1,0,0,0,0,0,517,56,0,0,0
2,0,0,0,0,0,518,59,0,0,0
3,0,0,0,0,3,517,58,0,0,0
4,0,0,0,0,0,517,59,0,0,0
5,0,0,0,0,0,515,59,0,0,0
6,0,0,0,0,0,516,57,0,0,0
7,0,0,0,0,3,514,59,0,0,0
8,0,0,0,0,0,518,59,0,0,0
9,0,0,0,0,0,513,57,0,0,0
10,0,0,0,0,0,512,59,0,0,0
11,0,0,0,0,3,504,57,0,0,0
12,0,0,0,0,0,507,59,0,0,0
13,0,0,0,0,0,505,57,0,0,0
14,0,0,0,0,0,508,59,0,0,0
15,0,0,0,0,3,509,57,0,0,0
0,0,0,0,0,0,516,59,0,0,0
1,0,0,0,0,0,518,60,0,0,0
2,0,0,0,0,0,518,57,0,0,0
3,0,0,0,0,3,514,59,0,0,0
4,0,0,0,0,0,510,58,0,0,0
5,0,0,0,0,0,505,58,0,0,0
6,0,0,0,0,0,506,60,0,0,0
7,0,0,0,0,3,496,57,0,0,0
8,0,0,0,0,0,503,59,0,0,0
9,0,0,0,0,0,504,57,0,0,0
10,0,0,0,0,0,515,57,0,0,0
11,0,0,0,0,3,524,57,0,0,0
12,0,0,0,0,0,528,59,0,0,0
13,0,0,0,0,0,524,58,0,0,0
14,0,0,0,0,0,523,58,0,0,0
15,0,0,0,0,3,519,59,0,0,0
0,0,0,0,0,1,519,57,0,0,0
1,0,0,0,0,0,518,58,0,0,0
2,0,0,0,0,0,527,57,0,0,0
3,0,0,0,0,1,521,57,0,0,0
4,0,0,0,0,0,485,59,0,0,0
5,0,0,0,0,0,438,57,0,0,0
6,0,0,0,0,0,485,59,0,0,0
7,0,0,0,0,3,572,56,0,0,0
8,0,0,0,0,0,515,59,0,0,0
9,0,0,0,0,0,500,59,0,0,0
10,0,0,0,0,0,515,58,0,0,0
11,0,0,0,0,3,511,56,0,0,0
12,0,0,0,0,0,511,57,0,0,0
13,0,0,0,0,0,507,59,0,0,0
14,0,0,0,0,0,507,58,0,0,0
15,0,0,0,0,3,501,57,0,0,0
0,0,0,0,0,0,506,57,0,0,0
1,0,0,0,0,0,503,59,0,0,0
2,0,0,0,0,0,501,57,0,0,0
3,0,0,0,0,3,498,58,0,0,0
4,0,0,0,0,0,502,59,0,0,0
5,0,0,0,0,0,498,56,0,0,0
6,0,0,0,0,0,500,58,0,0,0
7,0,0,0,0,3,497,59,0,0,0
8,0,0,0,0,0,497,56,0,0,0
9,0,0,0,0,0,494,57,0,0,0
10,0,0,0,0,0,497,59,0,0,0
11,0,0,0,0,3,493,59,0,0,0
12,0,0,0,0,0,496,56,0,0,0
13,0,0,0,0,0,492,59,0,0,0
14,0,0,0,0,0,499,59,0,0,0
15,0,0,0,0,3,503,56,0,0,0
0,0,0,0,0,0,515,59,0,0,0
1,0,0,0,0,0,523,57,0,0,0
2,0,0,0,0,0,532,59,0,0,0
3,0,0,0,0,3,532,59,0,0,0
4,0,0,0,0,0,534,58,0,0,0
5,0,0,0,0,0,531,59,0,0,0
6,0,0,0,0,0,533,57,0,0,0
7,0,0,0,0,3,526,59,0,0,0
8,0,0,0,0,0,525,58,0,0,0
9,0,0,0,0,0,520,56,0,0,0
10,0,0,0,0,0,523,57,0,0,0
11,0,0,0,0,3,518,58,0,0,0
12,0,0,0,0,0,522,58,0,0,0
13,0,0,0,0,0,519,58,0,0,0
14,0,0,0,0,0,518,56,0,0,0
15,0,0,0,0,1,515,59,0,0,0
0,0,0,0,0,0,516,57,0,0,0
1,0,0,0,0,0,516,59,0,0,0
2,0,0,0,0,0,520,56,0,0,0
3,0,0,0,0,3,521,58,0,0,0
4,0,0,0,0,0,519,59,0,0,0
5,0,0,0,0,0,517,57,0,0,0
6,0,0,0,0,0,516,58,0,0,0
7,0,0,0,0,3,513,59,0,0,0
8,0,0,0,0,0,516,57,0,0,0
9,0,0,0,0,0,516,57,0,0,0
10,0,0,0,0,0,518,59,0,0,0
11,0,0,0,0,3,515,57,0,0,0
12,0,0,0,0,0,515,59,0,0,0
13,0,0,0,0,0,511,58,0,0,0
14,0,0,0,0,0,511,58,0,0,0
15,0,0,0,0,3,506,59,0,0,0
0,0,0,0,0,0,510,57,0,0,0
1,0,0,0,0,0,506,57,0,0,0
2,0,0,0,0,0,506,57,0,0,0
3,0,0,0,0,3,502,59,0,0,0
4,0,0,0,0,0,504,59,0,0,0
5,0,0,0,0,0,501,57,0,0,0
6,0,0,0,0,0,503,57,0,0,0
7,0,0,0,0,3,503,59,0,0,0
8,0,0,0,0,0,504,59,0,0,0
9,0,0,0,0,0,495,58,0,0,0
10,0,0,0,0,0,500,57,0,0,0
11,0,0,0,0,3,499,57,0,0,0
12,0,0,0,0,0,504,58,0,0,0
13,0,0,0,0,0,513,58,0,0,0
14,0,0,0,0,0,526,59,0,0,0
15,0,0,0,0,3,526,56,0,0,0
0,0,0,0,0,0,525,59,0,0,0
1,0,0,0,0,0,521,56,0,0,0
2,0,0,0,0,0,520,59,0,0,0
3,0,0,0,0,3,515,57,0,0,0
4,0,0,0,0,0,518,59,0,0,0
5,0,0,0,0,0,512,56,0,0,0
6,0,0,0,0,0,486,59,0,0,0
7,0,0,0,0,3,438,56,0,0,0
8,0,0,0,0,0,475,58,0,0,0
9,0,0,0,0,0,562,59,0,0,0
10,0,0,0,0,0,530,56,0,0,0
11,0,0,0,0,1,493,58,0,0,0
12,0,0,0,0,0,516,59,0,0,0
13,0,0,0,0,0,520,56,0,0,0
14,0,0,0,0,0,526,56,0,0,0
15,0,0,0,0,3,521,57,0,0,0
0,0,0,0,0,0,522,58,0,0,0
1,0,0,0,0,0,523,59,0,0,0
2,0,0,0,0,0,521,59,0,0,0
3,0,0,0,0,3,518,58,0,0,0
4,0,0,0,0,0,516,58,0,0,0
5,0,0,0,0,0,512,58,0,0,0
6,0,0,0,0,0,515,59,0,0,0
7,0,0,0,0,3,513,56,0,0,0
8,0,0,0,0,0,515,58,0,0,0
9,0,0,0,0,0,508,57,0,0,0
10,0,0,0,0,0,507,59,0,0,0
11,0,0,0,0,3,502,58,0,0,0
12,0,0,0,0,0,503,56,0,0,0
13,0,0,0,0,0,494,58,0,0,0
14,0,0,0,0,0,494,57,0,0,0
15,0,0,0,0,1,488,58,0,0,0
0,0,0,0,0,0,493,59,0,0,0
1,0,0,0,0,0,494,57,0,0,0
2,0,0,0,0,0,504,59,0,0,0
3,0,0,0,0,3,511,57,0,0,0
4,0,0,0,0,0,519,57,0,0,0
5,0,0,0,0,0,521,59,0,0,0
6,0,0,0,0,0,524,57,0,0,0
7,0,0,0,0,3,518,57,0,0,0
8,0,0,0,0,0,521,58,0,0,0
9,0,0,0,0,0,519,58,0,0,0
10,0,0,0,0,0,519,57,0,0,0
11,0,0,0,0,3,515,58,0,0,0
12,0,0,0,0,0,515,57,0,0,0
13,0,0,0,0,0,509,57,0,0,0
14,0,0,0,0,0,506,56,0,0,0
15,0,0,0,0,3,505,57,0,0,0
0,0,0,0,0,0,506,58,0,0,0
1,0,0,0,0,0,505,58,0,0,0
2,0,0,0,0,0,506,57,0,0,0
3,0,0,0,0,3,504,57,0,0,0
4,0,0,0,0,0,506,57,0,0,0
5,0,0,0,0,0,504,56,0,0,0
6,0,0,0,0,0,506,56,0,0,0
7,0,0,0,0,3,504,56,0,0,0
8,0,0,0,0,0,508,57,0,0,0
9,0,0,0,0,0,508,57,0,0,0
10,0,0,0,0,0,511,58,0,0,0
11,0,0,0,0,3,510,58,0,0,0
12,0,0,0,0,0,510,59,0,0,0
13,0,0,0,0,0,508,56,0,0,0
14,0,0,0,0,0,509,57,0,0,0
15,0,0,0,0,3,507,58,0,0,0
0,0,0,0,0,0,507,58,0,0,0
1,0,0,0,0,0,501,57,0,0,0
2,0,0,0,0,0,504,58,0,0,0
3,0,0,0,0,3,502,56,0,0,0
4,0,0,0,0,0,502,57,0,0,0
5,0,0,0,0,0,499,58,0,0,0
6,0,0,0,0,0,496,58,0,0,0
7,0,0,0,0,3,497,58,0,0,0
8,0,0,0,0,0,503,58,0,0,0
9,0,0,0,0,0,498,58,0,0,0
10,0,0,0,0,0,502,58,0,0,0
11,0,0,0,0,1,503,59,0,0,0
12,0,0,0,0,0,515,57,0,0,0
13,0,0,0,0,0,519,58,0,0,0
14,0,0,0,0,0,525,58,0,0,0
15,0,0,0,0,3,519,56,0,0,0
0,0,0,0,0,0,519,59,0,0,0
1,0,0,0,0,0,515,57,0,0,0
2,0,0,0,0,0,515,59,0,0,0
3,0,0,0,0,3,515,56,0,0,0
4,0,0,0,0,0,520,58,0,0,0
5,0,0,0,0,0,507,58,0,0,0
6,0,0,0,0,0,457,56,0,0,0
7,0,0,0,0,3,446,56,0,0,0
8,0,0,0,0,0,509,58,0,0,0
9,0,0,0,0,0,569,58,0,0,0
10,0,0,0,0,0,505,56,0,0,0
11,0,0,0,0,3,501,58,0,0,0
12,0,0,0,0,0,512,58,0,0,0
13,0,0,0,0,0,512,56,0,0,0
14,0,0,0,0,0,516,58,0,0,0
15,0,0,0,0,3,510,56,0,0,0
0,0,0,0,0,0,510,58,0,0,0
1,0,0,0,0,0,507,57,0,0,0
2,0,0,0,0,0,503,56,0,0,0
3,0,0,0,0,3,498,58,0,0,0
4,0,0,0,0,0,500,58,0,0,0
5,0,0,0,0,0,499,56,0,0,0
6,0,0,0,0,0,502,59,0,0,0
7,0,0,0,0,3,496,58,0,0,0
8,0,0,0,0,0,496,56,0,0,0
9,0,0,0,0,0,494,59,0,0,0
10,0,0,0,0,0,493,56,0,0,0
11,0,0,0,0,3,484,57,0,0,0
12,0,0,0,0,0,481,58,0,0,0
13,0,0,0,0,0,477,58,0,0,0
14,0,0,0,0,0,479,57,0,0,0
15,0,0,0,0,3,479,57,0,0,0
0,0,0,0,0,0,487,58,0,0,0
1,0,0,0,0,0,493,56,0,0,0
2,0,0,0,0,0,504,58,0,0,0
3,0,0,0,0,3,512,57,0,0,0
4,0,0,0,0,0,523,58,0,0,0
5,0,0,0,0,0,527,58,0,0,0
6,0,0,0,0,0,530,56,0,0,0
7,0,0,0,0,0,528,58,0,0,0
8,0,0,0,0,0,527,56,0,0,0
9,0,0,0,0,0,523,57,0,0,0
10,0,0,0,0,0,525,56,0,0,0
11,0,0,0,0,3,521,59,0,0,0
12,0,0,0,0,0,522,56,0,0,0
13,0,0,0,0,0,517,58,0,0,0
14,0,0,0,0,0,517,57,0,0,0
15,0,0,0,0,3,516,55,0,0,0
0,0,0,0,0,0,518,56,0,0,0
1,0,0,0,0,0,518,56,0,0,0
2,0,0,0,0,0,521,57,0,0,0
3,0,0,0,0,3,514,55,0,0,0
4,0,0,0,0,0,515,56,0,0,0
5,0,0,0,0,0,513,57,0,0,0
6,0,0,0,0,0,516,57,0,0,0
7,0,0,0,0,3,514,56,0,0,0
8,0,0,0,0,0,519,58,0,0,0
9,0,0,0,0,0,516,58,0,0,0
10,0,0,0,0,0,516,56,0,0,0
11,0,0,0,0,3,515,57,0,0,0
12,0,0,0,0,0,519,58,0,0,0
13,0,0,0,0,0,515,56,0,0,0
14,0,0,0,0,0,519,56,0,0,0
15,0,0,0,0,3,518,57,0,0,0
0,0,0,0,0,0,514,58,0,0,0
1,0,0,0,0,0,513,56,0,0,0
2,0,0,0,0,0,514,57,0,0,0
3,0,0,0,0,3,506,57,0,0,0
4,0,0,0,0,0,507,58,0,0,0
5,0,0,0,0,0,504,58,0,0,0
6,0,0,0,0,0,496,58,0,0,0
7,0,0,0,0,3,493,58,0,0,0
8,0,0,0,0,0,498,56,0,0,0
9,0,0,0,0,0,498,57,0,0,0
10,0,0,0,0,0,509,56,0,0,0
11,0,0,0,0,3,513,57,0,0,0
12,0,0,0,0,0,517,56,0,0,0
13,0,0,0,0,0,516,56,0,0,0
14,0,0,0,0,0,520,58,0,0,0
15,0,0,0,0,3,517,56,0,0,0
0,0,0,0,0,0,519,55,0,0,0
1,0,0,0,0,0,523,58,0,0,0
2,0,0,0,0,0,528,58,0,0,0
3,0,0,0,0,0,500,57,0,0,0
4,0,0,0,0,0,451,56,0,0,0
5,0,0,0,0,0,477,57,0,0,0
6,0,0,0,0,0,558,59,0,0,0
7,0,0,0,0,3,534,57,0,0,0
8,0,0,0,0,0,501,57,0,0,0
9,0,0,0,0,0,513,58,0,0,0
10,0,0,0,0,0,519,57,0,0,0
11,0,0,0,0,3,519,57,0,0,0
12,0,0,0,0,0,516,57,0,0,0
13,0,0,0,0,0,509,55,0,0,0
14,0,0,0,0,0,507,58,0,0,0
15,0,0,0,0,3,504,58,0,0,0
0,0,0,0,0,0,497,56,0,0,0
1,0,0,0,0,0,494,58,0,0,0
2,0,0,0,0,0,498,58,0,0,0
3,0,0,0,0,3,492,58,0,0,0
4,0,0,0,0,0,491,58,0,0,0
5,0,0,0,0,0,486,57,0,0,0
6,0,0,0,0,0,486,56,0,0,0
7,0,0,0,0,3,486,58,0,0,0
8,0,0,0,0,0,488,56,0,0,0
9,0,0,0,0,0,487,56,0,0,0
10,0,0,0,0,0,491,57,0,0,0
11,0,0,0,0,3,491,57,0,0,0
12,0,0,0,0,0,490,58,0,0,0
13,0,0,0,0,0,487,58,0,0,0
14,0,0,0,0,0,494,56,0,0,0
15,0,0,0,0,3,500,57,0,0,0
0,0,0,0,0,0,508,58,0,0,0
