id,user_id,scenario_type,dose_rate,dose_absortion,event_position,event_datetime
0,"AB","S2_BasicEmergency","[0.005177;0.005104;0.005098;0.005088;0.005045;0.005109;0.005106;0.005034;0.005061;0.005101;]","[0.0;0.000001;0.000002;0.000003;0.000004;0.000005;0.000005;0.000006;0.000007;0.000008;]","[(11700.0;-18460.0);(11679.220703;-18458.472656);(11677.854492;-18457.476562);(11671.488281;-18468.630859);(11659.063477;-18468.414062);(11678.086914;-18467.732422);(11680.791016;-18454.939453);(11662.770508;-18443.712891);(11669.807617;-18447.978516);(11677.003906;-18463.490234);]","[2024-10-25 13:55:10.815;2024-10-25 13:55:11.327;2024-10-25 13:55:11.828;2024-10-25 13:55:12.350;2024-10-25 13:55:12.877;2024-10-25 13:55:13.383;2024-10-25 13:55:13.924;2024-10-25 13:55:14.412;2024-10-25 13:55:14.941;2024-10-25 13:55:15.442;]"
1,"AB","S2_BasicEmergency","[0.005101;0.005095;0.005098;0.005097;0.005095;0.005092;0.005096;0.005112;0.005109;0.00565;]","[0.000009;0.000009;0.00001;0.000011;0.000012;0.000012;0.000013;0.000014;0.000015;0.000016;]","[(11677.261719;-18461.978516);(11677.131836;-18456.5);(11678.097656;-18456.494141);(11677.916992;-18456.222656);(11677.126953;-18456.566406);(11676.243164;-18456.316406);(11677.3125;-18456.892578);(11681.388672;-18459.117188);(11680.578125;-18459.310547);(11829.615234;-18453.162109);]","[2024-10-25 13:55:15.945;2024-10-25 13:55:16.451;2024-10-25 13:55:16.950;2024-10-25 13:55:17.479;2024-10-25 13:55:18.8;2024-10-25 13:55:18.533;2024-10-25 13:55:19.62;2024-10-25 13:55:19.561;2024-10-25 13:55:20.88;2024-10-25 13:55:20.587;]"
2,"AB","S2_BasicEmergency","[0.005647;0.005646;0.005641;0.005635;0.005639;0.005635;0.005631;0.005626;0.005623;0.005621;]","[0.000016;0.000017;0.000018;0.000019;0.00002;0.000021;0.000021;0.000022;0.000023;0.000024;]","[(11828.490234;-18454.853516);(11828.28125;-18454.921875);(11827.448242;-18453.214844);(11826.476562;-18451.099609);(11826.970703;-18452.808594);(11825.858398;-18453.46875);(11824.791992;-18453.900391);(11823.677734;-18453.310547);(11823.241211;-18452.25);(11822.642578;-18451.998047);]","[2024-10-25 13:55:21.109;2024-10-25 13:55:21.612;2024-10-25 13:55:22.111;2024-10-25 13:55:22.614;2024-10-25 13:55:23.114;2024-10-25 13:55:23.640;2024-10-25 13:55:24.141;2024-10-25 13:55:24.659;2024-10-25 13:55:25.165;2024-10-25 13:55:25.689;]"
3,"AB","S2_BasicEmergency","[0.005625;0.005632;0.005632;0.005627;0.005625;0.005626;0.005627;0.005638;0.005637;0.005632;]","[0.000025;0.000026;0.000026;0.000027;0.000028;0.000029;0.00003;0.000031;0.000032;0.000032;]","[(11823.429688;-18452.712891);(11824.701172;-18454.683594);(11824.881836;-18454.261719);(11824.277344;-18451.955078);(11824.144531;-18450.675781);(11824.555664;-18449.832031);(11825.160156;-18449.4375);(11826.294922;-18454.070312);(11826.699219;-18452.400391);(11826.446289;-18449.25);]","[2024-10-25 13:55:26.188;2024-10-25 13:55:26.692;2024-10-25 13:55:27.214;2024-10-25 13:55:27.745;2024-10-25 13:55:28.251;2024-10-25 13:55:28.751;2024-10-25 13:55:29.249;2024-10-25 13:55:29.772;2024-10-25 13:55:30.295;2024-10-25 13:55:30.826;]"
4,"AB","S2_BasicEmergency","[0.005635;0.005633;0.005636;0.005638;0.005642;0.005635;0.005635;0.005637;0.005637;0.005642;]","[0.000033;0.000034;0.000035;0.000036;0.000037;0.000038;0.000038;0.000039;0.00004;0.000041;]","[(11825.646484;-18454.416016);(11824.863281;-18454.882812);(11825.900391;-18453.699219);(11826.762695;-18452.947266);(11826.954102;-18455.738281);(11825.861328;-18453.277344);(11826.737305;-18450.691406);(11826.959961;-18451.476562);(11826.368164;-18453.533203);(11827.606445;-18453.314453);]","[2024-10-25 13:55:31.327;2024-10-25 13:55:31.830;2024-10-25 13:55:32.354;2024-10-25 13:55:32.888;2024-10-25 13:55:33.387;2024-10-25 13:55:33.914;2024-10-25 13:55:34.443;2024-10-25 13:55:34.944;2024-10-25 13:55:35.467;2024-10-25 13:55:35.997;]"
5,"AB","S2_BasicEmergency","[0.005614;0.005632;0.00562;0.005624;0.005635;0.005634;0.00563;0.005632;0.005633;0.005635;]","[0.000042;0.000043;0.000044;0.000044;0.000045;0.000046;0.000047;0.000048;0.000049;0.00005;]","[(11817.538086;-18463.246094);(11825.327148;-18452.560547);(11823.149414;-18450.216797);(11823.207031;-18452.582031);(11825.514648;-18454.255859);(11824.969727;-18455.365234);(11824.203125;-18454.457031);(11824.585938;-18455.429688);(11824.893555;-18454.773438);(11826.496094;-18451.222656);]","[2024-10-25 13:55:36.540;2024-10-25 13:55:37.27;2024-10-25 13:55:37.547;2024-10-25 13:55:38.48;2024-10-25 13:55:38.578;2024-10-25 13:55:39.77;2024-10-25 13:55:39.604;2024-10-25 13:55:40.111;2024-10-25 13:55:40.638;2024-10-25 13:55:41.138;]"
6,"AB","S2_BasicEmergency","[0.005638;0.005634;0.005629;0.00563;0.005624;0.005627;0.005626;0.005627;0.005623;0.00562;]","[0.00005;0.000051;0.000052;0.000053;0.000054;0.000055;0.000055;0.000056;0.000057;0.000058;]","[(11827.389648;-18451.128906);(11826.188477;-18451.84375);(11824.386719;-18453.431641);(11823.679688;-18456.447266);(11822.625;-18454.695312);(11823.660156;-18453.714844);(11823.544922;-18453.4375);(11823.694336;-18453.496094);(11822.710938;-18453.320312);(11821.641602;-18454.820312);]","[2024-10-25 13:55:41.662;2024-10-25 13:55:42.164;2024-10-25 13:55:42.693;2024-10-25 13:55:43.192;2024-10-25 13:55:43.713;2024-10-25 13:55:44.216;2024-10-25 13:55:44.717;2024-10-25 13:55:45.242;2024-10-25 13:55:45.742;2024-10-25 13:55:46.273;]"
7,"AB","S2_BasicEmergency","[0.00562;0.005623;0.005624;0.005597;0.005602;0.005635;0.005637;0.005648;0.005639;0.005643;]","[0.000059;0.00006;0.000061;0.000061;0.000062;0.000063;0.000064;0.000065;0.000066;0.000067;]","[(11821.34375;-18455.449219);(11822.335938;-18454.644531);(11822.904297;-18453.732422);(11819.036133;-18444.439453);(11819.84082;-18445.333984);(11825.736328;-18453.478516);(11826.094727;-18454.660156);(11828.588867;-18454.925781);(11826.771484;-18454.136719);(11827.027344;-18455.806641);]","[2024-10-25 13:55:46.789;2024-10-25 13:55:47.300;2024-10-25 13:55:47.799;2024-10-25 13:55:48.301;2024-10-25 13:55:48.831;2024-10-25 13:55:49.353;2024-10-25 13:55:49.876;2024-10-25 13:55:50.382;2024-10-25 13:55:50.886;2024-10-25 13:55:51.411;]"
8,"AB","S2_BasicEmergency","[0.00564;0.00564;0.00564;0.00564;0.005622;0.005614;0.005606;0.005599;0.005602;0.005615;]","[0.000067;0.000068;0.000069;0.00007;0.000071;0.000072;0.000073;0.000073;0.000074;0.000075;]","[(11827.298828;-18452.884766);(11827.786133;-18451.285156);(11827.789062;-18451.326172);(11827.726562;-18451.234375);(11823.660156;-18450.078125);(11820.72168;-18452.396484);(11818.009766;-18454.541016);(11814.944336;-18459.234375);(11816.62793;-18455.669922);(11821.024414;-18452.355469);]","[2024-10-25 13:55:51.941;2024-10-25 13:55:52.443;2024-10-25 13:55:52.970;2024-10-25 13:55:53.473;2024-10-25 13:55:53.980;2024-10-25 13:55:54.500;2024-10-25 13:55:55.30;2024-10-25 13:55:55.550;2024-10-25 13:55:56.95;2024-10-25 13:55:56.603;]"
9,"AB","S2_BasicEmergency","[0.005624;0.005623;0.005634;0.005632;0.005636;0.005632;0.005638;0.005638;0.005638;0.005635;]","[0.000076;0.000077;0.000078;0.000079;0.000079;0.00008;0.000081;0.000082;0.000083;0.000084;]","[(11823.480469;-18452.09375);(11823.254883;-18452.148438);(11824.107422;-18458.345703);(11824.561523;-18455.322266);(11825.738281;-18454.396484);(11825.977539;-18450.917969);(11826.490234;-18453.625);(11826.445312;-18454.357422);(11826.271484;-18454.263672);(11825.803711;-18453.220703);]","[2024-10-25 13:55:57.125;2024-10-25 13:55:57.634;2024-10-25 13:55:58.156;2024-10-25 13:55:58.687;2024-10-25 13:55:59.214;2024-10-25 13:55:59.721;2024-10-25 13:56:0.241;2024-10-25 13:56:0.769;2024-10-25 13:56:1.271;2024-10-25 13:56:1.801;]"
10,"AB","S2_BasicEmergency","[0.005634;0.005635;0.00564;0.005641;0.005642;0.005636;0.005628;0.005629;0.00563;0.005627;]","[0.000085;0.000085;0.000086;0.000087;0.000088;0.000089;0.00009;0.000091;0.000091;0.000092;]","[(11826.089844;-18451.8125);(11826.998047;-18450.128906);(11827.769531;-18451.173828);(11827.360352;-18453.830078);(11828.05957;-18451.914062);(11827.018555;-18450.703125);(11825.004883;-18450.289062);(11824.199219;-18454.201172);(11824.298828;-18454.523438);(11823.880859;-18453.039062);]","[2024-10-25 13:56:2.299;2024-10-25 13:56:2.804;2024-10-25 13:56:3.327;2024-10-25 13:56:3.853;2024-10-25 13:56:4.376;2024-10-25 13:56:4.884;2024-10-25 13:56:5.391;2024-10-25 13:56:5.912;2024-10-25 13:56:6.411;2024-10-25 13:56:6.960;]"
11,"AB","S2_BasicEmergency","[0.005624;0.005623;0.005629;0.00563;0.005628;0.005626;0.005638;0.005631;0.005633;0.005629;]","[0.000093;0.000094;0.000095;0.000096;0.000097;0.000097;0.000098;0.000099;0.0001;0.000101;]","[(11823.051758;-18453.148438);(11823.433594;-18451.464844);(11825.102539;-18451.097656);(11825.321289;-18451.388672);(11824.634766;-18451.265625);(11823.569336;-18453.160156);(11825.458008;-18457.101562);(11823.879883;-18456.099609);(11825.520508;-18452.851562);(11826.290039;-18447.144531);]","[2024-10-25 13:56:7.465;2024-10-25 13:56:7.989;2024-10-25 13:56:8.492;2024-10-25 13:56:9.38;2024-10-25 13:56:9.520;2024-10-25 13:56:10.45;2024-10-25 13:56:10.570;2024-10-25 13:56:11.78;2024-10-25 13:56:11.603;2024-10-25 13:56:12.110;]"
12,"AB","S2_BasicEmergency","[0.005624;0.005633;0.005649;0.005669;0.005611;0.005628;0.005652;0.005641;0.005641;0.005637;]","[0.000102;0.000103;0.000103;0.000104;0.000105;0.000106;0.000107;0.000108;0.000109;0.000109;]","[(11828.510742;-18436.115234);(11831.119141;-18434.828125);(11832.382812;-18444.0);(11833.123047;-18457.724609);(11815.172852;-18468.375);(11819.954102;-18466.796875);(11829.811523;-18454.451172);(11827.388672;-18453.660156);(11828.329102;-18450.136719);(11827.310547;-18450.222656);]","[2024-10-25 13:56:12.656;2024-10-25 13:56:13.166;2024-10-25 13:56:13.690;2024-10-25 13:56:14.215;2024-10-25 13:56:14.746;2024-10-25 13:56:15.247;2024-10-25 13:56:15.787;2024-10-25 13:56:16.292;2024-10-25 13:56:16.773;2024-10-25 13:56:17.271;]"
13,"AB","S2_BasicEmergency","[0.005643;0.005648;0.005653;0.005656;0.005654;0.005647;0.005642;0.005644;0.005644;0.005643;]","[0.00011;0.000111;0.000112;0.000113;0.000114;0.000114;0.000115;0.000116;0.000117;0.000118;]","[(11828.796875;-18450.722656);(11829.976562;-18450.90625);(11829.800781;-18455.035156);(11830.139648;-18456.753906);(11829.667969;-18456.832031);(11828.5;-18454.734375);(11827.207031;-18455.150391);(11827.584961;-18454.884766);(11827.892578;-18454.130859);(11827.852539;-18453.818359);]","[2024-10-25 13:56:17.787;2024-10-25 13:56:18.310;2024-10-25 13:56:18.815;2024-10-25 13:56:19.316;2024-10-25 13:56:19.836;2024-10-25 13:56:20.340;2024-10-25 13:56:20.840;2024-10-25 13:56:21.342;2024-10-25 13:56:21.869;2024-10-25 13:56:22.373;]"
14,"AB","S2_BasicEmergency","[0.005639;0.005641;0.005641;0.005642;0.005642;0.00564;0.005638;0.005645;0.00564;0.005623;]","[0.000119;0.000119;0.00012;0.000121;0.000122;0.000123;0.000124;0.000125;0.000125;0.000126;]","[(11826.835938;-18453.435547);(11827.305664;-18453.273438);(11827.483398;-18452.835938);(11827.863281;-18452.646484);(11827.751953;-18453.101562);(11827.208008;-18453.244141);(11826.416016;-18453.71875);(11827.539062;-18455.953125);(11824.727539;-18460.806641);(11819.137695;-18464.892578);]","[2024-10-25 13:56:22.900;2024-10-25 13:56:23.399;2024-10-25 13:56:23.922;2024-10-25 13:56:24.421;2024-10-25 13:56:24.924;2024-10-25 13:56:25.469;2024-10-25 13:56:25.972;2024-10-25 13:56:26.497;2024-10-25 13:56:27.0;2024-10-25 13:56:27.526;]"
15,"AB","S2_BasicEmergency","[0.005649;0.005623;0.005614;0.005566;0.00561;0.005609;0.005553;0.005433;0.005475;0.005483;]","[0.000127;0.000128;0.000129;0.00013;0.000131;0.000132;0.000132;0.000133;0.000134;0.000135;]","[(11829.462891;-18453.269531);(11825.535156;-18444.921875);(11823.268555;-18444.269531);(11973.052734;-18042.458984);(11977.629883;-18057.130859);(11976.611328;-18058.822266);(11969.610352;-18042.103516);(12005.373047;-17909.324219);(12017.160156;-17910.216797);(12010.957031;-17925.279297);]","[2024-10-25 13:56:28.72;2024-10-25 13:56:28.553;2024-10-25 13:56:29.78;2024-10-25 13:56:29.559;2024-10-25 13:56:30.125;2024-10-25 13:56:30.630;2024-10-25 13:56:31.158;2024-10-25 13:56:31.640;2024-10-25 13:56:32.163;2024-10-25 13:56:32.664;]"
16,"AB","S2_BasicEmergency","[0.005495;0.005507;0.005504;0.005507;0.005496;0.005489;0.005491;0.005485;0.005483;0.005474;]","[0.000136;0.000137;0.000137;0.000138;0.000139;0.00014;0.000141;0.000142;0.000142;0.000143;]","[(12012.27832;-17929.316406);(12014.466797;-17931.53125);(12013.869141;-17931.351562);(12014.588867;-17931.361328);(12019.642578;-17916.589844);(12017.298828;-17917.410156);(12017.983398;-17916.900391);(12016.751953;-17916.103516);(12016.214844;-17915.798828);(12014.294922;-17914.910156);]","[2024-10-25 13:56:33.213;2024-10-25 13:56:33.737;2024-10-25 13:56:34.244;2024-10-25 13:56:34.747;2024-10-25 13:56:35.271;2024-10-25 13:56:35.779;2024-10-25 13:56:36.319;2024-10-25 13:56:36.807;2024-10-25 13:56:37.321;2024-10-25 13:56:37.858;]"
17,"AB","S2_BasicEmergency","[0.005465;0.005435;0.004743;0.004747;0.00447;0.004484;0.004512;0.004533;0.004571;0.004563;]","[0.000144;0.000145;0.000146;0.000146;0.000147;0.000148;0.000149;0.000149;0.00015;0.000151;]","[(12011.892578;-17914.380859);(12003.229492;-17914.242188);(11834.583008;-17813.728516);(11841.711914;-17803.650391);(11772.310547;-17741.572266);(11782.054688;-17733.759766);(11790.024414;-17739.251953);(11791.932617;-17750.5625);(11798.208008;-17765.119141);(11795.675781;-17764.125);]","[2024-10-25 13:56:38.353;2024-10-25 13:56:38.861;2024-10-25 13:56:39.389;2024-10-25 13:56:39.919;2024-10-25 13:56:40.421;2024-10-25 13:56:40.949;2024-10-25 13:56:41.480;2024-10-25 13:56:41.974;2024-10-25 13:56:42.516;2024-10-25 13:56:43.3;]"
18,"AB","S2_BasicEmergency","[0.004559;0.004557;0.004558;0.004559;0.004601;0.004686;0.004641;0.004637;0.00464;0.004641;]","[0.000151;0.000152;0.000153;0.000153;0.000154;0.000155;0.000156;0.000156;0.000157;0.000158;]","[(11794.111328;-17764.130859);(11793.393555;-17763.628906);(11794.114258;-17763.304688);(11794.370117;-17763.728516);(11805.875;-17771.417969);(11783.041016;-17870.720703);(11769.34375;-17865.695312);(11767.400391;-17866.328125);(11768.571289;-17865.994141);(11769.027344;-17865.849609);]","[2024-10-25 13:56:43.530;2024-10-25 13:56:44.34;2024-10-25 13:56:44.537;2024-10-25 13:56:45.38;2024-10-25 13:56:45.562;2024-10-25 13:56:46.66;2024-10-25 13:56:46.607;2024-10-25 13:56:47.89;2024-10-25 13:56:47.593;2024-10-25 13:56:48.122;]"
19,"AB","S2_BasicEmergency","[0.00464;0.00464;0.00464;0.00464;0.00464;0.004642;0.004644;0.004691;0.004709;0.004698;]","[0.000158;0.000159;0.00016;0.00016;0.000161;0.000162;0.000163;0.000163;0.000164;0.000165;]","[(11768.668945;-17865.855469);(11768.698242;-17866.009766);(11768.408203;-17866.214844);(11768.766602;-17865.900391);(11768.767578;-17865.908203);(11769.508789;-17865.677734);(11770.628906;-17865.318359);(11782.389648;-17875.138672);(11781.811523;-17888.880859);(11782.275391;-17880.173828);]","[2024-10-25 13:56:48.648;2024-10-25 13:56:49.176;2024-10-25 13:56:49.679;2024-10-25 13:56:50.207;2024-10-25 13:56:50.709;2024-10-25 13:56:51.210;2024-10-25 13:56:51.736;2024-10-25 13:56:52.243;2024-10-25 13:56:52.790;2024-10-25 13:56:53.277;]"
20,"AB","S2_BasicEmergency","[0.004702;0.004701;0.004694;0.005051;0.00504;0.005037;0.005039;0.005039;0.005039;0.005042;]","[0.000165;0.000166;0.000167;0.000167;0.000168;0.000169;0.00017;0.00017;0.000171;0.000172;]","[(11782.196289;-17883.421875);(11780.823242;-17884.933594);(11779.145508;-17883.806641);(11870.463867;-17941.796875);(11873.037109;-17930.003906);(11872.951172;-17928.345703);(11873.367188;-17928.705078);(11873.480469;-17928.511719);(11873.456055;-17928.306641);(11874.119141;-17929.058594);]","[2024-10-25 13:56:53.804;2024-10-25 13:56:54.300;2024-10-25 13:56:54.806;2024-10-25 13:56:55.366;2024-10-25 13:56:55.880;2024-10-25 13:56:56.362;2024-10-25 13:56:56.866;2024-10-25 13:56:57.367;2024-10-25 13:56:57.860;2024-10-25 13:56:58.389;]"
21,"AB","S2_BasicEmergency","[0.005038;0.00504;0.005095;0.005119;0.005412;0.005412;0.005408;0.005404;0.005403;0.005381;]","[0.000173;0.000174;0.000174;0.000175;0.000176;0.000177;0.000178;0.000178;0.000179;0.00018;]","[(11873.557617;-17928.001953);(11873.054688;-17930.001953);(11878.087891;-17954.287109);(11877.612305;-17969.789062);(11915.338867;-18071.802734);(11916.995117;-18068.556641);(11916.0625;-18068.283203);(11914.71875;-18068.289062);(11914.099609;-18068.861328);(11908.085938;-18068.691406);]","[2024-10-25 13:56:58.891;2024-10-25 13:56:59.418;2024-10-25 13:56:59.954;2024-10-25 13:57:0.460;2024-10-25 13:57:0.986;2024-10-25 13:57:1.495;2024-10-25 13:57:1.991;2024-10-25 13:57:2.520;2024-10-25 13:57:3.24;2024-10-25 13:57:3.548;]"
22,"AB","S2_BasicEmergency","[0.005361;0.005362;0.005362;0.005359;0.00537;0.005383;0.005384;0.005384;0.005387;0.005388;]","[0.000181;0.000182;0.000182;0.000183;0.000184;0.000185;0.000186;0.000187;0.000187;0.000188;]","[(11902.444336;-18068.089844);(11902.62793;-18068.4375);(11902.580078;-18068.324219);(11902.061523;-18067.978516);(11904.537109;-18069.154297);(11907.537109;-18070.886719);(11907.799805;-18070.806641);(11908.947266;-18068.357422);(11910.007812;-18068.339844);(11910.026367;-18068.583984);]","[2024-10-25 13:57:4.88;2024-10-25 13:57:4.601;2024-10-25 13:57:5.99;2024-10-25 13:57:5.607;2024-10-25 13:57:6.144;2024-10-25 13:57:6.631;2024-10-25 13:57:7.135;2024-10-25 13:57:7.660;2024-10-25 13:57:8.186;2024-10-25 13:57:8.687;]"
23,"AB","S2_BasicEmergency","[0.005386;0.005387;0.005375;0.005367;0.005362;0.005362;0.005359;0.005339;0.005339;0.005339;]","[0.000189;0.00019;0.000191;0.000191;0.000192;0.000193;0.000194;0.000195;0.000196;0.000197;]","[(11909.638672;-18068.041016);(11909.817383;-18068.677734);(11905.373047;-18070.619141);(11903.932617;-18068.8125);(11902.460938;-18068.878906);(11902.744141;-18068.46875);(11901.825195;-18068.183594);(11896.236328;-18068.060547);(11896.556641;-18067.28125);(11896.517578;-18067.052734);]","[2024-10-25 13:57:9.189;2024-10-25 13:57:9.715;2024-10-25 13:57:10.240;2024-10-25 13:57:10.792;2024-10-25 13:57:11.274;2024-10-25 13:57:11.798;2024-10-25 13:57:12.341;2024-10-25 13:57:12.878;2024-10-25 13:57:13.412;2024-10-25 13:57:13.931;]"
24,"AB","S2_BasicEmergency","[0.005339;0.005338;0.00534;0.005346;0.005353;0.005352;0.005351;0.005358;0.005363;0.005357;]","[0.000197;0.000198;0.000199;0.0002;0.000201;0.000201;0.000202;0.000203;0.000204;0.000205;]","[(11896.483398;-18067.103516);(11896.388672;-18067.115234);(11896.833008;-18067.015625);(11898.727539;-18067.003906);(11900.395508;-18067.398438);(11900.266602;-18067.357422);(11899.96875;-18067.089844);(11900.30957;-18070.878906);(11901.733398;-18070.949219);(11902.545898;-18065.552734);]","[2024-10-25 13:57:14.434;2024-10-25 13:57:14.961;2024-10-25 13:57:15.466;2024-10-25 13:57:16.3;2024-10-25 13:57:16.518;2024-10-25 13:57:17.46;2024-10-25 13:57:17.549;2024-10-25 13:57:18.74;2024-10-25 13:57:18.601;2024-10-25 13:57:19.108;]"
25,"AB","S2_BasicEmergency","[0.005355;0.005348;0.005346;0.005345;0.005346;0.007164;0.007201;0.007222;0.007219;0.007199;]","[0.000205;0.000206;0.000207;0.000208;0.000209;0.00021;0.000211;0.000212;0.000213;0.000214;]","[(11901.899414;-18065.787109);(11900.085938;-18065.054688);(11899.323242;-18065.408203);(11898.927734;-18065.544922);(11899.31543;-18065.648438);(12282.087891;-18154.335938);(12291.448242;-18149.855469);(12299.15332;-18143.042969);(12299.108398;-18141.962891);(12295.470703;-18141.484375);]","[2024-10-25 13:57:19.607;2024-10-25 13:57:20.109;2024-10-25 13:57:20.638;2024-10-25 13:57:21.143;2024-10-25 13:57:21.671;2024-10-25 13:57:22.212;2024-10-25 13:57:22.765;2024-10-25 13:57:23.245;2024-10-25 13:57:23.758;2024-10-25 13:57:24.282;]"
26,"AB","S2_BasicEmergency","[0.00718;0.007176;0.007174;0.007172;0.007174;0.00717;0.007164;0.007162;0.007181;0.007203;]","[0.000215;0.000216;0.000218;0.000219;0.00022;0.000221;0.000222;0.000223;0.000224;0.000225;]","[(12288.882812;-18147.291016);(12287.210938;-18148.904297);(12286.789062;-18149.023438);(12286.474609;-18149.121094);(12286.003906;-18150.462891);(12285.349609;-18150.289062);(12284.220703;-18150.337891);(12283.792969;-18150.365234);(12284.928711;-18155.257812);(12289.962891;-18153.671875);]","[2024-10-25 13:57:24.807;2024-10-25 13:57:25.296;2024-10-25 13:57:25.821;2024-10-25 13:57:26.345;2024-10-25 13:57:26.873;2024-10-25 13:57:27.354;2024-10-25 13:57:27.877;2024-10-25 13:57:28.380;2024-10-25 13:57:28.900;2024-10-25 13:57:29.429;]"
27,"AB","S2_BasicEmergency","[0.0072;0.007166;0.007157;0.007169;0.007177;0.007182;0.007185;0.007191;0.00719;0.007189;]","[0.000226;0.000227;0.000228;0.00023;0.000231;0.000232;0.000233;0.000234;0.000235;0.000236;]","[(12289.623047;-18152.992188);(12285.067383;-18149.392578);(12282.835938;-18150.449219);(12284.645508;-18151.390625);(12285.912109;-18151.931641);(12287.057617;-18151.671875);(12287.9375;-18150.791016);(12289.265625;-18150.550781);(12289.107422;-18150.503906);(12289.009766;-18150.396484);]","[2024-10-25 13:57:29.927;2024-10-25 13:57:30.434;2024-10-25 13:57:30.964;2024-10-25 13:57:31.473;2024-10-25 13:57:32.15;2024-10-25 13:57:32.547;2024-10-25 13:57:33.23;2024-10-25 13:57:33.552;2024-10-25 13:57:34.103;2024-10-25 13:57:34.606;]"
28,"AB","S2_BasicEmergency","[0.007184;0.007178;0.007178;0.007129;0.007089;0.007065;0.006285;0.00628;0.005281;0.005238;]","[0.000237;0.000238;0.000239;0.000241;0.000242;0.000243;0.000244;0.000245;0.000245;0.000246;]","[(12288.229492;-18149.884766);(12287.341797;-18149.568359);(12287.410156;-18149.480469);(12285.100586;-18135.886719);(12275.268555;-18139.964844);(12269.586914;-18141.638672);(12158.068359;-18037.716797);(12157.351562;-18037.076172);(11943.912109;-17938.613281);(11935.272461;-17930.1875);]","[2024-10-25 13:57:35.131;2024-10-25 13:57:35.630;2024-10-25 13:57:36.134;2024-10-25 13:57:36.640;2024-10-25 13:57:37.178;2024-10-25 13:57:37.662;2024-10-25 13:57:38.167;2024-10-25 13:57:38.691;2024-10-25 13:57:39.192;2024-10-25 13:57:39.717;]"
29,"AB","S2_BasicEmergency","[0.005244;0.004623;0.00465;0.0047;0.004673;0.004628;0.004206;0.004179;0.004162;0.004156;]","[0.000247;0.000248;0.000248;0.000249;0.00025;0.000251;0.000251;0.000252;0.000253;0.000253;]","[(11937.693359;-17929.480469);(11780.612305;-17831.597656);(11794.489258;-17824.564453);(11811.539062;-17826.841797);(11803.490234;-17823.660156);(11782.09668;-17832.292969);(11660.361328;-17746.6875);(11656.75;-17732.103516);(11653.351562;-17724.878906);(11654.079102;-17719.306641);]","[2024-10-25 13:57:40.220;2024-10-25 13:57:40.746;2024-10-25 13:57:41.295;2024-10-25 13:57:41.800;2024-10-25 13:57:42.329;2024-10-25 13:57:42.832;2024-10-25 13:57:43.354;2024-10-25 13:57:43.862;2024-10-25 13:57:44.363;2024-10-25 13:57:44.887;]"
30,"AB","S2_BasicEmergency","[0.004216;0.004259;0.004285;0.004246;0.004319;0.004324;0.004309;0.005317;0.005937;0.005933;]","[0.000254;0.000254;0.000255;0.000256;0.000256;0.000257;0.000258;0.000259;0.00026;0.000261;]","[(11675.310547;-17727.611328);(11689.814453;-17734.210938);(11688.069336;-17757.517578);(11681.005859;-17740.525391);(11704.446289;-17753.443359);(11706.505859;-17753.404297);(11701.234375;-17751.996094);(11941.568359;-17963.566406);(12016.078125;-18154.900391);(12016.910156;-18150.982422);]","[2024-10-25 13:57:45.431;2024-10-25 13:57:45.934;2024-10-25 13:57:46.459;2024-10-25 13:57:46.941;2024-10-25 13:57:47.477;2024-10-25 13:57:48.7;2024-10-25 13:57:48.592;2024-10-25 13:57:49.116;2024-10-25 13:57:49.647;2024-10-25 13:57:50.206;]"
31,"AB","S2_BasicEmergency","[0.005931;0.005931;0.005927;0.005937;0.0093;0.009312;0.009326;0.013448;0.013439;0.013412;]","[0.000262;0.000262;0.000263;0.000264;0.000265;0.000267;0.000268;0.00027;0.000272;0.000274;]","[(12016.845703;-18149.873047);(12016.694336;-18150.285156);(12015.28125;-18151.099609);(12019.913086;-18146.607422);(12492.262695;-18401.955078);(12493.994141;-18401.582031);(12494.713867;-18403.730469);(12805.265625;-18581.853516);(12803.835938;-18583.675781);(12801.341797;-18585.078125);]","[2024-10-25 13:57:50.698;2024-10-25 13:57:51.222;2024-10-25 13:57:51.736;2024-10-25 13:57:52.260;2024-10-25 13:57:52.835;2024-10-25 13:57:53.286;2024-10-25 13:57:53.791;2024-10-25 13:57:54.312;2024-10-25 13:57:54.842;2024-10-25 13:57:55.348;]"
32,"AB","S2_BasicEmergency","[0.013424;0.013415;0.013495;0.013556;0.013498;0.013435;0.013484;0.013551;0.01358;0.013555;]","[0.000276;0.000278;0.000281;0.000283;0.000285;0.000287;0.000289;0.000291;0.000293;0.000295;]","[(12800.094727;-18590.177734);(12796.776367;-18596.648438);(12805.671875;-18588.935547);(12812.745117;-18582.277344);(12806.878906;-18586.476562);(12799.473633;-18593.5);(12803.287109;-18592.822266);(12809.433594;-18589.429688);(12811.375977;-18589.558594);(12809.233398;-18590.5625);]","[2024-10-25 13:57:55.896;2024-10-25 13:57:56.396;2024-10-25 13:57:56.902;2024-10-25 13:57:57.407;2024-10-25 13:57:57.953;2024-10-25 13:57:58.432;2024-10-25 13:57:58.957;2024-10-25 13:57:59.487;2024-10-25 13:57:59.991;2024-10-25 13:58:0.512;]"
33,"AB","S2_BasicEmergency","[0.013549;0.01349;0.013496;0.013499;0.013521;0.01355;0.013526;0.013501;0.013528;0.013562;]","[0.000297;0.000299;0.000301;0.000303;0.000305;0.000308;0.00031;0.000312;0.000314;0.000316;]","[(12808.611328;-18591.060547);(12804.307617;-18591.28125);(12805.182617;-18590.335938);(12805.041016;-18591.037109);(12807.541016;-18588.859375);(12811.327148;-18584.779297);(12809.676758;-18584.601562);(12806.772461;-18587.292969);(12807.611328;-18589.947266);(12809.920898;-18590.123047);]","[2024-10-25 13:58:1.16;2024-10-25 13:58:1.562;2024-10-25 13:58:2.109;2024-10-25 13:58:2.611;2024-10-25 13:58:3.110;2024-10-25 13:58:3.647;2024-10-25 13:58:4.162;2024-10-25 13:58:4.678;2024-10-25 13:58:5.181;2024-10-25 13:58:5.710;]"
34,"AB","S2_BasicEmergency","[0.013572;0.013588;0.013592;0.013589;0.013553;0.013555;0.013569;0.013574;0.013597;0.013587;]","[0.000318;0.00032;0.000322;0.000324;0.000326;0.000328;0.00033;0.000332;0.000334;0.000336;]","[(12810.427734;-18590.507812);(12811.59668;-18590.378906);(12811.407227;-18591.583984);(12811.361328;-18591.121094);(12807.751953;-18593.785156);(12807.461914;-18594.746094);(12808.527344;-18594.564453);(12808.853516;-18594.617188);(12811.630859;-18591.876953);(12810.930664;-18591.837891);]","[2024-10-25 13:58:6.227;2024-10-25 13:58:6.744;2024-10-25 13:58:7.262;2024-10-25 13:58:7.768;2024-10-25 13:58:8.292;2024-10-25 13:58:8.792;2024-10-25 13:58:9.317;2024-10-25 13:58:9.827;2024-10-25 13:58:10.337;2024-10-25 13:58:10.846;]"
35,"AB","S2_BasicEmergency","[0.013593;0.013591;0.013603;0.013619;0.013624;0.013624;0.013614;0.0136;0.013595;0.013599;]","[0.000338;0.00034;0.000343;0.000345;0.000347;0.000349;0.000351;0.000353;0.000355;0.000357;]","[(12811.461914;-18591.542969);(12811.290039;-18591.617188);(12812.255859;-18591.371094);(12813.455078;-18591.203125);(12814.319336;-18590.041016);(12814.676758;-18589.103516);(12813.682617;-18589.796875);(12812.757812;-18589.615234);(12812.482422;-18589.423828);(12812.672852;-18589.740234);]","[2024-10-25 13:58:11.353;2024-10-25 13:58:11.901;2024-10-25 13:58:12.405;2024-10-25 13:58:12.907;2024-10-25 13:58:13.409;2024-10-25 13:58:13.935;2024-10-25 13:58:14.462;2024-10-25 13:58:14.988;2024-10-25 13:58:15.491;2024-10-25 13:58:15.992;]"
36,"AB","S2_BasicEmergency","[0.013604;0.013601;0.013604;0.013584;0.013553;0.013542;0.013545;0.013539;0.013583;0.013581;]","[0.000359;0.000361;0.000363;0.000365;0.000368;0.00037;0.000372;0.000374;0.000376;0.000378;]","[(12812.979492;-18589.890625);(12812.890625;-18589.613281);(12812.879883;-18590.025391);(12811.548828;-18589.830078);(12808.706055;-18591.521484);(12807.926758;-18591.566406);(12807.858398;-18592.191406);(12807.6875;-18591.474609);(12811.549805;-18589.798828);(12814.370117;-18582.6875);]","[2024-10-25 13:58:16.491;2024-10-25 13:58:17.17;2024-10-25 13:58:17.566;2024-10-25 13:58:18.118;2024-10-25 13:58:18.640;2024-10-25 13:58:19.154;2024-10-25 13:58:19.698;2024-10-25 13:58:20.182;2024-10-25 13:58:20.709;2024-10-25 13:58:21.210;]"
37,"AB","S2_BasicEmergency","[0.013529;0.013221;0.013213;0.013213;0.013209;0.013222;0.013256;0.013304;0.013305;0.013297;]","[0.00038;0.000382;0.000384;0.000386;0.000388;0.00039;0.000392;0.000394;0.000396;0.000398;]","[(12808.135742;-18588.845703);(12788.962891;-18581.644531);(12788.868164;-18580.345703);(12788.216797;-18581.90625);(12787.678711;-18582.585938);(12788.276367;-18583.511719);(12789.961914;-18585.345703);(12792.666992;-18587.244141);(12792.539062;-18587.746094);(12791.740234;-18588.248047);]","[2024-10-25 13:58:21.724;2024-10-25 13:58:22.243;2024-10-25 13:58:22.761;2024-10-25 13:58:23.266;2024-10-25 13:58:23.771;2024-10-25 13:58:24.271;2024-10-25 13:58:24.799;2024-10-25 13:58:25.304;2024-10-25 13:58:25.799;2024-10-25 13:58:26.322;]"
38,"AB","S2_BasicEmergency","[0.013287;0.013372;0.013592;0.01358;0.013569;0.013565;0.013565;0.013283;0.013269;0.013274;]","[0.0004;0.000402;0.000404;0.000406;0.000408;0.00041;0.000412;0.000414;0.000416;0.000418;]","[(12791.171875;-18587.908203);(12794.678711;-18594.220703);(12813.68457;-18586.148438);(12812.228516;-18587.556641);(12811.119141;-18588.427734);(12811.113281;-18587.785156);(12809.805664;-18590.882812);(12790.337891;-18589.267578);(12790.792969;-18585.636719);(12791.418945;-18585.066406);]","[2024-10-25 13:58:26.850;2024-10-25 13:58:27.353;2024-10-25 13:58:27.904;2024-10-25 13:58:28.407;2024-10-25 13:58:28.937;2024-10-25 13:58:29.440;2024-10-25 13:58:29.935;2024-10-25 13:58:30.451;2024-10-25 13:58:30.962;2024-10-25 13:58:31.461;]"
39,"AB","S2_BasicEmergency","[0.013288;0.009181;0.009169;0.009161;0.009154;0.009153;0.009154;0.009157;0.009163;0.009164;]","[0.00042;0.000422;0.000423;0.000425;0.000426;0.000428;0.000429;0.00043;0.000432;0.000433;]","[(12791.996094;-18586.015625);(12406.864258;-18582.757812);(12405.773438;-18581.513672);(12404.719727;-18581.992188);(12404.080078;-18581.068359);(12404.094727;-18580.712891);(12404.154297;-18580.992188);(12404.379883;-18581.302734);(12405.029297;-18581.701172);(12405.075195;-18582.001953);]","[2024-10-25 13:58:31.986;2024-10-25 13:58:32.489;2024-10-25 13:58:32.988;2024-10-25 13:58:33.492;2024-10-25 13:58:34.19;2024-10-25 13:58:34.545;2024-10-25 13:58:35.48;2024-10-25 13:58:35.552;2024-10-25 13:58:36.78;2024-10-25 13:58:36.579;]"
40,"AB","S2_BasicEmergency","[0.00916;0.009157;0.009259;0.00932;0.015301;0.015302;0.029286;0.029223;0.028889;0.028843;]","[0.000434;0.000436;0.000437;0.000439;0.00044;0.000443;0.000446;0.000451;0.000455;0.000459;]","[(12404.435547;-18582.341797);(12404.081055;-18582.404297);(12413.220703;-18592.339844);(12423.228516;-18584.650391);(12925.46582;-18583.335938);(12925.052734;-18584.425781);(13389.366211;-18685.009766);(13389.272461;-18682.525391);(13387.857422;-18670.955078);(13387.701172;-18669.261719);]","[2024-10-25 13:58:37.76;2024-10-25 13:58:37.603;2024-10-25 13:58:38.157;2024-10-25 13:58:38.658;2024-10-25 13:58:39.184;2024-10-25 13:58:39.685;2024-10-25 13:58:40.225;2024-10-25 13:58:40.743;2024-10-25 13:58:41.276;2024-10-25 13:58:41.770;]"
41,"AB","S2_BasicEmergency","[0.029349;0.044689;0.0446;0.06086;0.060749;0.060736;0.168116;0.168802;0.170797;0.170958;]","[0.000464;0.000471;0.000478;0.000487;0.000496;0.000505;0.000526;0.00055;0.000576;0.000602;]","[(13390.566406;-18685.503906);(13526.490234;-18932.607422);(13526.65625;-18929.363281);(13677.810547;-18929.779297);(13677.296875;-18929.0625);(13676.737305;-18930.09375);(14090.400391;-18909.494141);(14090.652344;-18910.671875);(14088.448242;-18916.9375);(14089.416992;-18916.308594);]","[2024-10-25 13:58:42.317;2024-10-25 13:58:42.820;2024-10-25 13:58:43.347;2024-10-25 13:58:43.878;2024-10-25 13:58:44.380;2024-10-25 13:58:44.882;2024-10-25 13:58:45.385;2024-10-25 13:58:45.889;2024-10-25 13:58:46.397;2024-10-25 13:58:46.907;]"
42,"AB","S2_BasicEmergency","[0.16957;0.16045;0.16032;0.169154;0.168748;0.10385;0.105575;0.105933;0.237435;0.230235;]","[0.000628;0.000654;0.000679;0.000704;0.00073;0.00075;0.000766;0.000781;0.000805;0.00084;]","[(14084.509766;-18918.326172);(14072.371094;-18910.666016);(14072.744141;-18909.988281);(14082.631836;-18919.347656);(14096.196289;-18905.283203);(14475.193359;-18633.951172);(14474.667969;-18639.164062);(14474.15625;-18640.207031);(14660.646484;-18913.675781);(14662.990234;-18907.396484);]","[2024-10-25 13:58:47.457;2024-10-25 13:58:47.972;2024-10-25 13:58:48.483;2024-10-25 13:58:48.994;2024-10-25 13:58:49.545;2024-10-25 13:58:50.20;2024-10-25 13:58:50.546;2024-10-25 13:58:51.50;2024-10-25 13:58:51.551;2024-10-25 13:58:52.64;]"
43,"AB","S2_BasicEmergency","[0.230451;0.232138;0.235066;0.236134;0.235647;0.234618;0.2349;0.235047;0.23877;0.245491;]","[0.000875;0.000909;0.000945;0.00098;0.001015;0.001049;0.001084;0.001119;0.001154;0.00119;]","[(14661.273438;-18906.566406);(14661.110352;-18908.304688);(14660.525391;-18911.089844);(14659.766602;-18911.751953);(14657.824219;-18910.033203);(14657.233398;-18908.580078);(14657.408203;-18908.986328);(14657.510742;-18909.205078);(14658.115234;-18913.490234);(14654.891602;-18918.335938);]","[2024-10-25 13:58:52.579;2024-10-25 13:58:53.82;2024-10-25 13:58:53.609;2024-10-25 13:58:54.107;2024-10-25 13:58:54.610;2024-10-25 13:58:55.116;2024-10-25 13:58:55.618;2024-10-25 13:58:56.124;2024-10-25 13:58:56.632;2024-10-25 13:58:57.134;]"
44,"AB","S2_BasicEmergency","[0.242742;0.233429;0.234481;0.234309;0.234595;0.233916;0.234528;0.23542;0.235253;0.234339;]","[0.001227;0.001262;0.001297;0.001333;0.001368;0.001402;0.001438;0.001474;0.00151;0.001546;]","[(14657.085938;-18916.935547);(14657.463867;-18907.451172);(14656.646484;-18908.078125);(14656.641602;-18907.892578);(14656.181641;-18907.916016);(14656.426758;-18907.341797);(14656.746094;-18908.1875);(14657.056641;-18909.322266);(14657.317383;-18909.304688);(14657.34375;-18908.351562);]","[2024-10-25 13:58:57.658;2024-10-25 13:58:58.167;2024-10-25 13:58:58.669;2024-10-25 13:58:59.192;2024-10-25 13:58:59.700;2024-10-25 13:59:0.201;2024-10-25 13:59:0.724;2024-10-25 13:59:1.249;2024-10-25 13:59:1.775;2024-10-25 13:59:2.299;]"
45,"AB","S2_BasicEmergency","[0.23403;0.234115;0.234233;0.234281;0.235314;0.250038;0.252828;0.255127;0.272855;0.27477;]","[0.001583;0.001619;0.001653;0.001688;0.001722;0.001758;0.001797;0.001836;0.001875;0.001917;]","[(14657.125;-18907.888672);(14656.688477;-18907.712891);(14656.849609;-18907.9375);(14657.275391;-18908.248047);(14657.428711;-18909.4375);(14652.567383;-18921.369141);(14633.641602;-18912.935547);(14632.068359;-18914.183594);(14627.09668;-18926.851562);(14627.28125;-18928.533203);]","[2024-10-25 13:59:2.826;2024-10-25 13:59:3.355;2024-10-25 13:59:3.857;2024-10-25 13:59:4.360;2024-10-25 13:59:4.862;2024-10-25 13:59:5.374;2024-10-25 13:59:5.923;2024-10-25 13:59:6.396;2024-10-25 13:59:6.931;2024-10-25 13:59:7.425;]"
46,"AB","S2_BasicEmergency","[0.275038;0.275515;0.276488;0.268319;0.237819;0.237264;0.237095;0.236253;0.231136;0.258814;]","[0.001957;0.002;0.002043;0.002086;0.002124;0.002161;0.002196;0.002232;0.002267;0.002305;]","[(14626.75293;-18928.457031);(14626.21875;-18928.550781);(14626.258789;-18929.365234);(14642.756836;-18932.126953);(14655.34375;-18910.794922);(14654.216797;-18909.533203);(14652.735352;-18908.466797);(14653.977539;-18908.332031);(14650.84668;-18901.058594);(14538.141602;-18879.978516);]","[2024-10-25 13:59:7.925;2024-10-25 13:59:8.456;2024-10-25 13:59:8.982;2024-10-25 13:59:9.512;2024-10-25 13:59:10.53;2024-10-25 13:59:10.547;2024-10-25 13:59:11.61;2024-10-25 13:59:11.568;2024-10-25 13:59:12.104;2024-10-25 13:59:12.609;]"
47,"AB","S2_BasicEmergency","[0.268855;0.283683;0.278716;0.296025;0.285029;0.149263;0.148811;0.156229;0.152495;0.152192;]","[0.002346;0.002387;0.002429;0.002475;0.002519;0.002554;0.002576;0.0026;0.002623;0.002646;]","[(14536.74707;-18887.515625);(14518.973633;-18894.091797);(14517.058594;-18890.166016);(14514.231445;-18901.427734);(14513.552734;-18893.884766);(14331.875;-18749.306641);(14334.905273;-18747.876953);(14349.59375;-18758.21875);(14355.8125;-18750.775391);(14354.189453;-18750.5);]","[2024-10-25 13:59:13.159;2024-10-25 13:59:13.637;2024-10-25 13:59:14.144;2024-10-25 13:59:14.687;2024-10-25 13:59:15.184;2024-10-25 13:59:15.730;2024-10-25 13:59:16.225;2024-10-25 13:59:16.736;2024-10-25 13:59:17.268;2024-10-25 13:59:17.773;]"
48,"AB","S2_BasicEmergency","[0.152173;0.153478;0.148515;0.148086;0.148483;0.149164;0.151061;0.1513;0.054817;0.02675;]","[0.002669;0.002692;0.002715;0.002737;0.002758;0.002781;0.002803;0.002826;0.002835;0.002842;]","[(14354.099609;-18750.482422);(14336.954102;-18755.808594);(14332.847656;-18747.742188);(14332.03125;-18747.119141);(14331.470703;-18747.962891);(14328.583984;-18749.804688);(14285.328125;-18764.287109);(14241.938477;-18779.896484);(13693.536133;-18805.248047);(13301.488281;-18734.521484);]","[2024-10-25 13:59:18.299;2024-10-25 13:59:18.797;2024-10-25 13:59:19.338;2024-10-25 13:59:19.817;2024-10-25 13:59:20.320;2024-10-25 13:59:20.837;2024-10-25 13:59:21.367;2024-10-25 13:59:21.865;2024-10-25 13:59:22.393;2024-10-25 13:59:22.881;]"
49,"AB","S2_BasicEmergency","[0.016491;0.016346;0.016817;0.017887;0.017825;0.017648;0.017321;0.017337;0.01252;0.012514;]","[0.002846;0.002848;0.002851;0.002854;0.002856;0.002859;0.002862;0.002864;0.002867;0.002869;]","[(12948.78418;-18685.019531);(12938.447266;-18691.976562);(12960.505859;-18697.8125);(13031.887695;-18651.037109);(13030.754883;-18646.96875);(13019.12793;-18654.261719);(13009.058594;-18641.048828);(13008.53125;-18644.052734);(12772.206055;-18497.244141);(12771.661133;-18497.474609);]","[2024-10-25 13:59:23.455;2024-10-25 13:59:23.978;2024-10-25 13:59:24.535;2024-10-25 13:59:25.16;2024-10-25 13:59:25.532;2024-10-25 13:59:26.40;2024-10-25 13:59:26.588;2024-10-25 13:59:27.93;2024-10-25 13:59:27.619;2024-10-25 13:59:28.125;]"
50,"AB","S2_BasicEmergency","[0.00981;0.009816;0.009829;0.009813;0.009809;0.009804;0.009806;0.009797;0.009798;0.009801;]","[0.00287;0.002872;0.002873;0.002874;0.002876;0.002877;0.002879;0.00288;0.002882;0.002883;]","[(12545.99707;-18419.431641);(12545.905273;-18421.041016);(12547.663086;-18420.507812);(12545.798828;-18420.640625);(12545.216797;-18420.845703);(12544.737305;-18420.724609);(12544.878906;-18420.746094);(12544.275391;-18419.800781);(12544.480469;-18419.617188);(12544.538086;-18420.251953);]","[2024-10-25 13:59:28.647;2024-10-25 13:59:29.149;2024-10-25 13:59:29.653;2024-10-25 13:59:30.176;2024-10-25 13:59:30.672;2024-10-25 13:59:31.183;2024-10-25 13:59:31.710;2024-10-25 13:59:32.238;2024-10-25 13:59:32.761;2024-10-25 13:59:33.266;]"
51,"AB","S2_BasicEmergency","[0.009799;0.009795;0.009791;0.009797;0.009803;0.009805;0.00997;0.009943;0.015827;0.015858;]","[0.002885;0.002886;0.002888;0.002889;0.002891;0.002892;0.002894;0.002895;0.002897;0.0029;]","[(12544.162109;-18420.601562);(12543.820312;-18420.390625);(12543.599609;-18419.796875);(12544.084961;-18420.208984);(12543.969727;-18422.214844);(12543.482422;-18423.646484);(12562.427734;-18423.648438);(12560.547852;-18420.923828);(13102.65625;-18329.492188);(13104.470703;-18329.632812);]","[2024-10-25 13:59:33.793;2024-10-25 13:59:34.317;2024-10-25 13:59:34.821;2024-10-25 13:59:35.345;2024-10-25 13:59:35.850;2024-10-25 13:59:36.352;2024-10-25 13:59:36.894;2024-10-25 13:59:37.399;2024-10-25 13:59:37.877;2024-10-25 13:59:38.376;]"
52,"AB","S2_BasicEmergency","[0.017488;0.017473;0.017436;0.017395;0.017398;0.017439;0.017453;0.01753;0.017551;0.01759;]","[0.002902;0.002905;0.002908;0.00291;0.002913;0.002916;0.002919;0.002921;0.002924;0.002927;]","[(13192.947266;-18340.292969);(13192.200195;-18340.236328);(13190.737305;-18339.398438);(13188.454102;-18339.410156);(13187.222656;-18341.318359);(13189.282227;-18341.554688);(13195.869141;-18333.826172);(13204.789062;-18327.734375);(13202.831055;-18331.853516);(13198.451172;-18340.470703);]","[2024-10-25 13:59:38.897;2024-10-25 13:59:39.421;2024-10-25 13:59:39.926;2024-10-25 13:59:40.508;2024-10-25 13:59:41.35;2024-10-25 13:59:41.539;2024-10-25 13:59:42.65;2024-10-25 13:59:42.538;2024-10-25 13:59:43.64;2024-10-25 13:59:43.569;]"
53,"AB","S2_BasicEmergency","[0.017595;0.017605;0.017619;0.017611;0.0176;0.017577;0.017564;0.017561;0.017575;0.017574;]","[0.002929;0.002932;0.002935;0.002937;0.00294;0.002943;0.002945;0.002948;0.002951;0.002953;]","[(13197.15918;-18342.582031);(13198.293945;-18341.830078);(13199.326172;-18341.439453);(13199.198242;-18340.996094);(13198.847656;-18340.708984);(13198.583008;-18339.335938);(13197.800781;-18339.474609);(13198.132812;-18338.765625);(13199.106445;-18338.523438);(13199.3125;-18338.199219);]","[2024-10-25 13:59:44.94;2024-10-25 13:59:44.618;2024-10-25 13:59:45.125;2024-10-25 13:59:45.648;2024-10-25 13:59:46.152;2024-10-25 13:59:46.705;2024-10-25 13:59:47.209;2024-10-25 13:59:47.709;2024-10-25 13:59:48.234;2024-10-25 13:59:48.763;]"
54,"AB","S2_BasicEmergency","[0.017595;0.017604;0.017597;0.017605;0.017619;0.017625;0.017637;0.017618;0.017602;0.017616;]","[0.002956;0.002959;0.002961;0.002964;0.002967;0.002969;0.002972;0.002975;0.002977;0.00298;]","[(13199.932617;-18338.894531);(13200.003906;-18339.4375);(13200.329102;-18338.462891);(13200.865234;-18338.337891);(13199.666016;-18341.013672);(13199.09082;-18342.21875);(13199.895508;-18341.990234);(13200.234375;-18340.160156);(13200.599609;-18338.482422);(13201.038086;-18338.925781);]","[2024-10-25 13:59:49.263;2024-10-25 13:59:49.790;2024-10-25 13:59:50.314;2024-10-25 13:59:50.820;2024-10-25 13:59:51.321;2024-10-25 13:59:51.819;2024-10-25 13:59:52.345;2024-10-25 13:59:52.846;2024-10-25 13:59:53.345;2024-10-25 13:59:53.877;]"
55,"AB","S2_BasicEmergency","[0.017632;0.017639;0.017631;0.017621;0.017618;0.017613;0.017615;0.017641;0.017664;0.017654;]","[0.002983;0.002985;0.002988;0.00299;0.002993;0.002996;0.002998;0.003001;0.003004;0.003006;]","[(13200.87793;-18340.349609);(13201.225586;-18340.363281);(13201.242188;-18339.779297);(13200.904297;-18339.501953);(13200.769531;-18339.419922);(13200.521484;-18339.398438);(13200.623047;-18339.433594);(13201.620117;-18340.017578);(13202.648438;-18340.332031);(13202.389648;-18339.929688);]","[2024-10-25 13:59:54.398;2024-10-25 13:59:54.904;2024-10-25 13:59:55.405;2024-10-25 13:59:55.931;2024-10-25 13:59:56.429;2024-10-25 13:59:56.959;2024-10-25 13:59:57.461;2024-10-25 13:59:57.980;2024-10-25 13:59:58.481;2024-10-25 13:59:59.6;]"
56,"AB","S2_BasicEmergency","[0.017636;0.017639;0.017624;0.017622;0.017653;0.017652;0.01763;0.017626;0.017605;0.01763;]","[0.003009;0.003012;0.003014;0.003017;0.00302;0.003022;0.003025;0.003028;0.00303;0.003033;]","[(13201.643555;-18339.595703);(13200.775391;-18340.966797);(13199.518555;-18341.527344);(13199.110352;-18341.984375);(13200.032227;-18342.955078);(13200.198242;-18342.728516);(13198.571289;-18343.269531);(13201.223633;-18339.457031);(13200.81543;-18338.425781);(13201.243164;-18339.705078);]","[2024-10-25 13:59:59.514;2024-10-25 14:0:0.12;2024-10-25 14:0:0.539;2024-10-25 14:0:1.88;2024-10-25 14:0:1.588;2024-10-25 14:0:2.92;2024-10-25 14:0:2.610;2024-10-25 14:0:3.122;2024-10-25 14:0:3.621;2024-10-25 14:0:4.148;]"
57,"AB","S2_BasicEmergency","[0.017646;0.017634;0.017603;0.017589;0.017602;0.017612;0.017628;0.017629;0.017632;0.017606;]","[0.003036;0.003038;0.003041;0.003044;0.003046;0.003049;0.003052;0.003054;0.003057;0.00306;]","[(13201.047852;-18341.148438);(13200.648438;-18340.802734);(13199.614258;-18339.867188);(13199.261719;-18339.337891);(13199.349609;-18340.142578);(13198.865234;-18341.552734);(13199.553711;-18341.792969);(13199.420898;-18342.033203);(13199.008789;-18342.789062);(13198.485352;-18341.582031);]","[2024-10-25 14:0:4.674;2024-10-25 14:0:5.174;2024-10-25 14:0:5.706;2024-10-25 14:0:6.203;2024-10-25 14:0:6.707;2024-10-25 14:0:7.237;2024-10-25 14:0:7.761;2024-10-25 14:0:8.283;2024-10-25 14:0:8.811;2024-10-25 14:0:9.316;]"
58,"AB","S2_BasicEmergency","[0.017592;0.017595;0.017607;0.017625;0.017638;0.017623;0.017617;0.017624;0.017629;0.017635;]","[0.003062;0.003065;0.003068;0.00307;0.003073;0.003076;0.003078;0.003081;0.003084;0.003086;]","[(13198.092773;-18341.146484);(13197.905273;-18341.560547);(13198.297852;-18341.955078);(13199.12793;-18342.166016);(13199.967773;-18341.960938);(13199.666992;-18341.289062);(13199.493164;-18341.046875);(13199.890625;-18341.029297);(13200.233398;-18340.964844);(13200.426758;-18341.113281);]","[2024-10-25 14:0:9.842;2024-10-25 14:0:10.343;2024-10-25 14:0:10.844;2024-10-25 14:0:11.350;2024-10-25 14:0:11.874;2024-10-25 14:0:12.401;2024-10-25 14:0:12.930;2024-10-25 14:0:13.431;2024-10-25 14:0:13.964;2024-10-25 14:0:14.477;]"
59,"AB","S2_BasicEmergency","[0.017629;0.017638;0.01761;0.017582;0.017449;0.017206;0.017207;0.017359;0.017365;0.017394;]","[0.003089;0.003092;0.003094;0.003097;0.0031;0.003102;0.003105;0.003107;0.00311;0.003113;]","[(13200.358398;-18340.798828);(13200.27832;-18341.585938);(13199.414062;-18340.705078);(13198.791016;-18339.414062);(13184.699219;-18348.552734);(13175.580078;-18342.445312);(13175.704102;-18342.371094);(13180.282227;-18347.753906);(13179.591797;-18349.169922);(13180.548828;-18350.027344);]","[2024-10-25 14:0:14.982;2024-10-25 14:0:15.509;2024-10-25 14:0:16.37;2024-10-25 14:0:16.538;2024-10-25 14:0:17.84;2024-10-25 14:0:17.585;2024-10-25 14:0:18.79;2024-10-25 14:0:18.583;2024-10-25 14:0:19.97;2024-10-25 14:0:19.599;]"
60,"AB","S2_BasicEmergency","[0.017402;0.017377;0.012259;0.00954;0.00955;0.009557;0.009497;0.00947;0.009718;0.009725;]","[0.003115;0.003118;0.00312;0.003122;0.003123;0.003124;0.003126;0.003127;0.003129;0.00313;]","[(13180.838867;-18350.251953);(13180.417969;-18348.949219);(12821.030273;-18359.394531);(12546.504883;-18349.423828);(12547.351562;-18350.265625);(12546.613281;-18353.568359);(12539.554688;-18352.90625);(12536.912109;-18351.564453);(12563.881836;-18358.128906);(12569.40918;-18348.490234);]","[2024-10-25 14:0:20.97;2024-10-25 14:0:20.622;2024-10-25 14:0:21.150;2024-10-25 14:0:21.668;2024-10-25 14:0:22.175;2024-10-25 14:0:22.677;2024-10-25 14:0:23.182;2024-10-25 14:0:23.707;2024-10-25 14:0:24.274;2024-10-25 14:0:24.753;]"
61,"AB","S2_BasicEmergency","[0.009701;0.00949;0.00716;0.007156;0.006288;0.005704;0.005719;0.005722;0.005722;0.005723;]","[0.003132;0.003133;0.003135;0.003136;0.003137;0.003138;0.003138;0.003139;0.00314;0.003141;]","[(12567.583008;-18346.386719);(12540.293945;-18349.744141);(12358.305664;-18016.726562);(12355.756836;-18019.771484);(12180.851562;-17997.714844);(12075.829102;-17920.974609);(12079.161133;-17922.378906);(12079.791992;-17922.464844);(12079.697266;-17922.869141);(12079.642578;-17923.169922);]","[2024-10-25 14:0:25.265;2024-10-25 14:0:25.780;2024-10-25 14:0:26.284;2024-10-25 14:0:26.813;2024-10-25 14:0:27.342;2024-10-25 14:0:27.841;2024-10-25 14:0:28.372;2024-10-25 14:0:28.877;2024-10-25 14:0:29.406;2024-10-25 14:0:29.926;]"
62,"AB","S2_BasicEmergency","[0.005722;0.005714;0.005707;0.005696;0.005094;0.004878;0.004828;0.004595;0.004605;0.004664;]","[0.003142;0.003143;0.003144;0.003145;0.003145;0.003146;0.003147;0.003148;0.003148;0.003149;]","[(12079.573242;-17922.882812);(12077.999023;-17921.931641);(12074.623047;-17924.302734);(12071.523438;-17924.759766);(11907.420898;-17897.953125);(11833.536133;-17902.587891);(11824.360352;-17887.832031);(11743.003906;-17883.568359);(11749.301758;-17878.712891);(11759.301758;-17901.105469);]","[2024-10-25 14:0:30.452;2024-10-25 14:0:30.955;2024-10-25 14:0:31.532;2024-10-25 14:0:32.9;2024-10-25 14:0:32.509;2024-10-25 14:0:33.9;2024-10-25 14:0:33.538;2024-10-25 14:0:34.37;2024-10-25 14:0:34.623;2024-10-25 14:0:35.111;]"
63,"AB","S2_BasicEmergency","[0.004807;0.007502;0.007499;0.011986;0.023071;0.022579;0.022617;0.03374;0.032899;0.040112;]","[0.00315;0.003151;0.003152;0.003154;0.003157;0.00316;0.003164;0.003168;0.003173;0.003179;]","[(11803.506836;-17913.783203);(12275.239258;-18295.804688);(12271.366211;-18303.128906);(12653.572266;-18689.011719);(13119.367188;-18968.583984);(13104.476562;-18967.929688);(13104.878906;-18971.431641);(13321.171875;-19211.761719);(13307.244141;-19206.324219);(13423.414062;-19418.732422);]","[2024-10-25 14:0:35.701;2024-10-25 14:0:36.185;2024-10-25 14:0:36.734;2024-10-25 14:0:37.228;2024-10-25 14:0:37.749;2024-10-25 14:0:38.279;2024-10-25 14:0:38.807;2024-10-25 14:0:39.312;2024-10-25 14:0:39.852;2024-10-25 14:0:40.335;]"
64,"AB","S2_BasicEmergency","[0.040095;0.03991;0.038918;0.039099;0.03991;0.039081;0.039204;0.018881;0.012143;0.007842;]","[0.003185;0.003191;0.003197;0.003203;0.003209;0.003215;0.003221;0.003224;0.003227;0.003228;]","[(13424.475586;-19427.181641);(13422.398438;-19429.222656);(13406.050781;-19407.486328);(13408.611328;-19408.384766);(13420.87207;-19419.283203);(13409.792969;-19418.503906);(13409.236328;-19402.453125);(12959.977539;-19044.378906);(12677.151367;-18656.900391);(12325.401367;-18311.109375);]","[2024-10-25 14:0:40.832;2024-10-25 14:0:41.338;2024-10-25 14:0:41.865;2024-10-25 14:0:42.363;2024-10-25 14:0:42.923;2024-10-25 14:0:43.397;2024-10-25 14:0:43.946;2024-10-25 14:0:44.447;2024-10-25 14:0:44.976;2024-10-25 14:0:45.483;]"
65,"AB","S2_BasicEmergency","[0.007876;0.007878;0.007833;0.00572;0.004657;0.004614;0.004565;0.004607;0.004689;0.01221;]","[0.003229;0.003231;0.003232;0.003233;0.003234;0.003234;0.003235;0.003236;0.003236;0.003238;]","[(12327.905273;-18317.523438);(12328.459961;-18317.113281);(12325.429688;-18307.662109);(12036.162109;-18001.142578);(11796.457031;-17825.753906);(11783.317383;-17820.488281);(11767.208008;-17816.4375);(11774.757812;-17831.386719);(11804.72168;-17832.160156);(12689.494141;-18637.40625);]","[2024-10-25 14:0:46.3;2024-10-25 14:0:46.508;2024-10-25 14:0:47.38;2024-10-25 14:0:47.564;2024-10-25 14:0:48.63;2024-10-25 14:0:48.610;2024-10-25 14:0:49.116;2024-10-25 14:0:49.591;2024-10-25 14:0:50.170;2024-10-25 14:0:50.723;]"
66,"AB","S2_BasicEmergency","[0.022558;0.043375;0.043137;0.043266;0.0391;0.038878;0.038593;0.039124;0.028629;0.028645;]","[0.00324;0.003246;0.003252;0.003259;0.003266;0.003271;0.003277;0.003283;0.003289;0.003293;]","[(13091.267578;-19030.214844);(13468.485352;-19449.691406);(13588.665039;-19775.34375);(13578.77832;-19755.416016);(13486.414062;-19685.390625);(13482.699219;-19684.273438);(13478.34082;-19683.908203);(13488.841797;-19690.111328);(13235.008789;-19432.396484);(13234.59668;-19426.828125);]","[2024-10-25 14:0:51.175;2024-10-25 14:0:51.687;2024-10-25 14:0:52.221;2024-10-25 14:0:52.753;2024-10-25 14:0:53.255;2024-10-25 14:0:53.759;2024-10-25 14:0:54.295;2024-10-25 14:0:54.800;2024-10-25 14:0:55.334;2024-10-25 14:0:55.875;]"
67,"AB","S2_BasicEmergency","[0.021721;0.010456;0.010475;0.010474;0.010447;0.006946;0.006962;0.006965;0.006964;0.006963;]","[0.003297;0.003299;0.003301;0.003303;0.003304;0.003305;0.003307;0.003308;0.003309;0.00331;]","[(13056.773438;-19081.984375);(12600.463867;-18457.013672);(12600.646484;-18461.201172);(12601.369141;-18459.195312);(12601.911133;-18451.601562);(12358.292969;-17946.470703);(12358.429688;-17951.488281);(12357.936523;-17953.025391);(12357.46875;-17953.613281);(12357.009766;-17953.867188);]","[2024-10-25 14:0:56.414;2024-10-25 14:0:56.965;2024-10-25 14:0:57.438;2024-10-25 14:0:57.957;2024-10-25 14:0:58.443;2024-10-25 14:0:58.960;2024-10-25 14:0:59.472;2024-10-25 14:1:0.56;2024-10-25 14:1:0.556;2024-10-25 14:1:1.35;]"
68,"AB","S2_BasicEmergency","[0.006963;0.006963;0.006964;0.006963;0.006961;0.006962;0.006963;0.006961;0.00696;0.006959;]","[0.003311;0.003312;0.003313;0.003314;0.003315;0.003316;0.003317;0.003319;0.00332;0.003321;]","[(12357.042969;-17953.888672);(12357.013672;-17954.091797);(12357.161133;-17954.037109);(12356.841797;-17954.144531);(12356.40332;-17954.279297);(12356.146484;-17955.005859);(12356.069336;-17955.414062);(12355.767578;-17955.351562);(12355.657227;-17955.015625);(12354.989258;-17955.714844);]","[2024-10-25 14:1:1.539;2024-10-25 14:1:2.71;2024-10-25 14:1:2.587;2024-10-25 14:1:3.134;2024-10-25 14:1:3.642;2024-10-25 14:1:4.172;2024-10-25 14:1:4.725;2024-10-25 14:1:5.252;2024-10-25 14:1:5.777;2024-10-25 14:1:6.306;]"
69,"AB","S2_BasicEmergency","[0.005471;0.004852;0.004818;0.004807;0.004849;0.004893;0.004925;0.00691;0.006925;0.011804;]","[0.003322;0.003322;0.003323;0.003324;0.003325;0.003325;0.003326;0.003327;0.003328;0.00333;]","[(12027.554688;-17889.607422);(11860.509766;-17836.107422);(11849.248047;-17834.947266);(11843.013672;-17839.632812);(11852.422852;-17849.068359);(11870.661133;-17843.548828);(11879.927734;-17846.626953);(12277.642578;-18069.310547);(12281.512695;-18067.769531);(12861.583984;-18225.228516);]","[2024-10-25 14:1:6.806;2024-10-25 14:1:7.317;2024-10-25 14:1:7.863;2024-10-25 14:1:8.457;2024-10-25 14:1:8.914;2024-10-25 14:1:9.401;2024-10-25 14:1:9.941;2024-10-25 14:1:10.449;2024-10-25 14:1:10.991;2024-10-25 14:1:11.547;]"
70,"AB","S2_BasicEmergency","[0.011872;0.018696;0.018645;0.018688;0.018946;0.018973;0.019064;0.019245;0.01928;0.019267;]","[0.003332;0.003334;0.003337;0.00334;0.003343;0.003346;0.003349;0.003352;0.003355;0.003358;]","[(12865.804688;-18228.578125);(13256.96582;-18340.667969);(13254.456055;-18340.496094);(13256.333984;-18340.958984);(13265.188477;-18346.287109);(13264.451172;-18348.970703);(13266.944336;-18351.556641);(13273.008789;-18355.1875);(13274.700195;-18355.199219);(13274.689453;-18354.431641);]","[2024-10-25 14:1:12.78;2024-10-25 14:1:12.594;2024-10-25 14:1:13.107;2024-10-25 14:1:13.635;2024-10-25 14:1:14.140;2024-10-25 14:1:14.695;2024-10-25 14:1:15.199;2024-10-25 14:1:15.724;2024-10-25 14:1:16.221;2024-10-25 14:1:16.724;]"
71,"AB","S2_BasicEmergency","[0.019145;0.019001;0.019015;0.019009;0.018487;0.012197;0.012178;0.012161;0.012143;0.012122;]","[0.003361;0.003364;0.003367;0.00337;0.003372;0.003375;0.003377;0.003379;0.003381;0.003383;]","[(13270.84668;-18351.707031);(13265.55957;-18349.328125);(13265.323242;-18350.533203);(13261.319336;-18355.265625);(13241.105469;-18347.232422);(12750.192383;-18487.300781);(12748.8125;-18486.808594);(12748.141602;-18485.166016);(12746.856445;-18484.666016);(12745.324219;-18484.216797);]","[2024-10-25 14:1:17.276;2024-10-25 14:1:17.778;2024-10-25 14:1:18.279;2024-10-25 14:1:18.782;2024-10-25 14:1:19.330;2024-10-25 14:1:19.905;2024-10-25 14:1:20.358;2024-10-25 14:1:20.885;2024-10-25 14:1:21.401;2024-10-25 14:1:21.933;]"
72,"AB","S2_BasicEmergency","[0.012121;0.012379;0.026893;0.097853;0.836074;0.870654;3.182789;3.463663;4.480818;4.968722;]","[0.003385;0.003387;0.003391;0.003398;0.003434;0.003573;0.003908;0.004386;0.004976;0.005678;]","[(12745.144531;-18484.339844);(12764.413086;-18489.275391);(13343.683594;-18659.654297);(13840.44043;-18997.886719);(14216.582031;-19252.058594);(14221.361328;-19249.800781);(14330.082031;-19285.445312);(14335.041016;-19284.259766);(14349.19043;-19281.542969);(14354.454102;-19280.447266);]","[2024-10-25 14:1:22.463;2024-10-25 14:1:22.995;2024-10-25 14:1:23.499;2024-10-25 14:1:23.998;2024-10-25 14:1:24.506;2024-10-25 14:1:25.23;2024-10-25 14:1:25.549;2024-10-25 14:1:26.85;2024-10-25 14:1:26.590;2024-10-25 14:1:27.69;]"
73,"AB","S2_BasicEmergency","[4.98182;4.88156;4.942817;4.932315;4.938233;4.32974;2.982206;2.27075;0.129578;0.128425;]","[0.006486;0.007248;0.007969;0.008735;0.009502;0.010244;0.010775;0.011154;0.011384;0.011403;]","[(14354.604492;-19280.5625);(14353.606445;-19280.908203);(14354.354492;-19281.613281);(14354.302734;-19281.986328);(14354.556641;-19283.15625);(14347.849609;-19284.751953);(14326.944336;-19290.912109);(14307.768555;-19286.839844);(13871.987305;-19201.080078);(13869.958984;-19196.625);]","[2024-10-25 14:1:27.591;2024-10-25 14:1:28.121;2024-10-25 14:1:28.620;2024-10-25 14:1:29.149;2024-10-25 14:1:29.678;2024-10-25 14:1:30.204;2024-10-25 14:1:30.731;2024-10-25 14:1:31.258;2024-10-25 14:1:31.737;2024-10-25 14:1:32.218;]"
74,"AB","S2_BasicEmergency","[0.052078;0.052168;0.024723;0.014527;0.014487;0.010376;0.006032;0.00488;0.004875;0.004967;]","[0.011423;0.011431;0.011436;0.01144;0.011442;0.011443;0.011445;0.011445;0.011446;0.011447;]","[(13554.449219;-19097.818359);(13555.243164;-19097.810547);(13183.210938;-18905.287109);(12805.50293;-18779.177734);(12803.28125;-18778.552734);(12563.02832;-18526.476562);(12066.728516;-18097.544922);(11802.511719;-17964.878906);(11806.016602;-17954.478516);(11855.910156;-17916.792969);]","[2024-10-25 14:1:32.798;2024-10-25 14:1:33.294;2024-10-25 14:1:33.821;2024-10-25 14:1:34.337;2024-10-25 14:1:34.855;2024-10-25 14:1:35.385;2024-10-25 14:1:35.883;2024-10-25 14:1:36.439;2024-10-25 14:1:36.942;2024-10-25 14:1:37.494;]"
75,"AB","S2_BasicEmergency","[0.004969;0.004948;0.004974;0.004985;0.005001;0.005014;0.005031;0.005031;0.005033;0.005031;]","[0.011448;0.011448;0.011449;0.01145;0.011451;0.011451;0.011452;0.011453;0.011454;0.011454;]","[(11861.045898;-17908.558594);(11860.548828;-17896.115234);(11871.157227;-17892.455078);(11874.816406;-17892.298828);(11879.030273;-17894.634766);(11875.755859;-17908.582031);(11873.611328;-17923.535156);(11874.041016;-17922.498047);(11874.557617;-17922.548828);(11873.737305;-17922.853516);]","[2024-10-25 14:1:37.998;2024-10-25 14:1:38.476;2024-10-25 14:1:39.27;2024-10-25 14:1:39.506;2024-10-25 14:1:40.34;2024-10-25 14:1:40.560;2024-10-25 14:1:41.84;2024-10-25 14:1:41.585;2024-10-25 14:1:42.63;2024-10-25 14:1:42.591;]"
76,"AB","S2_BasicEmergency","[0.004994;0.004991;0.004582;0.004602;0.004619;0.004588;0.004593;0.004599;0.004602;0.004602;]","[0.011455;0.011456;0.011457;0.011457;0.011458;0.011459;0.01146;0.01146;0.011461;0.011462;]","[(11862.879883;-17920.748047);(11862.178711;-17920.103516);(11801.726562;-17766.185547);(11818.349609;-17750.146484);(11827.118164;-17746.388672);(11813.642578;-17749.410156);(11809.944336;-17759.275391);(11810.149414;-17762.925781);(11809.413086;-17765.814453);(11806.12207;-17771.744141);]","[2024-10-25 14:1:43.133;2024-10-25 14:1:43.615;2024-10-25 14:1:44.148;2024-10-25 14:1:44.674;2024-10-25 14:1:45.285;2024-10-25 14:1:45.811;2024-10-25 14:1:46.363;2024-10-25 14:1:46.892;2024-10-25 14:1:47.369;2024-10-25 14:1:47.868;]"
77,"AB","S2_BasicEmergency","[0.004607;0.004607;0.004607;0.004629;0.004655;0.005941;0.005928;0.005908;0.005909;0.005913;]","[0.011462;0.011463;0.011464;0.011465;0.011465;0.011466;0.011467;0.011468;0.011469;0.01147;]","[(11804.018555;-17778.886719);(11803.27832;-17780.283203);(11803.69043;-17779.476562);(11810.867188;-17781.408203);(11813.875;-17793.130859);(12046.824219;-18092.332031);(12047.912109;-18083.611328);(12043.009766;-18083.277344);(12044.269531;-18081.34375);(12044.916016;-18082.078125);]","[2024-10-25 14:1:48.396;2024-10-25 14:1:48.924;2024-10-25 14:1:49.426;2024-10-25 14:1:49.952;2024-10-25 14:1:50.489;2024-10-25 14:1:50.966;2024-10-25 14:1:51.489;2024-10-25 14:1:51.995;2024-10-25 14:1:52.469;2024-10-25 14:1:52.996;]"
78,"AB","S2_BasicEmergency","[0.005949;0.005937;0.005903;0.005897;0.005906;0.005911;0.005915;0.005911;0.005907;0.005904;]","[0.011471;0.011471;0.011472;0.011473;0.011474;0.011475;0.011476;0.011477;0.011478;0.011479;]","[(12051.178711;-18087.583984);(12048.459961;-18086.722656);(12043.628906;-18079.615234);(12043.230469;-18077.25);(12044.302734;-18079.556641);(12045.193359;-18080.460938);(12045.601562;-18081.544922);(12044.171875;-18082.339844);(12043.138672;-18082.414062);(12042.939453;-18081.433594);]","[2024-10-25 14:1:53.500;2024-10-25 14:1:54.4;2024-10-25 14:1:54.509;2024-10-25 14:1:55.10;2024-10-25 14:1:55.513;2024-10-25 14:1:56.42;2024-10-25 14:1:56.541;2024-10-25 14:1:57.95;2024-10-25 14:1:57.597;2024-10-25 14:1:58.125;]"
79,"AB","S2_BasicEmergency","[0.005909;0.00591;0.00591;0.005911;0.005911;0.005911;0.005913;0.00591;0.005908;0.005909;]","[0.011479;0.01148;0.011481;0.011482;0.011483;0.011484;0.011485;0.011486;0.011487;0.011487;]","[(12043.97168;-18081.646484);(12044.21582;-18081.794922);(12044.085938;-18082.248047);(12044.249023;-18082.097656);(12044.628906;-18081.208984);(12045.228516;-18080.447266);(12045.501953;-18080.478516);(12044.839844;-18080.421875);(12044.241211;-18080.720703);(12044.168945;-18081.304688);]","[2024-10-25 14:1:58.651;2024-10-25 14:1:59.154;2024-10-25 14:1:59.656;2024-10-25 14:2:0.155;2024-10-25 14:2:0.683;2024-10-25 14:2:1.182;2024-10-25 14:2:1.711;2024-10-25 14:2:2.263;2024-10-25 14:2:2.760;2024-10-25 14:2:3.261;]"
80,"AB","S2_BasicEmergency","[0.005911;0.00591;0.00591;0.005906;0.005896;0.005896;0.005899;0.005899;0.005899;0.0059;]","[0.011488;0.011489;0.01149;0.011491;0.011492;0.011493;0.011494;0.011495;0.011495;0.011496;]","[(12044.692383;-18081.193359);(12044.587891;-18080.892578);(12044.788086;-18080.423828);(12043.508789;-18081.070312);(12039.905273;-18083.414062);(12039.711914;-18083.601562);(12040.12793;-18084.279297);(12040.222656;-18084.117188);(12040.453125;-18083.728516);(12041.016602;-18083.3125);]","[2024-10-25 14:2:3.762;2024-10-25 14:2:4.263;2024-10-25 14:2:4.792;2024-10-25 14:2:5.293;2024-10-25 14:2:5.792;2024-10-25 14:2:6.321;2024-10-25 14:2:6.847;2024-10-25 14:2:7.373;2024-10-25 14:2:7.875;2024-10-25 14:2:8.402;]"
81,"AB","S2_BasicEmergency","[0.005908;0.005909;0.005911;0.005915;0.005917;0.005904;0.005904;0.005896;0.005896;0.005896;]","[0.011497;0.011498;0.011499;0.0115;0.011501;0.011502;0.011503;0.011503;0.011504;0.011505;]","[(12042.470703;-18084.384766);(12042.916992;-18083.841797);(12042.847656;-18085.191406);(12043.516602;-18085.949219);(12043.845703;-18085.853516);(12042.455078;-18082.435547);(12042.010742;-18082.904297);(12040.514648;-18082.029297);(12040.241211;-18082.414062);(12040.124023;-18082.802734);]","[2024-10-25 14:2:8.929;2024-10-25 14:2:9.431;2024-10-25 14:2:9.954;2024-10-25 14:2:10.476;2024-10-25 14:2:10.978;2024-10-25 14:2:11.482;2024-10-25 14:2:11.983;2024-10-25 14:2:12.534;2024-10-25 14:2:13.35;2024-10-25 14:2:13.533;]"
82,"AB","S2_BasicEmergency","[0.005893;0.005892;0.005897;0.005897;0.0059;0.005905;0.005914;0.005912;0.005911;0.005912;]","[0.011506;0.011507;0.011508;0.011509;0.01151;0.011511;0.011511;0.011512;0.011513;0.011514;]","[(12040.854492;-18079.765625);(12041.392578;-18078.503906);(12042.259766;-18079.175781);(12042.106445;-18079.318359);(12042.313477;-18080.658203);(12043.035156;-18081.408203);(12044.691406;-18082.634766);(12044.301758;-18082.427734);(12044.238281;-18082.439453);(12044.483398;-18082.402344);]","[2024-10-25 14:2:14.62;2024-10-25 14:2:14.590;2024-10-25 14:2:15.96;2024-10-25 14:2:15.618;2024-10-25 14:2:16.124;2024-10-25 14:2:16.624;2024-10-25 14:2:17.153;2024-10-25 14:2:17.682;2024-10-25 14:2:18.178;2024-10-25 14:2:18.680;]"
83,"AB","S2_BasicEmergency","[0.005911;0.00591;0.005903;0.005901;0.005902;0.005901;0.005897;0.005899;0.005891;0.005883;]","[0.011515;0.011516;0.011517;0.011518;0.011519;0.01152;0.01152;0.011521;0.011522;0.011523;]","[(12044.24707;-18082.164062);(12043.722656;-18082.53125);(12041.668945;-18083.115234);(12041.18457;-18083.449219);(12041.035156;-18083.908203);(12041.017578;-18083.861328);(12040.959961;-18081.648438);(12041.661133;-18081.408203);(12039.757812;-18080.880859);(12038.774414;-18079.195312);]","[2024-10-25 14:2:19.204;2024-10-25 14:2:19.709;2024-10-25 14:2:20.233;2024-10-25 14:2:20.761;2024-10-25 14:2:21.288;2024-10-25 14:2:21.812;2024-10-25 14:2:22.313;2024-10-25 14:2:22.843;2024-10-25 14:2:23.344;2024-10-25 14:2:23.844;]"
84,"AB","S2_BasicEmergency","[0.005885;0.005888;0.005888;0.005891;0.005891;0.005892;0.005891;0.00589;0.005889;0.00589;]","[0.011524;0.011525;0.011526;0.011527;0.011527;0.011528;0.011529;0.01153;0.011531;0.011532;]","[(12038.875977;-18079.771484);(12039.642578;-18079.724609);(12039.613281;-18079.830078);(12040.330078;-18079.785156);(12040.722656;-18079.230469);(12040.969727;-18078.884766);(12041.016602;-18078.431641);(12040.988281;-18077.859375);(12040.871094;-18077.923828);(12040.961914;-18078.142578);]","[2024-10-25 14:2:24.367;2024-10-25 14:2:24.871;2024-10-25 14:2:25.370;2024-10-25 14:2:25.873;2024-10-25 14:2:26.402;2024-10-25 14:2:26.902;2024-10-25 14:2:27.405;2024-10-25 14:2:27.954;2024-10-25 14:2:28.457;2024-10-25 14:2:28.957;]"
85,"AB","S2_BasicEmergency","[0.005888;0.005891;0.005893;0.005892;0.005903;0.005912;0.005914;0.005909;0.005909;0.005908;]","[0.011533;0.011534;0.011535;0.011535;0.011536;0.011537;0.011538;0.011539;0.01154;0.011541;]","[(12040.379883;-18078.441406);(12040.663086;-18079.408203);(12040.616211;-18080.121094);(12040.174805;-18080.517578);(12042.387695;-18081.753906);(12044.573242;-18081.910156);(12044.844727;-18082.378906);(12043.651367;-18082.427734);(12043.908203;-18081.755859);(12043.90625;-18081.617188);]","[2024-10-25 14:2:29.484;2024-10-25 14:2:30.12;2024-10-25 14:2:30.541;2024-10-25 14:2:31.42;2024-10-25 14:2:31.543;2024-10-25 14:2:32.72;2024-10-25 14:2:32.573;2024-10-25 14:2:33.116;2024-10-25 14:2:33.620;2024-10-25 14:2:34.146;]"
86,"AB","S2_BasicEmergency","[0.005908;0.005906;0.005937;0.005955;0.005952;0.005912;0.005916;0.005913;0.005911;0.005911;]","[0.011542;0.011543;0.011543;0.011544;0.011545;0.011546;0.011547;0.011548;0.011549;0.01155;]","[(12043.829102;-18081.677734);(12043.360352;-18081.314453);(12048.988281;-18085.929688);(12051.352539;-18090.050781);(12050.533203;-18090.419922);(12043.649414;-18083.777344);(12044.209961;-18084.646484);(12043.881836;-18083.984375);(12043.542969;-18083.783203);(12043.186523;-18084.267578);]","[2024-10-25 14:2:34.659;2024-10-25 14:2:35.170;2024-10-25 14:2:35.696;2024-10-25 14:2:36.191;2024-10-25 14:2:36.720;2024-10-25 14:2:37.226;2024-10-25 14:2:37.729;2024-10-25 14:2:38.256;2024-10-25 14:2:38.733;2024-10-25 14:2:39.235;]"
87,"AB","S2_BasicEmergency","[0.005911;0.005913;0.005918;0.005923;0.005921;0.005916;0.005914;0.005913;0.005907;0.005905;]","[0.011551;0.011551;0.011552;0.011553;0.011554;0.011555;0.011556;0.011557;0.011558;0.011559;]","[(12042.936523;-18084.923828);(12043.59082;-18084.785156);(12043.550781;-18086.962891);(12044.660156;-18087.320312);(12044.930664;-18086.064453);(12044.126953;-18084.892578);(12044.173828;-18084.005859);(12043.953125;-18083.652344);(12042.727539;-18083.205078);(12042.138672;-18083.226562);]","[2024-10-25 14:2:39.728;2024-10-25 14:2:40.240;2024-10-25 14:2:40.762;2024-10-25 14:2:41.263;2024-10-25 14:2:41.792;2024-10-25 14:2:42.319;2024-10-25 14:2:42.846;2024-10-25 14:2:43.396;2024-10-25 14:2:43.866;2024-10-25 14:2:44.400;]"
88,"AB","S2_BasicEmergency","[0.005906;0.005887;0.005873;0.005942;0.005913;0.005938;0.005908;0.005868;0.005899;0.005955;]","[0.01156;0.01156;0.011561;0.011562;0.011563;0.011564;0.011565;0.011566;0.011567;0.011568;]","[(12043.905273;-18080.228516);(12041.624023;-18075.136719);(12037.128906;-18077.082031);(12043.823242;-18098.933594);(12036.919922;-18098.183594);(12045.149414;-18094.123047);(12047.988281;-18073.34375);(12027.299805;-18094.746094);(12030.224609;-18104.892578);(12042.697266;-18108.044922);]","[2024-10-25 14:2:44.954;2024-10-25 14:2:45.450;2024-10-25 14:2:45.949;2024-10-25 14:2:46.495;2024-10-25 14:2:46.991;2024-10-25 14:2:47.518;2024-10-25 14:2:48.46;2024-10-25 14:2:48.574;2024-10-25 14:2:49.90;2024-10-25 14:2:49.594;]"
89,"AB","S2_BasicEmergency","[0.005953;0.005959;0.005972;0.00595;0.00589;0.005895;0.005869;0.005904;0.005957;0.006192;]","[0.011569;0.01157;0.01157;0.011571;0.011572;0.011573;0.011574;0.011575;0.011576;0.011577;]","[(12043.666016;-18104.931641);(12046.25293;-18102.662109);(12049.760742;-18102.035156);(12044.176758;-18102.228516);(12038.361328;-18083.572266);(12041.577148;-18079.511719);(12032.65918;-18084.0625);(12032.744141;-18102.041016);(12044.978516;-18104.332031);(12049.087891;-18216.318359);]","[2024-10-25 14:2:50.103;2024-10-25 14:2:50.631;2024-10-25 14:2:51.160;2024-10-25 14:2:51.676;2024-10-25 14:2:52.213;2024-10-25 14:2:52.692;2024-10-25 14:2:53.194;2024-10-25 14:2:53.734;2024-10-25 14:2:54.255;2024-10-25 14:2:54.734;]"
90,"AB","S2_BasicEmergency","[0.006173;0.006184;0.00619;0.006221;0.006236;0.00616;0.006097;0.006084;0.006082;0.006083;]","[0.011578;0.011579;0.01158;0.01158;0.011581;0.011582;0.011583;0.011584;0.011585;0.011586;]","[(12046.206055;-18213.257812);(12048.519531;-18213.714844);(12049.762695;-18213.728516);(12054.941406;-18218.130859);(12056.686523;-18222.277344);(12041.787109;-18216.445312);(12029.077148;-18211.599609);(12027.619141;-18207.982422);(12027.541016;-18207.375);(12027.677734;-18207.310547);]","[2024-10-25 14:2:55.236;2024-10-25 14:2:55.760;2024-10-25 14:2:56.270;2024-10-25 14:2:56.772;2024-10-25 14:2:57.271;2024-10-25 14:2:57.770;2024-10-25 14:2:58.315;2024-10-25 14:2:58.821;2024-10-25 14:2:59.299;2024-10-25 14:2:59.804;]"
91,"AB","S2_BasicEmergency","[0.006089;0.006089;0.006093;0.006096;0.006097;0.006095;0.006094;0.006098;0.006101;0.0061;]","[0.011587;0.011588;0.011589;0.01159;0.011591;0.011591;0.011592;0.011593;0.011594;0.011595;]","[(12029.009766;-18207.693359);(12028.944336;-18207.513672);(12029.567383;-18208.539062);(12029.980469;-18209.166016);(12030.105469;-18209.154297);(12029.861328;-18208.925781);(12029.805664;-18208.583984);(12030.401367;-18209.091797);(12031.058594;-18209.375);(12030.898438;-18208.867188);]","[2024-10-25 14:3:0.327;2024-10-25 14:3:0.830;2024-10-25 14:3:1.333;2024-10-25 14:3:1.858;2024-10-25 14:3:2.385;2024-10-25 14:3:2.885;2024-10-25 14:3:3.387;2024-10-25 14:3:3.913;2024-10-25 14:3:4.413;2024-10-25 14:3:4.941;]"
92,"AB","S2_BasicEmergency","[0.006098;0.0061;0.0061;0.006101;0.006103;0.006106;0.006103;0.006101;0.006097;0.006098;]","[0.011596;0.011597;0.011598;0.011599;0.0116;0.011601;0.011602;0.011603;0.011604;0.011604;]","[(12030.524414;-18208.644531);(12031.060547;-18208.515625);(12031.495117;-18207.652344);(12032.016602;-18206.925781);(12032.734375;-18206.365234);(12033.500977;-18206.560547);(12032.245117;-18207.634766);(12031.333008;-18208.839844);(12030.143555;-18209.333984);(12030.421875;-18209.273438);]","[2024-10-25 14:3:5.471;2024-10-25 14:3:5.971;2024-10-25 14:3:6.499;2024-10-25 14:3:7.1;2024-10-25 14:3:7.529;2024-10-25 14:3:8.56;2024-10-25 14:3:8.602;2024-10-25 14:3:9.133;2024-10-25 14:3:9.636;2024-10-25 14:3:10.136;]"
93,"AB","S2_BasicEmergency","[0.006099;0.006095;0.006093;0.006093;0.006091;0.006089;0.006094;0.006096;0.006098;0.006098;]","[0.011605;0.011606;0.011607;0.011608;0.011609;0.01161;0.011611;0.011612;0.011613;0.011614;]","[(12031.008789;-18208.246094);(12030.329102;-18207.958984);(12029.953125;-18207.628906);(12030.004883;-18207.603516);(12029.583984;-18207.144531);(12029.303711;-18206.728516);(12030.356445;-18206.988281);(12031.086914;-18206.722656);(12031.868164;-18206.003906);(12031.55957;-18206.509766);]","[2024-10-25 14:3:10.664;2024-10-25 14:3:11.163;2024-10-25 14:3:11.670;2024-10-25 14:3:12.193;2024-10-25 14:3:12.698;2024-10-25 14:3:13.222;2024-10-25 14:3:13.747;2024-10-25 14:3:14.299;2024-10-25 14:3:14.773;2024-10-25 14:3:15.276;]"
94,"AB","S2_BasicEmergency","[0.006098;0.006095;0.006096;0.006097;0.0061;0.006098;0.006103;0.006096;0.006094;0.006095;]","[0.011614;0.011615;0.011616;0.011617;0.011618;0.011619;0.01162;0.011621;0.011622;0.011623;]","[(12031.237305;-18207.310547);(12030.054688;-18208.132812);(12030.442383;-18207.775391);(12030.619141;-18208.412109);(12031.005859;-18208.683594);(12030.641602;-18208.601562);(12031.584961;-18209.023438);(12031.323242;-18205.791016);(12030.90332;-18205.75);(12031.0625;-18205.839844);]","[2024-10-25 14:3:15.777;2024-10-25 14:3:16.304;2024-10-25 14:3:16.827;2024-10-25 14:3:17.331;2024-10-25 14:3:17.860;2024-10-25 14:3:18.384;2024-10-25 14:3:18.890;2024-10-25 14:3:19.442;2024-10-25 14:3:19.942;2024-10-25 14:3:20.468;]"