user_id,scenary_type,move_type,start_datetime,end_datetime,start_position,end_position,distance
65,CarAccident,real_life,1686817623,1686817623,X=-9585.053 Y=-1697.848 Z=100.726,X=-11.232 Y=24.668 Z=0.000,0.271047
65,CarAccident,real_life,1686817628,1686817628,X=-9585.053 Y=-1697.848 Z=100.726,X=-9.271 Y=14.696 Z=0.000,0.101632
65,CarAccident,real_life,1686817629,1686817629,X=-9585.053 Y=-1697.848 Z=100.726,X=-18.171 Y=8.520 Z=0.000,0.108329
65,CarAccident,real_life,1686817631,1686817631,X=-9585.053 Y=-1697.848 Z=100.726,X=-8.746 Y=17.760 Z=0.000,0.131983
65,CarAccident,real_life,1686817632,1686817632,X=-9585.053 Y=-1697.848 Z=100.726,X=-11.190 Y=29.567 Z=0.000,0.120574
65,CarAccident,real_life,1686817633,1686817633,X=-9585.053 Y=-1697.848 Z=100.726,X=-10.219 Y=41.776 Z=0.000,0.122476
65,CarAccident,real_life,1686817634,1686817634,X=-9585.053 Y=-1697.848 Z=100.726,X=8.828 Y=33.625 Z=0.000,0.207178
65,CarAccident,real_life,1686817635,1686817635,X=-9585.053 Y=-1697.848 Z=100.726,X=16.090 Y=25.409 Z=0.000,0.109648
65,CarAccident,real_life,1686817638,1686817638,X=-9585.053 Y=-1697.848 Z=100.726,X=8.362 Y=31.866 Z=0.000,0.100702
65,CarAccident,real_life,1686817641,1686817641,X=-9585.053 Y=-1697.848 Z=100.726,X=16.235 Y=22.486 Z=0.000,0.122463
65,CarAccident,real_life,1686817643,1686817643,X=-9585.053 Y=-1697.848 Z=100.726,X=-1.705 Y=31.114 Z=0.000,0.199074
65,CarAccident,real_life,1686817644,1686817644,X=-9585.053 Y=-1697.848 Z=100.726,X=9.657 Y=25.245 Z=0.000,0.127887
65,CarAccident,real_life,1686817646,1686817646,X=-9585.053 Y=-1697.848 Z=100.726,X=7.637 Y=11.707 Z=0.000,0.13688
65,CarAccident,real_life,1686817648,1686817648,X=-9585.053 Y=-1697.848 Z=100.726,X=11.222 Y=-2.485 Z=0.000,0.146378
65,CarAccident,real_life,1686817651,1686817651,X=-9585.053 Y=-1697.848 Z=100.726,X=21.180 Y=-25.892 Z=0.000,0.254368
65,CarAccident,real_life,1686817652,1686817652,X=-9585.053 Y=-1697.848 Z=100.726,X=15.147 Y=-6.761 Z=0.000,0.200589
65,CarAccident,real_life,1686817653,1686817653,X=-9585.053 Y=-1697.848 Z=100.726,X=21.484 Y=11.210 Z=0.000,0.190558
65,CarAccident,real_life,1686817653,1686817653,X=-9585.053 Y=-1697.848 Z=100.726,X=22.280 Y=25.989 Z=0.000,0.148003
65,CarAccident,real_life,1686817654,1686817654,X=-9585.053 Y=-1697.848 Z=100.726,X=2.207 Y=33.260 Z=0.000,0.213496
65,CarAccident,real_life,1686817654,1686817654,X=-9585.053 Y=-1697.848 Z=100.726,X=-14.023 Y=40.007 Z=0.000,0.17577
65,CarAccident,real_life,1686817655,1686817655,X=-9585.053 Y=-1697.848 Z=100.726,X=-5.598 Y=62.297 Z=0.000,0.238298
65,CarAccident,real_life,1686817655,1686817655,X=-9585.053 Y=-1697.848 Z=100.726,X=5.821 Y=78.637 Z=0.000,0.199343
65,CarAccident,real_life,1686817656,1686817656,X=-9585.053 Y=-1697.848 Z=100.726,X=-6.241 Y=86.972 Z=0.000,0.146621
65,CarAccident,real_life,1686817657,1686817657,X=-9585.053 Y=-1697.848 Z=100.726,X=-29.881 Y=82.526 Z=0.000,0.240542
65,CarAccident,real_life,1686817660,1686817660,X=-9585.053 Y=-1697.848 Z=100.726,X=-38.153 Y=67.500 Z=0.000,0.171529
65,CarAccident,real_life,1686817660,1686817660,X=-9585.053 Y=-1697.848 Z=100.726,X=-61.258 Y=56.074 Z=0.000,0.257752
65,CarAccident,real_life,1686817661,1686817661,X=-9585.053 Y=-1697.848 Z=100.726,X=-72.958 Y=66.295 Z=0.000,0.15536
65,CarAccident,real_life,1686817662,1686817662,X=-9585.053 Y=-1697.848 Z=100.726,X=-36.384 Y=75.322 Z=0.000,0.376717
65,CarAccident,real_life,1686817662,1686817662,X=-9585.053 Y=-1697.848 Z=100.726,X=-15.209 Y=82.322 Z=0.000,0.223017
65,CarAccident,real_life,1686817664,1686817664,X=-9585.053 Y=-1697.848 Z=100.726,X=-4.043 Y=73.372 Z=0.000,0.1431
65,CarAccident,real_life,1686817664,1686817664,X=-9585.053 Y=-1697.848 Z=100.726,X=16.353 Y=70.078 Z=0.000,0.206598
65,CarAccident,real_life,1686817665,1686817665,X=-9585.053 Y=-1697.848 Z=100.726,X=29.367 Y=70.176 Z=0.000,0.13015
65,CarAccident,real_life,1686817666,1686817666,X=-9585.053 Y=-1697.848 Z=100.726,X=5.349 Y=76.237 Z=0.000,0.247716
65,CarAccident,real_life,1686817669,1686817669,X=-9585.053 Y=-1697.848 Z=100.726,X=-6.713 Y=69.949 Z=0.000,0.136023
65,CarAccident,real_life,1686817672,1686817672,X=-9585.053 Y=-1697.848 Z=100.726,X=13.502 Y=76.240 Z=0.000,0.211711
65,CarAccident,real_life,1686817672,1686817672,X=-9585.053 Y=-1697.848 Z=100.726,X=18.940 Y=65.875 Z=0.000,0.117052
65,CarAccident,real_life,1686817675,1686817675,X=-9585.053 Y=-1697.848 Z=100.726,X=1.463 Y=76.593 Z=0.000,0.205021
65,CarAccident,real_life,1686817679,1686817679,X=-9585.053 Y=-1697.848 Z=100.726,X=2.979 Y=90.113 Z=0.000,0.136048
65,CarAccident,real_life,1686817680,1686817680,X=-9585.053 Y=-1697.848 Z=100.726,X=9.926 Y=99.711 Z=0.000,0.118483
65,CarAccident,virtual_reality,1686817755,1686817756,X=-9560.326 Y=-1711.309 Z=5.735,X=-9585.906 Y=-1433.437 Z=5.735,2.790463
65,CarAccident,virtual_reality,1686817756,1686817764,X=-9585.906 Y=-1433.437 Z=5.735,X=-9825.926 Y=-947.888 Z=3.322,5.416391
65,CarAccident,real_life,1686817764,1686817764,X=-9825.926 Y=-947.888 Z=98.322,X=-0.214 Y=-0.200 Z=0.000,0.950005
65,CarAccident,virtual_reality,1686817764,1686817773,X=-9825.926 Y=-947.888 Z=3.322,X=-10212.065 Y=-790.488 Z=3.322,5.095221
65,CarAccident,real_life,1686817766,1686817766,X=-9825.926 Y=-947.888 Z=98.322,X=-11.758 Y=1.869 Z=0.000,0.117278
65,CarAccident,real_life,1686817767,1686817767,X=-9825.926 Y=-947.888 Z=98.322,X=1.214 Y=-0.830 Z=0.000,0.132494
65,CarAccident,real_life,1686817768,1686817768,X=-9825.926 Y=-947.888 Z=98.322,X=-2.028 Y=22.787 Z=0.000,0.238383
65,CarAccident,real_life,1686817769,1686817769,X=-9825.926 Y=-947.888 Z=98.322,X=3.049 Y=52.934 Z=0.000,0.305714
65,CarAccident,real_life,1686817769,1686817769,X=-9825.926 Y=-947.888 Z=98.322,X=11.566 Y=65.504 Z=0.000,0.151841
65,CarAccident,real_life,1686817770,1686817770,X=-9825.926 Y=-947.888 Z=98.322,X=-3.272 Y=78.298 Z=0.000,0.195929
65,CarAccident,real_life,1686817770,1686817770,X=-9825.926 Y=-947.888 Z=98.322,X=-19.916 Y=99.106 Z=0.000,0.266455
65,CarAccident,real_life,1686817772,1686817772,X=-9825.926 Y=-947.888 Z=98.322,X=-33.087 Y=96.434 Z=0.000,0.134392
65,CarAccident,real_life,1686817773,1686817773,X=-10212.065 Y=-790.488 Z=98.322,X=2.152 Y=7.894 Z=0.000,0.953517
65,CarAccident,virtual_reality,1686817773,1686817782,X=-10212.065 Y=-790.488 Z=3.322,X=-10550.164 Y=-780.970 Z=3.322,3.382326
65,CarAccident,real_life,1686817776,1686817776,X=-10212.065 Y=-790.488 Z=98.322,X=-7.431 Y=3.797 Z=0.000,0.104223
65,CarAccident,virtual_reality,1686817782,1686817783,X=-10550.164 Y=-780.970 Z=3.322,X=-10880.259 Y=-783.691 Z=3.322,3.301059
65,CarAccident,real_life,1686817783,1686817783,X=-10880.259 Y=-783.691 Z=98.322,X=0.148 Y=-0.105 Z=0.000,0.950002
65,CarAccident,virtual_reality,1686817783,1686817790,X=-10880.259 Y=-783.691 Z=3.322,X=-10967.886 Y=-963.330 Z=3.322,4.692132
65,CarAccident,real_life,1686817785,1686817785,X=-10880.259 Y=-783.691 Z=98.322,X=1.489 Y=22.240 Z=0.000,0.223855
65,CarAccident,real_life,1686817786,1686817786,X=-10880.259 Y=-783.691 Z=98.322,X=16.728 Y=60.995 Z=0.000,0.416425
65,CarAccident,real_life,1686817786,1686817786,X=-10880.259 Y=-783.691 Z=98.322,X=21.963 Y=107.564 Z=0.000,0.468629
65,CarAccident,real_life,1686817787,1686817787,X=-10880.259 Y=-783.691 Z=98.322,X=16.424 Y=123.385 Z=0.000,0.167623
65,CarAccident,real_life,1686817788,1686817788,X=-10880.259 Y=-783.691 Z=98.322,X=4.953 Y=102.403 Z=0.000,0.239128
65,CarAccident,real_life,1686817788,1686817788,X=-10880.259 Y=-783.691 Z=98.322,X=0.401 Y=77.202 Z=0.000,0.256083
65,CarAccident,real_life,1686817789,1686817789,X=-10880.259 Y=-783.691 Z=98.322,X=7.676 Y=64.589 Z=0.000,0.145608
65,CarAccident,real_life,1686817789,1686817789,X=-10880.259 Y=-783.691 Z=98.322,X=14.891 Y=37.674 Z=0.000,0.278653
65,CarAccident,real_life,1686817790,1686817790,X=-10967.886 Y=-963.330 Z=98.322,X=0.386 Y=-5.552 Z=0.000,0.951629
65,CarAccident,real_life,1686817790,1686817790,X=-10967.886 Y=-963.330 Z=98.322,X=-5.752 Y=-32.229 Z=0.000,0.273744
65,CarAccident,virtual_reality,1686817790,1686817791,X=-10967.886 Y=-963.330 Z=3.322,X=-10914.306 Y=-1237.312 Z=3.322,2.804677
65,CarAccident,real_life,1686817791,1686817791,X=-10967.886 Y=-963.330 Z=98.322,X=23.166 Y=-54.509 Z=0.000,0.365052
65,CarAccident,real_life,1686817791,1686817791,X=-10914.306 Y=-1237.312 Z=98.322,X=11.480 Y=-22.081 Z=0.000,0.982057
65,CarAccident,real_life,1686817792,1686817792,X=-10914.306 Y=-1237.312 Z=98.322,X=28.812 Y=-34.536 Z=0.000,0.213435
65,CarAccident,real_life,1686817793,1686817793,X=-10914.306 Y=-1237.312 Z=98.322,X=27.192 Y=-46.389 Z=0.000,0.119624
65,CarAccident,virtual_reality,1686817796,1686817798,X=-10894.803 Y=-1285.717 Z=3.322,X=-10554.667 Y=-1415.533 Z=3.322,3.640669
65,CarAccident,real_life,1686817798,1686817798,X=-10554.667 Y=-1415.533 Z=98.322,X=-0.111 Y=0.280 Z=0.000,0.950005
65,CarAccident,virtual_reality,1686817798,1686817801,X=-10554.667 Y=-1415.533 Z=3.322,X=-10419.778 Y=-1557.756 Z=3.322,1.960155
65,CarAccident,real_life,1686817800,1686817800,X=-10554.667 Y=-1415.533 Z=98.322,X=10.296 Y=-17.029 Z=0.000,0.201965
65,CarAccident,real_life,1686817800,1686817800,X=-10554.667 Y=-1415.533 Z=98.322,X=25.011 Y=-14.923 Z=0.000,0.148647
65,CarAccident,real_life,1686817801,1686817801,X=-10419.778 Y=-1557.756 Z=98.322,X=-2.160 Y=-0.822 Z=0.000,0.950281
65,CarAccident,virtual_reality,1686817801,1686817803,X=-10419.778 Y=-1557.756 Z=3.322,X=-10433.054 Y=-1565.230 Z=3.322,0.15235
65,CarAccident,real_life,1686817802,1686817802,X=-10419.778 Y=-1557.756 Z=98.322,X=-12.056 Y=-4.627 Z=0.000,0.106016
65,CarAccident,real_life,1686817803,1686817803,X=-10419.778 Y=-1557.756 Z=98.322,X=-12.906 Y=-7.921 Z=0.000,0.950018
65,CarAccident,virtual_reality,1686817803,1686817806,X=-10433.054 Y=-1565.230 Z=3.322,X=-10429.961 Y=-1560.427 Z=3.322,0.057131
65,CarAccident,real_life,1686817806,1686817806,X=-10419.778 Y=-1557.756 Z=98.322,X=-10.001 Y=-1.885 Z=0.000,0.950034
65,CarAccident,virtual_reality,1686817806,1686817815,X=-10429.961 Y=-1560.427 Z=3.322,X=-10431.902 Y=-1553.512 Z=3.322,0.071823
65,CarAccident,virtual_reality,1686817815,1686817816,X=-10431.902 Y=-1553.512 Z=3.322,X=-10436.067 Y=-1571.166 Z=3.322,0.181387
65,CarAccident,real_life,1686817816,1686817816,X=-10419.778 Y=-1557.756 Z=98.322,X=-15.150 Y=-8.697 Z=0.000,0.959251
65,CarAccident,real_life,1686817816,1686817816,X=-10419.778 Y=-1557.756 Z=98.322,X=-17.375 Y=-17.947 Z=0.000,0.951145
65,CarAccident,virtual_reality,1686817816,1686817817,X=-10436.067 Y=-1571.166 Z=3.322,X=-10438.357 Y=-1576.834 Z=3.322,0.061139
65,CarAccident,real_life,1686817817,1686817817,X=-10419.778 Y=-1557.756 Z=98.322,X=-18.356 Y=-18.901 Z=0.000,0.950004
65,CarAccident,virtual_reality,1686817817,1686817822,X=-10438.357 Y=-1576.834 Z=3.322,X=-10436.904 Y=-1570.476 Z=3.322,0.065227
65,CarAccident,real_life,1686817822,1686817822,X=-10419.778 Y=-1557.756 Z=98.322,X=-17.037 Y=-12.792 Z=0.000,0.950001
65,CarAccident,virtual_reality,1686817822,1686817822,X=-10436.904 Y=-1570.476 Z=3.322,X=-10436.586 Y=-1570.627 Z=3.322,0.003524
65,CarAccident,virtual_reality,1686817822,1686817830,X=-10436.586 Y=-1570.627 Z=3.322,X=-10494.572 Y=-1093.373 Z=3.322,4.807631
65,CarAccident,real_life,1686817823,1686817823,X=-10419.778 Y=-1557.756 Z=98.322,X=-16.632 Y=-12.946 Z=0.000,0.950002
65,CarAccident,real_life,1686817826,1686817826,X=-10419.778 Y=-1557.756 Z=98.322,X=-22.511 Y=1.982 Z=0.000,0.160435
65,CarAccident,real_life,1686817827,1686817827,X=-10419.778 Y=-1557.756 Z=98.322,X=-29.899 Y=19.621 Z=0.000,0.191238
65,CarAccident,real_life,1686817830,1686817830,X=-10494.572 Y=-1093.373 Z=98.322,X=0.096 Y=0.143 Z=0.000,0.950002
65,CarAccident,virtual_reality,1686817830,1686817833,X=-10494.572 Y=-1093.373 Z=3.322,X=-10514.743 Y=-627.876 Z=3.322,4.659341
65,CarAccident,real_life,1686817832,1686817832,X=-10494.572 Y=-1093.373 Z=98.322,X=11.953 Y=-8.828 Z=0.000,0.148692
65,CarAccident,real_life,1686817833,1686817833,X=-10494.572 Y=-1093.373 Z=98.322,X=4.754 Y=-0.313 Z=0.000,0.111509
65,CarAccident,real_life,1686817833,1686817833,X=-10514.743 Y=-627.876 Z=98.322,X=-0.459 Y=0.177 Z=0.000,0.950013
65,CarAccident,virtual_reality,1686817833,1686817835,X=-10514.743 Y=-627.876 Z=3.322,X=-10509.896 Y=-179.708 Z=3.322,4.481941
65,CarAccident,real_life,1686817835,1686817835,X=-10509.896 Y=-179.708 Z=98.322,X=-0.242 Y=0.861 Z=0.000,0.950042
65,CarAccident,virtual_reality,1686817835,1686817841,X=-10509.896 Y=-179.708 Z=3.322,X=-10133.434 Y=41.372 Z=3.322,4.365787
65,CarAccident,real_life,1686817836,1686817836,X=-10509.896 Y=-179.708 Z=98.322,X=9.389 Y=-3.406 Z=0.000,0.105337
65,CarAccident,real_life,1686817837,1686817837,X=-10509.896 Y=-179.708 Z=98.322,X=16.695 Y=-13.445 Z=0.000,0.124168
65,CarAccident,virtual_reality,1686817847,1686817848,X=-10151.404 Y=15.198 Z=2.914,X=-10344.537 Y=-144.483 Z=2.914,2.50596
65,CarAccident,virtual_reality,1686817850,1686817850,X=-10347.286 Y=-137.270 Z=3.322,X=-10586.180 Y=-101.802 Z=3.322,2.415121
65,CarAccident,real_life,1686817850,1686817850,X=-10586.180 Y=-101.802 Z=98.322,X=-0.323 Y=-0.620 Z=0.000,0.950026
65,CarAccident,real_life,1686817851,1686817851,X=-10586.180 Y=-101.802 Z=98.322,X=15.716 Y=21.285 Z=0.000,0.271494
65,CarAccident,real_life,1686817852,1686817852,X=-10586.180 Y=-101.802 Z=98.322,X=29.800 Y=18.765 Z=0.000,0.143077
65,CarAccident,real_life,1686817853,1686817853,X=-10586.180 Y=-101.802 Z=98.322,X=15.481 Y=14.960 Z=0.000,0.148152
65,CarAccident,virtual_reality,1686817862,1686817862,X=-10577.095 Y=-86.963 Z=3.322,X=-10577.089 Y=-86.965 Z=3.322,6.3e-05
65,CarAccident,real_life,1686817863,1686817863,X=-10586.180 Y=-101.802 Z=98.322,X=9.154 Y=14.516 Z=0.000,0.950006
65,CarAccident,real_life,1686817866,1686817866,X=-10586.180 Y=-101.802 Z=98.322,X=21.438 Y=7.487 Z=0.000,0.141524
65,CarAccident,real_life,1686817869,1686817869,X=-10586.180 Y=-101.802 Z=98.322,X=13.687 Y=14.039 Z=0.000,0.101492
65,CarAccident,real_life,1686817875,1686817875,X=-10586.180 Y=-101.802 Z=98.322,X=23.518 Y=3.867 Z=0.000,0.141459
65,CarAccident,real_life,1686817876,1686817876,X=-10586.180 Y=-101.802 Z=98.322,X=11.951 Y=-1.807 Z=0.000,0.128833
65,CarAccident,virtual_reality,1686817876,1686817877,X=-10574.152 Y=-105.202 Z=3.322,X=-10515.413 Y=-372.310 Z=3.322,2.734904
65,CarAccident,real_life,1686817877,1686817877,X=-10515.413 Y=-372.310 Z=98.322,X=-0.807 Y=0.428 Z=0.000,0.950044
65,CarAccident,virtual_reality,1686817877,1686817878,X=-10516.661 Y=-371.810 Z=3.322,X=-10460.524 Y=-660.635 Z=3.322,2.942299
65,CarAccident,real_life,1686817878,1686817878,X=-10460.524 Y=-660.635 Z=98.322,X=-0.353 Y=0.330 Z=0.000,0.950012
65,CarAccident,virtual_reality,1686817878,1686817879,X=-10461.327 Y=-660.118 Z=3.322,X=-10407.229 Y=-959.171 Z=3.322,3.03907
65,CarAccident,real_life,1686817879,1686817879,X=-10407.229 Y=-959.171 Z=98.322,X=0.254 Y=0.045 Z=0.000,0.950004
65,CarAccident,virtual_reality,1686817880,1686817880,X=-10406.604 Y=-959.019 Z=3.322,X=-10356.871 Y=-1272.318 Z=3.322,3.172218
65,CarAccident,real_life,1686817880,1686817880,X=-10356.871 Y=-1272.318 Z=98.322,X=0.129 Y=0.110 Z=0.000,0.950002
65,CarAccident,virtual_reality,1686817881,1686817881,X=-10356.404 Y=-1272.226 Z=3.322,X=-10306.081 Y=-1591.981 Z=3.322,3.236905
65,CarAccident,real_life,1686817882,1686817882,X=-10306.081 Y=-1591.981 Z=98.322,X=0.082 Y=-0.295 Z=0.000,0.950005
65,CarAccident,virtual_reality,1686817886,1686817888,X=-10305.920 Y=-1592.675 Z=3.322,X=-10305.996 Y=-1591.808 Z=3.322,0.008702
65,CarAccident,real_life,1686817888,1686817888,X=-10306.081 Y=-1591.981 Z=98.322,X=-0.008 Y=0.327 Z=0.000,0.950002
65,CarAccident,virtual_reality,1686817889,1686817890,X=-10306.543 Y=-1591.674 Z=3.322,X=-10306.536 Y=-1591.726 Z=3.322,0.000524
65,CarAccident,real_life,1686817890,1686817890,X=-10306.081 Y=-1591.981 Z=98.322,X=-0.226 Y=0.386 Z=0.000,0.950004
65,CarAccident,virtual_reality,1686817890,1686817890,X=-10306.236 Y=-1591.576 Z=3.322,X=-10305.851 Y=-1591.211 Z=3.322,0.005306
65,CarAccident,real_life,1686817891,1686817891,X=-10306.081 Y=-1591.981 Z=98.322,X=0.394 Y=0.823 Z=0.000,0.950002
65,CarAccident,virtual_reality,1686817891,1686817891,X=-10305.389 Y=-1591.094 Z=3.322,X=-10305.299 Y=-1591.128 Z=3.322,0.000961
65,CarAccident,real_life,1686817892,1686817892,X=-10306.081 Y=-1591.981 Z=98.322,X=3.046 Y=1.730 Z=0.000,0.95031
65,CarAccident,virtual_reality,1686817892,1686817893,X=-10308.635 Y=-1592.925 Z=3.322,X=-10309.054 Y=-1593.324 Z=3.322,0.005782
65,CarAccident,real_life,1686817893,1686817893,X=-10306.081 Y=-1591.981 Z=98.322,X=-3.052 Y=-1.310 Z=0.000,0.95
65,CarAccident,virtual_reality,1686817894,1686817895,X=-10309.592 Y=-1593.029 Z=3.322,X=-10308.953 Y=-1592.431 Z=3.322,0.008754
65,CarAccident,real_life,1686817895,1686817895,X=-10306.081 Y=-1591.981 Z=98.322,X=-2.970 Y=-0.486 Z=0.000,0.950001
65,CarAccident,virtual_reality,1686817895,1686817896,X=-10309.051 Y=-1592.467 Z=3.322,X=-10309.000 Y=-1592.518 Z=3.322,0.000716
65,CarAccident,real_life,1686817896,1686817896,X=-10306.081 Y=-1591.981 Z=98.322,X=-2.900 Y=-0.515 Z=0.000,0.95
65,CarAccident,virtual_reality,1686817896,1686817899,X=-10309.206 Y=-1592.055 Z=3.322,X=-10279.697 Y=-1938.000 Z=3.322,3.472017
65,CarAccident,virtual_reality,1686817899,1686817899,X=-10279.725 Y=-1937.920 Z=5.726,X=-10279.627 Y=-1937.893 Z=5.726,0.001012
65,CarAccident,virtual_reality,1686817902,1686817903,X=-10284.207 Y=-1915.316 Z=5.726,X=-10281.546 Y=-1918.897 Z=5.726,0.044613
65,CarAccident,virtual_reality,1686817903,1686817903,X=-10279.998 Y=-1920.885 Z=5.726,X=-10280.346 Y=-1921.535 Z=5.726,0.00737
65,CarAccident,virtual_reality,1686817904,1686817920,X=-10280.068 Y=-1921.389 Z=5.726,X=-10281.212 Y=-1922.613 Z=5.726,0.016752
65,CarAccident,virtual_reality,1686817921,1686817922,X=-10281.743 Y=-1922.590 Z=5.726,X=-10281.441 Y=-1922.449 Z=5.726,0.003333
65,CarAccident,virtual_reality,1686817929,1686817929,X=-10282.556 Y=-1919.614 Z=5.726,X=-10282.973 Y=-1919.800 Z=5.726,0.004566
65,CarAccident,virtual_reality,1686817930,1686817931,X=-10282.938 Y=-1919.878 Z=5.726,X=-10282.908 Y=-1922.675 Z=5.726,0.027973
65,CarAccident,virtual_reality,1686817932,1686817932,X=-10282.908 Y=-1924.643 Z=5.726,X=-10283.224 Y=-1928.224 Z=5.726,0.035946
65,CarAccident,virtual_reality,1686817933,1686817933,X=-10282.401 Y=-1929.347 Z=5.726,X=-10282.177 Y=-1929.566 Z=5.726,0.003138
65,CarAccident,virtual_reality,1686817935,1686817935,X=-10281.568 Y=-1926.961 Z=5.726,X=-10281.512 Y=-1927.008 Z=5.726,0.000734
65,CarAccident,virtual_reality,1686817935,1686817936,X=-10281.258 Y=-1926.934 Z=5.726,X=-10281.390 Y=-1927.474 Z=5.726,0.005566
65,CarAccident,virtual_reality,1686817940,1686817942,X=-10281.418 Y=-1927.531 Z=5.726,X=-10327.526 Y=-1623.447 Z=5.726,3.075595
65,CarAccident,real_life,1686817942,1686817942,X=-10327.526 Y=-1623.447 Z=100.726,X=-0.060 Y=0.223 Z=0.000,0.950003
65,CarAccident,real_life,1686817943,1686817943,X=-10327.526 Y=-1623.447 Z=100.726,X=16.167 Y=-2.917 Z=0.000,0.165275
65,CarAccident,real_life,1686817944,1686817944,X=-10327.526 Y=-1623.447 Z=100.726,X=-0.731 Y=-14.412 Z=0.000,0.204377
65,CarAccident,virtual_reality,1686817946,1686817946,X=-10332.400 Y=-1631.654 Z=5.726,X=-10332.538 Y=-1631.304 Z=5.726,0.003756
65,CarAccident,real_life,1686817946,1686817946,X=-10327.526 Y=-1623.447 Z=100.726,X=-5.499 Y=-6.747 Z=0.000,0.950077
65,CarAccident,real_life,1686817949,1686817949,X=-10327.526 Y=-1623.447 Z=100.726,X=-5.800 Y=-24.731 Z=0.000,0.179869
65,CarAccident,real_life,1686817950,1686817950,X=-10327.526 Y=-1623.447 Z=100.726,X=4.484 Y=-35.164 Z=0.000,0.146493
65,CarAccident,real_life,1686817950,1686817950,X=-10327.526 Y=-1623.447 Z=100.726,X=16.495 Y=-47.078 Z=0.000,0.169178
65,CarAccident,real_life,1686817951,1686817951,X=-10327.526 Y=-1623.447 Z=100.726,X=10.829 Y=-38.655 Z=0.000,0.101516
65,CarAccident,real_life,1686817952,1686817952,X=-10327.526 Y=-1623.447 Z=100.726,X=21.097 Y=-42.867 Z=0.000,0.11098
65,CarAccident,real_life,1686817953,1686817953,X=-10327.526 Y=-1623.447 Z=100.726,X=16.092 Y=-33.589 Z=0.000,0.105422
65,CarAccident,real_life,1686817956,1686817956,X=-10327.526 Y=-1623.447 Z=100.726,X=2.730 Y=-40.611 Z=0.000,0.150945
65,CarAccident,real_life,1686817957,1686817957,X=-10327.526 Y=-1623.447 Z=100.726,X=14.066 Y=-41.960 Z=0.000,0.114159
65,CarAccident,real_life,1686817958,1686817958,X=-10327.526 Y=-1623.447 Z=100.726,X=30.128 Y=-45.615 Z=0.000,0.164721
65,CarAccident,virtual_reality,1686817959,1686817959,X=-10294.198 Y=-1668.283 Z=5.726,X=-10167.482 Y=-1756.096 Z=5.726,1.541689
65,CarAccident,real_life,1686817959,1686817959,X=-10167.482 Y=-1756.096 Z=100.726,X=-0.383 Y=0.171 Z=0.000,0.950009
65,CarAccident,real_life,1686817960,1686817960,X=-10167.482 Y=-1756.096 Z=100.726,X=-20.738 Y=1.330 Z=0.000,0.203884
65,CarAccident,real_life,1686817961,1686817961,X=-10167.482 Y=-1756.096 Z=100.726,X=-17.886 Y=16.618 Z=0.000,0.155524
65,CarAccident,real_life,1686817962,1686817962,X=-10167.482 Y=-1756.096 Z=100.726,X=-15.922 Y=48.258 Z=0.000,0.317009
65,CarAccident,real_life,1686817962,1686817962,X=-10167.482 Y=-1756.096 Z=100.726,X=-27.860 Y=51.451 Z=0.000,0.123579
65,CarAccident,real_life,1686817963,1686817963,X=-10167.482 Y=-1756.096 Z=100.726,X=-42.829 Y=49.766 Z=0.000,0.150632
65,CarAccident,real_life,1686817963,1686817963,X=-10167.482 Y=-1756.096 Z=100.726,X=-53.662 Y=48.816 Z=0.000,0.108746
65,CarAccident,real_life,1686817964,1686817964,X=-10167.482 Y=-1756.096 Z=100.726,X=-69.356 Y=53.177 Z=0.000,0.162892
65,CarAccident,real_life,1686817965,1686817965,X=-10167.482 Y=-1756.096 Z=100.726,X=-79.672 Y=55.727 Z=0.000,0.106258
65,CarAccident,real_life,1686817965,1686817965,X=-10167.482 Y=-1756.096 Z=100.726,X=-83.265 Y=74.958 Z=0.000,0.195636
65,CarAccident,real_life,1686817966,1686817966,X=-10167.482 Y=-1756.096 Z=100.726,X=-100.200 Y=73.139 Z=0.000,0.170329
65,CarAccident,real_life,1686817978,1686817978,X=-10167.482 Y=-1756.096 Z=100.726,X=-91.834 Y=66.411 Z=0.000,0.107358
65,CarAccident,virtual_reality,1686817992,1686817996,X=-10255.743 Y=-1695.532 Z=5.726,X=-10284.281 Y=-1627.772 Z=5.726,0.735244
65,CarAccident,real_life,1686817996,1686817996,X=-10284.281 Y=-1627.772 Z=100.726,X=0.174 Y=0.034 Z=0.000,0.950002
65,CarAccident,virtual_reality,1686817996,1686818004,X=-10284.281 Y=-1627.772 Z=5.726,X=-10569.711 Y=-1756.072 Z=5.726,3.129394
65,CarAccident,real_life,1686817997,1686817997,X=-10284.281 Y=-1627.772 Z=100.726,X=-1.954 Y=-13.340 Z=0.000,0.135421
65,CarAccident,real_life,1686818003,1686818003,X=-10284.281 Y=-1627.772 Z=100.726,X=6.369 Y=-25.819 Z=0.000,0.150001
65,CarAccident,real_life,1686818004,1686818004,X=-10284.281 Y=-1627.772 Z=100.726,X=4.304 Y=-11.837 Z=0.000,0.141341
65,CarAccident,real_life,1686818005,1686818005,X=-10569.711 Y=-1756.072 Z=100.726,X=4.267 Y=12.452 Z=0.000,0.959075
65,CarAccident,real_life,1686818006,1686818006,X=-10569.711 Y=-1756.072 Z=100.726,X=2.519 Y=-8.730 Z=0.000,0.21254
65,CarAccident,real_life,1686818006,1686818006,X=-10569.711 Y=-1756.072 Z=100.726,X=9.282 Y=-21.866 Z=0.000,0.147748
65,CarAccident,real_life,1686818007,1686818007,X=-10569.711 Y=-1756.072 Z=100.726,X=25.077 Y=-11.167 Z=0.000,0.190772
65,CarAccident,virtual_reality,1686818008,1686818008,X=-10540.432 Y=-1775.993 Z=5.726,X=-10120.885 Y=-1679.070 Z=5.726,4.305969
65,CarAccident,real_life,1686818008,1686818008,X=-10120.885 Y=-1679.070 Z=100.726,X=-3.526 Y=2.241 Z=0.000,0.950918
65,CarAccident,real_life,1686818009,1686818009,X=-10120.885 Y=-1679.070 Z=100.726,X=-7.440 Y=13.819 Z=0.000,0.122217
65,CarAccident,real_life,1686818010,1686818010,X=-10120.885 Y=-1679.070 Z=100.726,X=-16.885 Y=19.510 Z=0.000,0.110269
65,CarAccident,real_life,1686818013,1686818013,X=-10120.885 Y=-1679.070 Z=100.726,X=-6.054 Y=30.355 Z=0.000,0.153269
65,CarAccident,real_life,1686818014,1686818014,X=-10120.885 Y=-1679.070 Z=100.726,X=10.210 Y=39.413 Z=0.000,0.18616
65,CarAccident,real_life,1686818014,1686818014,X=-10120.885 Y=-1679.070 Z=100.726,X=12.459 Y=52.675 Z=0.000,0.134516
65,CarAccident,real_life,1686818018,1686818018,X=-10120.885 Y=-1679.070 Z=100.726,X=-1.338 Y=44.210 Z=0.000,0.161867
65,CarAccident,real_life,1686818021,1686818021,X=-10120.885 Y=-1679.070 Z=100.726,X=-10.043 Y=39.016 Z=0.000,0.10137
65,CarAccident,real_life,1686818022,1686818022,X=-10120.885 Y=-1679.070 Z=100.726,X=-11.126 Y=53.523 Z=0.000,0.145479
65,CarAccident,real_life,1686818022,1686818022,X=-10120.885 Y=-1679.070 Z=100.726,X=2.661 Y=76.218 Z=0.000,0.265546
65,CarAccident,virtual_reality,1686818031,1686818041,X=-10146.642 Y=-1611.802 Z=5.686,X=-10404.718 Y=-1165.600 Z=5.686,5.154604
65,CarAccident,virtual_reality,1686818041,1686818042,X=-10404.718 Y=-1165.600 Z=5.686,X=-10654.816 Y=-708.118 Z=3.322,5.213874
65,CarAccident,virtual_reality,1686818042,1686818045,X=-10654.816 Y=-708.118 Z=3.322,X=-11006.994 Y=-414.879 Z=3.322,4.582774
65,CarAccident,real_life,1686818043,1686818043,X=-10654.816 Y=-708.118 Z=98.322,X=0.766 Y=0.779 Z=0.000,0.950063
65,CarAccident,real_life,1686818045,1686818045,X=-11006.994 Y=-414.879 Z=98.322,X=2.289 Y=2.256 Z=0.000,0.950544
65,CarAccident,virtual_reality,1686818045,1686818047,X=-11006.994 Y=-414.879 Z=3.322,X=-11302.674 Y=-63.886 Z=3.322,4.589365
65,CarAccident,real_life,1686818046,1686818046,X=-11006.994 Y=-414.879 Z=98.322,X=9.458 Y=13.018 Z=0.000,0.129306
65,CarAccident,real_life,1686818047,1686818047,X=-11006.994 Y=-414.879 Z=98.322,X=5.482 Y=25.275 Z=0.000,0.128856
65,CarAccident,real_life,1686818047,1686818047,X=-11302.674 Y=-63.886 Z=98.322,X=-2.065 Y=2.953 Z=0.000,0.950683
65,CarAccident,virtual_reality,1686818047,1686818052,X=-11302.674 Y=-63.886 Z=3.322,X=-10994.439 Y=-263.201 Z=3.322,4.397657
65,CarAccident,real_life,1686818049,1686818049,X=-11302.674 Y=-63.886 Z=98.322,X=3.520 Y=-13.595 Z=0.000,0.174652
65,CarAccident,real_life,1686818049,1686818049,X=-11302.674 Y=-63.886 Z=98.322,X=0.499 Y=-26.587 Z=0.000,0.133385
65,CarAccident,real_life,1686818050,1686818050,X=-11302.674 Y=-63.886 Z=98.322,X=-19.437 Y=-32.337 Z=0.000,0.207481
65,CarAccident,real_life,1686818050,1686818050,X=-11302.674 Y=-63.886 Z=98.322,X=-8.482 Y=-47.797 Z=0.000,0.189479
65,CarAccident,real_life,1686818051,1686818051,X=-11302.674 Y=-63.886 Z=98.322,X=7.289 Y=-39.501 Z=0.000,0.178204
65,CarAccident,real_life,1686818052,1686818052,X=-11302.674 Y=-63.886 Z=98.322,X=25.693 Y=-47.456 Z=0.000,0.200501
65,CarAccident,virtual_reality,1686818052,1686818062,X=-10994.439 Y=-263.201 Z=3.322,X=-10797.063 Y=-526.231 Z=3.322,3.288492
65,CarAccident,real_life,1686818053,1686818053,X=-10994.439 Y=-263.201 Z=98.322,X=-1.469 Y=2.258 Z=0.000,0.950382
65,CarAccident,real_life,1686818054,1686818054,X=-10994.439 Y=-263.201 Z=98.322,X=-16.834 Y=9.084 Z=0.000,0.168135
65,CarAccident,real_life,1686818055,1686818055,X=-10994.439 Y=-263.201 Z=98.322,X=-15.500 Y=-9.293 Z=0.000,0.184261
65,CarAccident,real_life,1686818057,1686818057,X=-10994.439 Y=-263.201 Z=98.322,X=-7.508 Y=8.254 Z=0.000,0.192816
65,CarAccident,real_life,1686818058,1686818058,X=-10994.439 Y=-263.201 Z=98.322,X=7.024 Y=19.610 Z=0.000,0.18443
65,CarAccident,real_life,1686818060,1686818060,X=-10994.439 Y=-263.201 Z=98.322,X=1.506 Y=29.399 Z=0.000,0.112379
65,CarAccident,real_life,1686818061,1686818061,X=-10994.439 Y=-263.201 Z=98.322,X=14.950 Y=27.974 Z=0.000,0.135197
65,CarAccident,real_life,1686818062,1686818062,X=-10797.063 Y=-526.231 Z=98.322,X=-0.267 Y=-0.193 Z=0.000,0.950006
65,CarAccident,virtual_reality,1686818063,1686818063,X=-10797.745 Y=-526.763 Z=3.322,X=-10623.633 Y=-835.083 Z=3.322,3.540852
65,CarAccident,real_life,1686818063,1686818063,X=-10623.633 Y=-835.083 Z=98.322,X=-0.046 Y=-0.051 Z=0.000,0.95
65,CarAccident,virtual_reality,1686818064,1686818064,X=-10624.441 Y=-835.820 Z=3.322,X=-10490.295 Y=-1085.972 Z=3.322,2.838512
65,CarAccident,real_life,1686818065,1686818065,X=-10490.295 Y=-1085.972 Z=98.322,X=-0.595 Y=-0.683 Z=0.000,0.950043
65,CarAccident,virtual_reality,1686818065,1686818066,X=-10491.060 Y=-1086.858 Z=3.322,X=-10332.018 Y=-1417.376 Z=3.322,3.667924
65,CarAccident,real_life,1686818066,1686818066,X=-10332.018 Y=-1417.376 Z=98.322,X=-0.234 Y=-0.407 Z=0.000,0.950012
65,CarAccident,real_life,1686818067,1686818067,X=-10332.018 Y=-1417.376 Z=98.322,X=-17.357 Y=-2.644 Z=0.000,0.172686
65,CarAccident,real_life,1686818068,1686818068,X=-10332.018 Y=-1417.376 Z=98.322,X=-30.586 Y=-6.849 Z=0.000,0.138808
65,CarAccident,real_life,1686818068,1686818068,X=-10332.018 Y=-1417.376 Z=98.322,X=-36.337 Y=-16.245 Z=0.000,0.110164
65,CarAccident,real_life,1686818069,1686818069,X=-10332.018 Y=-1417.376 Z=98.322,X=-32.021 Y=-34.581 Z=0.000,0.188368
65,CarAccident,virtual_reality,1686818069,1686818069,X=-10364.466 Y=-1448.771 Z=3.322,X=-10363.938 Y=-1452.648 Z=3.322,0.03913
65,CarAccident,real_life,1686818069,1686818069,X=-10332.018 Y=-1417.376 Z=98.322,X=-34.105 Y=-32.510 Z=0.000,0.950652
65,CarAccident,virtual_reality,1686818070,1686818071,X=-10366.625 Y=-1448.750 Z=3.322,X=-10367.675 Y=-1445.034 Z=3.322,0.038615
65,CarAccident,real_life,1686818071,1686818071,X=-10332.018 Y=-1417.376 Z=98.322,X=-36.225 Y=-27.202 Z=0.000,0.950028
65,CarAccident,virtual_reality,1686818071,1686818072,X=-10368.663 Y=-1444.320 Z=3.322,X=-10368.688 Y=-1443.918 Z=3.322,0.004019
65,CarAccident,real_life,1686818072,1686818072,X=-10332.018 Y=-1417.376 Z=98.322,X=-36.752 Y=-26.312 Z=0.000,0.950003
65,CarAccident,virtual_reality,1686818072,1686818073,X=-10369.236 Y=-1443.583 Z=3.322,X=-10369.688 Y=-1443.684 Z=3.322,0.004623
65,CarAccident,real_life,1686818073,1686818073,X=-10332.018 Y=-1417.376 Z=98.322,X=-37.823 Y=-26.254 Z=0.000,0.950001
65,CarAccident,virtual_reality,1686818073,1686818075,X=-10370.252 Y=-1443.650 Z=3.322,X=-10469.000 Y=-1599.416 Z=3.322,1.844302
65,CarAccident,virtual_reality,1686818075,1686818088,X=-10469.000 Y=-1599.416 Z=3.322,X=-10572.078 Y=-1192.744 Z=3.378,6.350765
65,CarAccident,real_life,1686818088,1686818088,X=-10572.078 Y=-1192.744 Z=98.378,X=0.232 Y=0.403 Z=0.000,0.950011
65,CarAccident,virtual_reality,1686818090,1686818091,X=-10573.296 Y=-1193.339 Z=3.378,X=-10828.680 Y=-843.423 Z=3.378,4.332002
65,CarAccident,real_life,1686818091,1686818091,X=-10828.680 Y=-843.423 Z=98.378,X=0.008 Y=-0.200 Z=0.000,0.950002
65,CarAccident,virtual_reality,1686818092,1686818092,X=-10827.801 Y=-843.216 Z=3.378,X=-11044.078 Y=-539.575 Z=3.378,3.727924
65,CarAccident,real_life,1686818093,1686818093,X=-11044.078 Y=-539.575 Z=98.378,X=0.658 Y=1.096 Z=0.000,0.950086
65,CarAccident,real_life,1686818094,1686818094,X=-11044.078 Y=-539.575 Z=98.378,X=-17.323 Y=23.279 Z=0.000,0.285558
65,CarAccident,real_life,1686818095,1686818095,X=-11044.078 Y=-539.575 Z=98.378,X=-24.184 Y=52.282 Z=0.000,0.298027
65,CarAccident,real_life,1686818095,1686818095,X=-11044.078 Y=-539.575 Z=98.378,X=-31.180 Y=64.617 Z=0.000,0.14181
65,CarAccident,real_life,1686818096,1686818096,X=-11044.078 Y=-539.575 Z=98.378,X=-27.413 Y=50.994 Z=0.000,0.14134
65,CarAccident,virtual_reality,1686818096,1686818096,X=-11072.536 Y=-486.803 Z=3.378,X=-11336.425 Y=-326.495 Z=3.378,3.08765
65,CarAccident,real_life,1686818097,1686818097,X=-11336.425 Y=-326.495 Z=98.378,X=1.929 Y=-0.150 Z=0.000,0.950197
65,CarAccident,real_life,1686818098,1686818098,X=-11336.425 Y=-326.495 Z=98.378,X=-5.053 Y=-14.726 Z=0.000,0.161615
65,CarAccident,real_life,1686818099,1686818099,X=-11336.425 Y=-326.495 Z=98.378,X=4.442 Y=-23.314 Z=0.000,0.128029
65,CarAccident,real_life,1686818099,1686818099,X=-11336.425 Y=-326.495 Z=98.378,X=14.493 Y=-33.898 Z=0.000,0.145954
65,CarAccident,real_life,1686818100,1686818100,X=-11336.425 Y=-326.495 Z=98.378,X=43.762 Y=-34.801 Z=0.000,0.292825
65,CarAccident,real_life,1686818101,1686818101,X=-11336.425 Y=-326.495 Z=98.378,X=34.629 Y=-40.139 Z=0.000,0.105784
65,CarAccident,real_life,1686818101,1686818101,X=-11336.425 Y=-326.495 Z=98.378,X=16.455 Y=-36.499 Z=0.000,0.185348
65,CarAccident,virtual_reality,1686818101,1686818106,X=-11306.254 Y=-367.079 Z=3.378,X=-11040.951 Y=-569.055 Z=3.378,3.334365
65,CarAccident,real_life,1686818103,1686818103,X=-11336.425 Y=-326.495 Z=98.378,X=32.194 Y=-32.381 Z=0.000,0.162689
65,CarAccident,real_life,1686818104,1686818104,X=-11336.425 Y=-326.495 Z=98.378,X=47.493 Y=-28.103 Z=0.000,0.158857
65,CarAccident,real_life,1686818106,1686818106,X=-11040.951 Y=-569.055 Z=98.378,X=0.129 Y=0.018 Z=0.000,0.950001
65,CarAccident,virtual_reality,1686818106,1686818108,X=-11040.951 Y=-569.055 Z=3.378,X=-10753.805 Y=-874.768 Z=3.378,4.194204
65,CarAccident,real_life,1686818108,1686818108,X=-10753.805 Y=-874.768 Z=98.378,X=-0.036 Y=0.162 Z=0.000,0.950001
65,CarAccident,virtual_reality,1686818108,1686818109,X=-10754.077 Y=-874.805 Z=3.378,X=-10499.040 Y=-1226.842 Z=3.378,4.347115
65,CarAccident,virtual_reality,1686818109,1686818111,X=-10499.040 Y=-1226.842 Z=3.378,X=-10295.597 Y=-1597.519 Z=3.378,4.228371
65,CarAccident,real_life,1686818110,1686818110,X=-10499.040 Y=-1226.842 Z=98.378,X=0.244 Y=0.003 Z=0.000,0.950003
65,CarAccident,virtual_reality,1686818111,1686818113,X=-10295.597 Y=-1597.519 Z=3.378,X=-10245.069 Y=-1938.000 Z=5.684,3.44217
65,CarAccident,real_life,1686818113,1686818113,X=-10245.069 Y=-1938.000 Z=100.684,X=-0.095 Y=0.117 Z=0.000,0.950001
65,CarAccident,real_life,1686818114,1686818114,X=-10245.069 Y=-1938.000 Z=100.684,X=-11.026 Y=3.844 Z=0.000,0.115495
65,CarAccident,real_life,1686818114,1686818114,X=-10245.069 Y=-1938.000 Z=100.684,X=-13.526 Y=14.644 Z=0.000,0.110855
65,CarAccident,real_life,1686818115,1686818115,X=-10245.069 Y=-1938.000 Z=100.684,X=9.715 Y=1.785 Z=0.000,0.265615
65,CarAccident,real_life,1686818115,1686818115,X=-10245.069 Y=-1938.000 Z=100.684,X=19.534 Y=18.661 Z=0.000,0.195249
65,CarAccident,real_life,1686818116,1686818116,X=-10245.069 Y=-1938.000 Z=100.684,X=22.141 Y=40.591 Z=0.000,0.220845
65,CarAccident,real_life,1686818116,1686818116,X=-10245.069 Y=-1938.000 Z=100.684,X=12.015 Y=39.547 Z=0.000,0.101797
65,CarAccident,real_life,1686818117,1686818117,X=-10245.069 Y=-1938.000 Z=100.684,X=1.684 Y=38.557 Z=0.000,0.103784
65,CarAccident,virtual_reality,1686818117,1686818119,X=-10246.185 Y=-1898.295 Z=5.684,X=-10243.825 Y=-1906.491 Z=5.684,0.085292
65,CarAccident,real_life,1686818119,1686818119,X=-10245.069 Y=-1938.000 Z=100.684,X=1.508 Y=31.275 Z=0.000,0.950007
65,CarAccident,virtual_reality,1686818120,1686818120,X=-10243.042 Y=-1907.495 Z=5.684,X=-10243.177 Y=-1908.268 Z=5.684,0.007842
65,CarAccident,real_life,1686818120,1686818120,X=-10245.069 Y=-1938.000 Z=100.684,X=1.893 Y=29.596 Z=0.000,0.950001
65,CarAccident,virtual_reality,1686818120,1686818121,X=-10243.177 Y=-1908.268 Z=5.684,X=-10360.329 Y=-1589.532 Z=5.684,3.395833
65,CarAccident,virtual_reality,1686818125,1686818128,X=-10352.626 Y=-1613.085 Z=5.728,X=-10353.895 Y=-1640.323 Z=5.728,0.272673
65,CarAccident,virtual_reality,1686818131,1686818131,X=-10356.958 Y=-1645.310 Z=5.728,X=-10358.908 Y=-1648.468 Z=5.728,0.037112
65,CarAccident,virtual_reality,1686818132,1686818132,X=-10359.808 Y=-1651.344 Z=5.728,X=-10357.296 Y=-1648.881 Z=5.728,0.035181
65,CarAccident,virtual_reality,1686818135,1686818137,X=-10351.011 Y=-1678.099 Z=5.728,X=-10350.282 Y=-1683.608 Z=5.728,0.055569
65,CarAccident,virtual_reality,1686818137,1686818138,X=-10350.282 Y=-1683.608 Z=5.728,X=-10222.000 Y=-1767.000 Z=5.728,1.530049
65,CarAccident,real_life,1686818138,1686818138,X=-10222.000 Y=-1767.000 Z=100.728,X=0.027 Y=0.149 Z=0.000,0.950001
65,CarAccident,real_life,1686818139,1686818139,X=-10222.000 Y=-1767.000 Z=100.728,X=4.687 Y=9.345 Z=0.000,0.103084
65,CarAccident,real_life,1686818139,1686818139,X=-10222.000 Y=-1767.000 Z=100.728,X=5.496 Y=34.957 Z=0.000,0.25625
65,CarAccident,real_life,1686818140,1686818140,X=-10222.000 Y=-1767.000 Z=100.728,X=-4.326 Y=44.963 Z=0.000,0.140215
65,CarAccident,real_life,1686818141,1686818141,X=-10222.000 Y=-1767.000 Z=100.728,X=5.521 Y=23.120 Z=0.000,0.239607
65,CarAccident,real_life,1686818142,1686818142,X=-10222.000 Y=-1767.000 Z=100.728,X=-20.424 Y=12.224 Z=0.000,0.281404
65,CarAccident,real_life,1686818142,1686818142,X=-10222.000 Y=-1767.000 Z=100.728,X=-33.277 Y=9.451 Z=0.000,0.131491
65,CarAccident,virtual_reality,1686818143,1686818152,X=-10256.666 Y=-1752.495 Z=5.728,X=-10301.976 Y=-1386.775 Z=5.728,3.685163
65,CarAccident,real_life,1686818148,1686818148,X=-10222.000 Y=-1767.000 Z=100.728,X=-30.095 Y=22.684 Z=0.000,0.136099
65,CarAccident,real_life,1686818148,1686818148,X=-10222.000 Y=-1767.000 Z=100.728,X=-32.112 Y=33.202 Z=0.000,0.107098
65,CarAccident,real_life,1686818149,1686818149,X=-10222.000 Y=-1767.000 Z=100.728,X=-38.478 Y=46.028 Z=0.000,0.14319
65,CarAccident,real_life,1686818150,1686818150,X=-10222.000 Y=-1767.000 Z=100.728,X=-25.472 Y=50.000 Z=0.000,0.135988
65,CarAccident,virtual_reality,1686818152,1686818154,X=-10301.976 Y=-1386.775 Z=5.728,X=-10378.981 Y=-1093.430 Z=3.322,3.032936
65,CarAccident,real_life,1686818154,1686818154,X=-10378.981 Y=-1093.430 Z=98.322,X=-0.109 Y=-0.047 Z=0.000,0.950001
65,CarAccident,virtual_reality,1686818154,1686818155,X=-10378.981 Y=-1093.430 Z=3.322,X=-10446.694 Y=-725.303 Z=3.322,3.743022
65,CarAccident,real_life,1686818155,1686818155,X=-10446.694 Y=-725.303 Z=98.322,X=-0.057 Y=-0.011 Z=0.000,0.95
65,CarAccident,virtual_reality,1686818155,1686818156,X=-10446.694 Y=-725.303 Z=3.322,X=-10523.708 Y=-358.008 Z=3.322,3.752825
65,CarAccident,virtual_reality,1686818156,1686818158,X=-10523.708 Y=-358.008 Z=3.322,X=-10623.213 Y=-30.133 Z=3.322,3.426417
65,CarAccident,real_life,1686818157,1686818157,X=-10523.708 Y=-358.008 Z=98.322,X=-0.207 Y=0.031 Z=0.000,0.950002
65,CarAccident,virtual_reality,1686818158,1686818164,X=-10623.213 Y=-30.133 Z=3.322,X=-10588.438 Y=-45.181 Z=3.322,0.378917
65,CarAccident,real_life,1686818159,1686818159,X=-10623.213 Y=-30.133 Z=98.322,X=0.100 Y=-0.061 Z=0.000,0.950001
65,CarAccident,real_life,1686818160,1686818160,X=-10623.213 Y=-30.133 Z=98.322,X=14.205 Y=-4.371 Z=0.000,0.147492
65,CarAccident,real_life,1686818161,1686818161,X=-10623.213 Y=-30.133 Z=98.322,X=20.887 Y=-25.332 Z=0.000,0.220005
65,CarAccident,real_life,1686818162,1686818162,X=-10623.213 Y=-30.133 Z=98.322,X=29.785 Y=-36.727 Z=0.000,0.144575
65,CarAccident,real_life,1686818164,1686818164,X=-10588.438 Y=-45.181 Z=98.322,X=-4.245 Y=-4.915 Z=0.000,0.952218
65,CarAccident,virtual_reality,1686818164,1686818164,X=-10588.438 Y=-45.181 Z=3.322,X=-10587.956 Y=-34.852 Z=3.322,0.103407
65,CarAccident,real_life,1686818164,1686818164,X=-10587.956 Y=-34.852 Z=98.322,X=-9.581 Y=-9.442 Z=0.000,0.959476
65,CarAccident,virtual_reality,1686818164,1686818170,X=-10587.956 Y=-34.852 Z=3.322,X=-10600.593 Y=-71.825 Z=3.322,0.390728
65,CarAccident,real_life,1686818166,1686818166,X=-10587.956 Y=-34.852 Z=98.322,X=-14.096 Y=-24.996 Z=0.000,0.161959
65,CarAccident,real_life,1686818166,1686818166,X=-10587.956 Y=-34.852 Z=98.322,X=-13.586 Y=-38.044 Z=0.000,0.130584
65,CarAccident,real_life,1686818170,1686818170,X=-10587.956 Y=-34.852 Z=98.322,X=-12.795 Y=-37.740 Z=0.000,0.950032
65,CarAccident,virtual_reality,1686818170,1686818172,X=-10600.593 Y=-71.825 Z=3.322,X=-10600.308 Y=-71.500 Z=3.322,0.004325
65,CarAccident,virtual_reality,1686818172,1686818175,X=-10600.308 Y=-71.500 Z=3.322,X=-10557.231 Y=-57.560 Z=3.322,0.452754
65,CarAccident,real_life,1686818173,1686818173,X=-10587.956 Y=-34.852 Z=98.322,X=-12.017 Y=-37.780 Z=0.000,0.950073
65,CarAccident,real_life,1686818174,1686818174,X=-10587.956 Y=-34.852 Z=98.322,X=-31.214 Y=-37.420 Z=0.000,0.192006
65,CarAccident,real_life,1686818175,1686818175,X=-10557.231 Y=-57.560 Z=98.322,X=-0.006 Y=-0.606 Z=0.000,0.950019
65,CarAccident,virtual_reality,1686818175,1686818194,X=-10557.231 Y=-57.560 Z=3.322,X=-10542.871 Y=-43.052 Z=3.322,0.204134
65,CarAccident,real_life,1686818177,1686818177,X=-10557.231 Y=-57.560 Z=98.322,X=9.343 Y=3.432 Z=0.000,0.101833
65,CarAccident,real_life,1686818179,1686818179,X=-10557.231 Y=-57.560 Z=98.322,X=16.778 Y=14.852 Z=0.000,0.136272
65,CarAccident,real_life,1686818180,1686818180,X=-10557.231 Y=-57.560 Z=98.322,X=27.181 Y=17.001 Z=0.000,0.106221
65,CarAccident,real_life,1686818191,1686818191,X=-10557.231 Y=-57.560 Z=98.322,X=16.677 Y=10.428 Z=0.000,0.123909
65,CarAccident,real_life,1686818194,1686818194,X=-10557.231 Y=-57.560 Z=98.322,X=14.507 Y=14.512 Z=0.000,0.950001
65,CarAccident,virtual_reality,1686818194,1686818217,X=-10542.871 Y=-43.052 Z=3.322,X=-10535.357 Y=-44.689 Z=3.322,0.076899
65,CarAccident,real_life,1686818205,1686818205,X=-10557.231 Y=-57.560 Z=98.322,X=24.719 Y=11.816 Z=0.000,0.105619
65,CarAccident,real_life,1686818209,1686818209,X=-10557.231 Y=-57.560 Z=98.322,X=15.206 Y=15.211 Z=0.000,0.101005
65,CarAccident,real_life,1686818215,1686818215,X=-10557.231 Y=-57.560 Z=98.322,X=27.954 Y=12.569 Z=0.000,0.13019
65,CarAccident,real_life,1686818217,1686818217,X=-10557.231 Y=-57.560 Z=98.322,X=20.221 Y=13.264 Z=0.000,0.950152
65,CarAccident,virtual_reality,1686818217,1686818218,X=-10535.357 Y=-44.689 Z=3.322,X=-10543.669 Y=-42.716 Z=3.322,0.085424
65,CarAccident,real_life,1686818218,1686818218,X=-10557.231 Y=-57.560 Z=98.322,X=12.856 Y=17.315 Z=0.000,0.950348
65,CarAccident,virtual_reality,1686818218,1686818219,X=-10543.669 Y=-42.716 Z=3.322,X=-10542.291 Y=-41.038 Z=3.322,0.021715
65,CarAccident,virtual_reality,1686818219,1686818225,X=-10542.291 Y=-41.038 Z=3.322,X=-10548.097 Y=-73.929 Z=3.322,0.333998
65,CarAccident,real_life,1686818220,1686818220,X=-10557.231 Y=-57.560 Z=98.322,X=14.117 Y=15.307 Z=0.000,0.950113
65,CarAccident,real_life,1686818220,1686818220,X=-10557.231 Y=-57.560 Z=98.322,X=15.237 Y=2.431 Z=0.000,0.129243
65,CarAccident,real_life,1686818221,1686818221,X=-10557.231 Y=-57.560 Z=98.322,X=13.327 Y=-16.263 Z=0.000,0.187919
65,CarAccident,real_life,1686818225,1686818225,X=-10557.231 Y=-57.560 Z=98.322,X=9.994 Y=-17.814 Z=0.000,0.950149
65,CarAccident,virtual_reality,1686818225,1686818226,X=-10548.097 Y=-73.929 Z=3.322,X=-10546.234 Y=-75.679 Z=3.322,0.025556
65,CarAccident,real_life,1686818226,1686818226,X=-10557.231 Y=-57.560 Z=98.322,X=10.739 Y=-17.267 Z=0.000,0.950042
65,CarAccident,virtual_reality,1686818226,1686818228,X=-10546.234 Y=-75.679 Z=3.322,X=-10546.568 Y=-73.415 Z=3.322,0.022886
65,CarAccident,real_life,1686818228,1686818228,X=-10557.231 Y=-57.560 Z=98.322,X=10.760 Y=-16.013 Z=0.000,0.950002
65,CarAccident,virtual_reality,1686818228,1686818231,X=-10546.568 Y=-73.415 Z=3.322,X=-10546.448 Y=-73.356 Z=3.322,0.001341
65,CarAccident,real_life,1686818231,1686818231,X=-10557.231 Y=-57.560 Z=98.322,X=10.083 Y=-14.815 Z=0.000,0.950076
65,CarAccident,virtual_reality,1686818231,1686818236,X=-10546.448 Y=-73.356 Z=3.322,X=-10545.381 Y=-75.450 Z=3.322,0.023503
65,CarAccident,real_life,1686818236,1686818236,X=-10557.231 Y=-57.560 Z=98.322,X=11.963 Y=-17.674 Z=0.000,0.950003
65,CarAccident,virtual_reality,1686818236,1686818238,X=-10545.381 Y=-75.450 Z=3.322,X=-10529.186 Y=-82.957 Z=3.322,0.178505
65,CarAccident,real_life,1686818238,1686818238,X=-10557.231 Y=-57.560 Z=98.322,X=30.437 Y=-26.201 Z=0.000,0.950335
65,CarAccident,virtual_reality,1686818238,1686818256,X=-10529.186 Y=-82.957 Z=3.322,X=-10533.210 Y=-405.697 Z=3.322,3.95123
65,CarAccident,real_life,1686818239,1686818239,X=-10557.231 Y=-57.560 Z=98.322,X=24.983 Y=-15.309 Z=0.000,0.121804
65,CarAccident,real_life,1686818241,1686818241,X=-10557.231 Y=-57.560 Z=98.322,X=33.110 Y=-8.613 Z=0.000,0.105306
65,CarAccident,real_life,1686818247,1686818247,X=-10557.231 Y=-57.560 Z=98.322,X=22.805 Y=-19.570 Z=0.000,0.15042
65,CarAccident,real_life,1686818249,1686818249,X=-10557.231 Y=-57.560 Z=98.322,X=10.453 Y=-36.061 Z=0.000,0.206044
65,CarAccident,real_life,1686818249,1686818249,X=-10557.231 Y=-57.560 Z=98.322,X=-5.881 Y=-33.178 Z=0.000,0.165866
65,CarAccident,real_life,1686818250,1686818250,X=-10557.231 Y=-57.560 Z=98.322,X=-11.855 Y=-46.507 Z=0.000,0.146069
65,CarAccident,real_life,1686818251,1686818251,X=-10557.231 Y=-57.560 Z=98.322,X=-12.572 Y=-57.131 Z=0.000,0.106487
65,CarAccident,real_life,1686818252,1686818252,X=-10557.231 Y=-57.560 Z=98.322,X=-25.508 Y=-51.200 Z=0.000,0.142303
65,CarAccident,real_life,1686818253,1686818253,X=-10557.231 Y=-57.560 Z=98.322,X=-40.493 Y=-69.895 Z=0.000,0.239593
65,CarAccident,virtual_reality,1686818256,1686818258,X=-10533.210 Y=-405.697 Z=3.322,X=-10472.257 Y=-703.391 Z=3.322,3.038708
65,CarAccident,real_life,1686818257,1686818257,X=-10533.210 Y=-405.697 Z=98.322,X=0.051 Y=-0.105 Z=0.000,0.950001
65,CarAccident,real_life,1686818258,1686818258,X=-10472.257 Y=-703.391 Z=98.322,X=-0.013 Y=0.004 Z=0.000,0.95
65,CarAccident,virtual_reality,1686818258,1686818261,X=-10472.257 Y=-703.391 Z=3.322,X=-10400.067 Y=-1021.339 Z=3.322,3.2604
65,CarAccident,real_life,1686818261,1686818261,X=-10400.067 Y=-1021.339 Z=98.322,X=-0.057 Y=0.068 Z=0.000,0.95
65,CarAccident,virtual_reality,1686818261,1686818263,X=-10400.067 Y=-1021.339 Z=3.322,X=-10355.242 Y=-1366.522 Z=3.322,3.480812
65,CarAccident,real_life,1686818263,1686818263,X=-10355.242 Y=-1366.522 Z=98.322,X=-0.209 Y=0.209 Z=0.000,0.950005
65,CarAccident,virtual_reality,1686818263,1686818264,X=-10355.242 Y=-1366.522 Z=3.322,X=-10355.364 Y=-1366.557 Z=3.322,0.001269
65,CarAccident,real_life,1686818264,1686818264,X=-10355.242 Y=-1366.522 Z=98.322,X=-0.117 Y=-0.034 Z=0.000,0.95
65,CarAccident,virtual_reality,1686818264,1686818267,X=-10355.364 Y=-1366.557 Z=3.322,X=-10355.539 Y=-1366.458 Z=3.322,0.002007
65,CarAccident,real_life,1686818267,1686818267,X=-10355.242 Y=-1366.522 Z=98.322,X=-0.246 Y=0.204 Z=0.000,0.950001
65,CarAccident,virtual_reality,1686818267,1686818269,X=-10355.539 Y=-1366.458 Z=3.322,X=-10354.740 Y=-1366.547 Z=3.322,0.008037
65,CarAccident,virtual_reality,1686818269,1686818271,X=-10354.740 Y=-1366.547 Z=3.322,X=-10222.000 Y=-1710.828 Z=3.322,3.689846
65,CarAccident,real_life,1686818270,1686818270,X=-10355.242 Y=-1366.522 Z=98.322,X=0.718 Y=-0.009 Z=0.000,0.950002
65,CarAccident,virtual_reality,1686818271,1686818297,X=-10222.000 Y=-1710.828 Z=3.322,X=-10222.000 Y=-1760.760 Z=5.726,0.499897
65,CarAccident,real_life,1686818297,1686818297,X=-10222.000 Y=-1760.760 Z=100.726,X=18.667 Y=1.757 Z=0.000,0.968326
65,CarAccident,real_life,1686818297,1686818297,X=-10222.000 Y=-1760.760 Z=100.726,X=32.311 Y=14.677 Z=0.000,0.187898
65,CarAccident,virtual_reality,1686818297,1686818302,X=-10222.000 Y=-1760.760 Z=5.726,X=-10296.471 Y=-1254.026 Z=5.726,5.121776
65,CarAccident,real_life,1686818298,1686818298,X=-10222.000 Y=-1760.760 Z=100.726,X=25.057 Y=23.098 Z=0.000,0.111145
65,CarAccident,real_life,1686818298,1686818298,X=-10222.000 Y=-1760.760 Z=100.726,X=18.484 Y=33.272 Z=0.000,0.121122
65,CarAccident,real_life,1686818300,1686818300,X=-10222.000 Y=-1760.760 Z=100.726,X=4.562 Y=47.080 Z=0.000,0.196093
65,CarAccident,real_life,1686818301,1686818301,X=-10222.000 Y=-1760.760 Z=100.726,X=13.761 Y=40.378 Z=0.000,0.113818
65,CarAccident,real_life,1686818302,1686818302,X=-10222.000 Y=-1760.760 Z=100.726,X=4.189 Y=45.614 Z=0.000,0.1091
65,CarAccident,virtual_reality,1686818302,1686818303,X=-10296.471 Y=-1254.026 Z=5.726,X=-10357.665 Y=-805.208 Z=3.322,4.529764
65,CarAccident,virtual_reality,1686818303,1686818307,X=-10357.665 Y=-805.208 Z=3.322,X=-10480.556 Y=-280.067 Z=3.322,5.393289
65,CarAccident,real_life,1686818304,1686818304,X=-10357.665 Y=-805.208 Z=98.322,X=-0.727 Y=0.118 Z=0.000,0.950029
65,CarAccident,real_life,1686818307,1686818307,X=-10480.556 Y=-280.067 Z=98.322,X=-0.298 Y=0.164 Z=0.000,0.950006
65,CarAccident,virtual_reality,1686818307,1686818310,X=-10480.556 Y=-280.067 Z=3.322,X=-10554.748 Y=-64.845 Z=3.322,2.276506
65,CarAccident,real_life,1686818310,1686818310,X=-10554.748 Y=-64.845 Z=98.322,X=0.361 Y=0.631 Z=0.000,0.950028
65,CarAccident,real_life,1686818311,1686818311,X=-10554.748 Y=-64.845 Z=98.322,X=13.604 Y=-2.157 Z=0.000,0.135324
65,CarAccident,real_life,1686818312,1686818312,X=-10554.748 Y=-64.845 Z=98.322,X=34.120 Y=-11.464 Z=0.000,0.225288
65,CarAccident,virtual_reality,1686818312,1686818313,X=-10517.835 Y=-76.884 Z=3.322,X=-10512.344 Y=-80.132 Z=3.322,0.063794
65,CarAccident,virtual_reality,1686818313,1686818315,X=-10512.344 Y=-80.132 Z=3.322,X=-10515.102 Y=-69.168 Z=3.322,0.113048
65,CarAccident,real_life,1686818314,1686818314,X=-10554.748 Y=-64.845 Z=98.322,X=42.426 Y=-15.515 Z=0.000,0.950003
65,CarAccident,real_life,1686818316,1686818316,X=-10554.748 Y=-64.845 Z=98.322,X=38.173 Y=-2.802 Z=0.000,0.950236
65,CarAccident,virtual_reality,1686818316,1686818316,X=-10516.776 Y=-67.422 Z=3.322,X=-10515.797 Y=-65.341 Z=3.322,0.022999
65,CarAccident,real_life,1686818317,1686818317,X=-10554.748 Y=-64.845 Z=98.322,X=49.611 Y=-1.326 Z=0.000,0.955998
65,CarAccident,virtual_reality,1686818317,1686818318,X=-10504.033 Y=-66.395 Z=3.322,X=-10494.576 Y=-67.700 Z=3.322,0.095466
65,CarAccident,real_life,1686818318,1686818318,X=-10554.748 Y=-64.845 Z=98.322,X=60.714 Y=-2.827 Z=0.000,0.950015
65,CarAccident,virtual_reality,1686818318,1686818319,X=-10494.576 Y=-67.700 Z=3.322,X=-10488.573 Y=-67.301 Z=3.322,0.060162
65,CarAccident,real_life,1686818320,1686818320,X=-10554.748 Y=-64.845 Z=98.322,X=66.001 Y=-3.017 Z=0.000,0.950018
65,CarAccident,virtual_reality,1686818320,1686818320,X=-10488.760 Y=-67.501 Z=3.322,X=-10489.231 Y=-68.171 Z=3.322,0.008193
65,CarAccident,real_life,1686818320,1686818320,X=-10554.748 Y=-64.845 Z=98.322,X=65.341 Y=-3.495 Z=0.000,0.950003
65,CarAccident,virtual_reality,1686818320,1686818321,X=-10489.231 Y=-68.171 Z=3.322,X=-10498.180 Y=-65.271 Z=3.322,0.094063
65,CarAccident,real_life,1686818321,1686818321,X=-10554.748 Y=-64.845 Z=98.322,X=55.652 Y=-0.430 Z=0.000,0.950044
65,CarAccident,virtual_reality,1686818321,1686818325,X=-10498.180 Y=-65.271 Z=3.322,X=-10506.804 Y=-53.885 Z=3.322,0.142838
65,CarAccident,real_life,1686818324,1686818324,X=-10554.748 Y=-64.845 Z=98.322,X=44.079 Y=8.695 Z=0.000,0.147378
65,CarAccident,real_life,1686818325,1686818325,X=-10554.748 Y=-64.845 Z=98.322,X=54.270 Y=11.892 Z=0.000,0.952149
65,CarAccident,virtual_reality,1686818325,1686818327,X=-10499.688 Y=-52.906 Z=3.322,X=-10503.196 Y=-55.317 Z=3.322,0.04257
65,CarAccident,real_life,1686818327,1686818327,X=-10554.748 Y=-64.845 Z=98.322,X=51.345 Y=9.720 Z=0.000,0.950004
65,CarAccident,virtual_reality,1686818327,1686818328,X=-10503.283 Y=-55.212 Z=3.322,X=-10503.403 Y=-55.125 Z=3.322,0.001481
65,CarAccident,real_life,1686818328,1686818328,X=-10554.748 Y=-64.845 Z=98.322,X=50.102 Y=9.784 Z=0.000,0.950082
65,CarAccident,virtual_reality,1686818328,1686818328,X=-10503.403 Y=-55.125 Z=3.322,X=-10504.791 Y=-55.190 Z=3.322,0.013892
65,CarAccident,virtual_reality,1686818328,1686818330,X=-10504.791 Y=-55.190 Z=3.322,X=-10514.479 Y=-53.647 Z=3.322,0.098106
65,CarAccident,real_life,1686818329,1686818329,X=-10554.748 Y=-64.845 Z=98.322,X=50.373 Y=9.040 Z=0.000,0.950029
65,CarAccident,real_life,1686818330,1686818330,X=-10554.748 Y=-64.845 Z=98.322,X=25.787 Y=12.442 Z=0.000,0.961055
65,CarAccident,virtual_reality,1686818330,1686818335,X=-10514.479 Y=-53.647 Z=3.322,X=-10520.371 Y=-62.078 Z=3.322,0.10286
65,CarAccident,real_life,1686818331,1686818331,X=-10554.748 Y=-64.845 Z=98.322,X=14.399 Y=4.037 Z=0.000,0.141534
65,CarAccident,real_life,1686818332,1686818332,X=-10554.748 Y=-64.845 Z=98.322,X=25.742 Y=10.160 Z=0.000,0.128897
65,CarAccident,real_life,1686818333,1686818333,X=-10554.748 Y=-64.845 Z=98.322,X=34.931 Y=5.722 Z=0.000,0.102041
65,CarAccident,virtual_reality,1686818335,1686818337,X=-10520.371 Y=-62.078 Z=3.322,X=-10519.814 Y=-60.526 Z=3.322,0.016491
65,CarAccident,real_life,1686818336,1686818336,X=-10554.748 Y=-64.845 Z=98.322,X=33.998 Y=4.079 Z=0.000,0.950098
65,CarAccident,real_life,1686818337,1686818337,X=-10554.748 Y=-64.845 Z=98.322,X=35.173 Y=4.213 Z=0.000,0.950004
65,CarAccident,virtual_reality,1686818337,1686818339,X=-10519.814 Y=-60.526 Z=3.322,X=-10520.834 Y=-59.732 Z=3.322,0.012925
65,CarAccident,real_life,1686818339,1686818339,X=-10554.748 Y=-64.845 Z=98.322,X=33.663 Y=5.300 Z=0.000,0.950005
65,CarAccident,virtual_reality,1686818339,1686818352,X=-10520.834 Y=-59.732 Z=3.322,X=-10542.494 Y=-86.869 Z=3.322,0.347215
65,CarAccident,real_life,1686818343,1686818343,X=-10554.748 Y=-64.845 Z=98.322,X=20.844 Y=9.088 Z=0.000,0.133674
65,CarAccident,real_life,1686818343,1686818343,X=-10554.748 Y=-64.845 Z=98.322,X=13.569 Y=-0.464 Z=0.000,0.120066
65,CarAccident,real_life,1686818344,1686818344,X=-10554.748 Y=-64.845 Z=98.322,X=10.486 Y=-13.205 Z=0.000,0.131094
65,CarAccident,real_life,1686818344,1686818344,X=-10554.748 Y=-64.845 Z=98.322,X=7.761 Y=-29.527 Z=0.000,0.165477
65,CarAccident,real_life,1686818346,1686818346,X=-10554.748 Y=-64.845 Z=98.322,X=-0.562 Y=-17.468 Z=0.000,0.146528
65,CarAccident,real_life,1686818348,1686818348,X=-10554.748 Y=-64.845 Z=98.322,X=2.463 Y=-3.467 Z=0.000,0.143242
65,CarAccident,real_life,1686818348,1686818348,X=-10554.748 Y=-64.845 Z=98.322,X=14.238 Y=6.061 Z=0.000,0.151473
65,CarAccident,real_life,1686818349,1686818349,X=-10554.748 Y=-64.845 Z=98.322,X=5.006 Y=-7.628 Z=0.000,0.165112
65,CarAccident,real_life,1686818350,1686818350,X=-10554.748 Y=-64.845 Z=98.322,X=13.635 Y=-22.408 Z=0.000,0.17115
65,CarAccident,virtual_reality,1686818352,1686818355,X=-10542.494 Y=-86.869 Z=3.322,X=-10543.453 Y=-85.381 Z=3.322,0.017703
65,CarAccident,real_life,1686818353,1686818353,X=-10554.748 Y=-64.845 Z=98.322,X=12.041 Y=-22.253 Z=0.000,0.950005
65,CarAccident,real_life,1686818355,1686818355,X=-10554.748 Y=-64.845 Z=98.322,X=11.268 Y=-20.632 Z=0.000,0.950001
65,CarAccident,virtual_reality,1686818355,1686818357,X=-10543.453 Y=-85.381 Z=3.322,X=-10541.778 Y=-87.785 Z=3.322,0.0293
65,CarAccident,real_life,1686818357,1686818357,X=-10554.748 Y=-64.845 Z=98.322,X=13.104 Y=-22.708 Z=0.000,0.950004
65,CarAccident,virtual_reality,1686818357,1686818359,X=-10541.778 Y=-87.785 Z=3.322,X=-10541.597 Y=-87.792 Z=3.322,0.001818
65,CarAccident,real_life,1686818359,1686818359,X=-10554.748 Y=-64.845 Z=98.322,X=13.327 Y=-23.573 Z=0.000,0.950022
65,CarAccident,virtual_reality,1686818359,1686818359,X=-10541.597 Y=-87.792 Z=3.322,X=-10541.647 Y=-89.925 Z=3.322,0.02134
65,CarAccident,virtual_reality,1686818359,1686818369,X=-10541.647 Y=-89.925 Z=3.322,X=-10494.627 Y=-156.980 Z=3.322,1.924845
65,CarAccident,real_life,1686818360,1686818360,X=-10554.748 Y=-64.845 Z=98.322,X=10.518 Y=-26.910 Z=0.000,0.950527
65,CarAccident,real_life,1686818360,1686818360,X=-10554.748 Y=-64.845 Z=98.322,X=-1.029 Y=-32.818 Z=0.000,0.129706
65,CarAccident,real_life,1686818361,1686818361,X=-10554.748 Y=-64.845 Z=98.322,X=-6.051 Y=-47.926 Z=0.000,0.159199
65,CarAccident,real_life,1686818361,1686818361,X=-10554.748 Y=-64.845 Z=98.322,X=-7.792 Y=-62.918 Z=0.000,0.150926
65,CarAccident,real_life,1686818366,1686818366,X=-10554.748 Y=-64.845 Z=98.322,X=-18.915 Y=-69.831 Z=0.000,0.130965
65,CarAccident,real_life,1686818366,1686818366,X=-10554.748 Y=-64.845 Z=98.322,X=-26.403 Y=-54.938 Z=0.000,0.166697
65,CarAccident,real_life,1686818367,1686818367,X=-10554.748 Y=-64.845 Z=98.322,X=-6.629 Y=-59.550 Z=0.000,0.203051
65,CarAccident,real_life,1686818368,1686818368,X=-10554.748 Y=-64.845 Z=98.322,X=-10.995 Y=-68.703 Z=0.000,0.101418
65,CarAccident,virtual_reality,1686818369,1686818371,X=-10494.627 Y=-156.980 Z=3.322,X=-10484.209 Y=-154.351 Z=3.322,0.107445
65,CarAccident,real_life,1686818370,1686818370,X=-10494.627 Y=-156.980 Z=98.322,X=-4.681 Y=-4.399 Z=0.000,0.952169
65,CarAccident,virtual_reality,1686818371,1686818377,X=-10484.209 Y=-154.351 Z=3.322,X=-10483.615 Y=-168.999 Z=3.322,0.146596
65,CarAccident,real_life,1686818372,1686818372,X=-10484.209 Y=-154.351 Z=98.322,X=-13.963 Y=-8.625 Z=0.000,0.964073
65,CarAccident,real_life,1686818375,1686818375,X=-10484.209 Y=-154.351 Z=98.322,X=-24.587 Y=-20.657 Z=0.000,0.160505
65,CarAccident,real_life,1686818376,1686818376,X=-10484.209 Y=-154.351 Z=98.322,X=-27.537 Y=-4.185 Z=0.000,0.167339
65,CarAccident,real_life,1686818377,1686818377,X=-10484.209 Y=-154.351 Z=98.322,X=-17.863 Y=-7.879 Z=0.000,0.103552
65,CarAccident,virtual_reality,1686818377,1686818378,X=-10483.615 Y=-168.999 Z=3.322,X=-10371.032 Y=-459.071 Z=3.321,3.111542
65,CarAccident,real_life,1686818378,1686818378,X=-10371.032 Y=-459.071 Z=98.321,X=0.928 Y=-0.358 Z=0.000,0.950052
65,CarAccident,virtual_reality,1686818378,1686818380,X=-10371.032 Y=-459.071 Z=3.321,X=-10250.059 Y=-765.635 Z=3.321,3.29569
65,CarAccident,virtual_reality,1686818380,1686818384,X=-10250.059 Y=-765.635 Z=3.321,X=-10237.725 Y=-1224.277 Z=3.321,4.588079
65,CarAccident,real_life,1686818381,1686818381,X=-10250.059 Y=-765.635 Z=98.321,X=-0.794 Y=-0.138 Z=0.000,0.950034
65,CarAccident,virtual_reality,1686818384,1686818387,X=-10237.725 Y=-1224.277 Z=3.321,X=-10249.379 Y=-1494.444 Z=3.321,2.704189
65,CarAccident,real_life,1686818385,1686818385,X=-10237.725 Y=-1224.277 Z=98.321,X=0.375 Y=0.120 Z=0.000,0.950008
65,CarAccident,real_life,1686818387,1686818387,X=-10249.379 Y=-1494.444 Z=98.321,X=2.958 Y=-1.915 Z=0.000,0.950653
65,CarAccident,virtual_reality,1686818387,1686818389,X=-10249.379 Y=-1494.444 Z=3.321,X=-10222.000 Y=-1693.933 Z=3.321,2.013583
65,CarAccident,virtual_reality,1686818389,1686818392,X=-10222.000 Y=-1693.933 Z=3.321,X=-10222.000 Y=-1767.000 Z=5.726,0.731068
65,CarAccident,real_life,1686818392,1686818392,X=-10222.000 Y=-1767.000 Z=100.726,X=-1.503 Y=-1.712 Z=0.000,0.950273
65,CarAccident,virtual_reality,1686818392,1686818402,X=-10226.845 Y=-1771.705 Z=5.726,X=-10328.948 Y=-1294.054 Z=5.726,4.884426
65,CarAccident,real_life,1686818394,1686818394,X=-10222.000 Y=-1767.000 Z=100.726,X=-15.986 Y=-3.247 Z=0.000,0.145645
65,CarAccident,real_life,1686818394,1686818394,X=-10222.000 Y=-1767.000 Z=100.726,X=-26.826 Y=-8.882 Z=0.000,0.12217
65,CarAccident,real_life,1686818396,1686818396,X=-10222.000 Y=-1767.000 Z=100.726,X=-34.508 Y=-15.491 Z=0.000,0.101336
65,CarAccident,real_life,1686818398,1686818398,X=-10222.000 Y=-1767.000 Z=100.726,X=-16.577 Y=-11.848 Z=0.000,0.182971
65,CarAccident,real_life,1686818398,1686818398,X=-10222.000 Y=-1767.000 Z=100.726,X=4.485 Y=-3.115 Z=0.000,0.228008
65,CarAccident,real_life,1686818399,1686818399,X=-10222.000 Y=-1767.000 Z=100.726,X=15.416 Y=10.438 Z=0.000,0.174119
65,CarAccident,real_life,1686818400,1686818400,X=-10222.000 Y=-1767.000 Z=100.726,X=-0.687 Y=36.738 Z=0.000,0.308383
65,CarAccident,virtual_reality,1686818402,1686818403,X=-10328.948 Y=-1294.054 Z=5.726,X=-10464.276 Y=-860.477 Z=3.322,4.542111
65,CarAccident,real_life,1686818403,1686818403,X=-10464.276 Y=-860.477 Z=98.322,X=-0.392 Y=-0.372 Z=0.000,0.950015
65,CarAccident,virtual_reality,1686818403,1686818405,X=-10464.276 Y=-860.477 Z=3.322,X=-10572.015 Y=-419.710 Z=3.322,4.53744
65,CarAccident,real_life,1686818405,1686818405,X=-10572.015 Y=-419.710 Z=98.322,X=-0.004 Y=-0.012 Z=0.000,0.95
65,CarAccident,virtual_reality,1686818405,1686818406,X=-10572.015 Y=-419.710 Z=3.322,X=-10601.225 Y=-113.030 Z=3.322,3.08068
65,CarAccident,virtual_reality,1686818406,1686818415,X=-10601.225 Y=-113.030 Z=3.322,X=-10574.729 Y=-100.066 Z=3.322,0.975971
65,CarAccident,real_life,1686818407,1686818407,X=-10601.225 Y=-113.030 Z=98.322,X=0.596 Y=0.242 Z=0.000,0.950022
65,CarAccident,real_life,1686818408,1686818408,X=-10601.225 Y=-113.030 Z=98.322,X=13.454 Y=-5.328 Z=0.000,0.140131
65,CarAccident,real_life,1686818409,1686818409,X=-10601.225 Y=-113.030 Z=98.322,X=18.985 Y=3.899 Z=0.000,0.107583
65,CarAccident,real_life,1686818409,1686818409,X=-10601.225 Y=-113.030 Z=98.322,X=16.624 Y=22.494 Z=0.000,0.187441
65,CarAccident,real_life,1686818410,1686818410,X=-10601.225 Y=-113.030 Z=98.322,X=23.577 Y=36.651 Z=0.000,0.157726
65,CarAccident,real_life,1686818413,1686818413,X=-10601.225 Y=-113.030 Z=98.322,X=33.490 Y=32.774 Z=0.000,0.106444
65,CarAccident,real_life,1686818414,1686818414,X=-10601.225 Y=-113.030 Z=98.322,X=28.312 Y=20.021 Z=0.000,0.137643
65,CarAccident,real_life,1686818415,1686818415,X=-10601.225 Y=-113.030 Z=98.322,X=26.447 Y=13.040 Z=0.000,0.95
65,CarAccident,virtual_reality,1686818415,1686818418,X=-10574.729 Y=-100.066 Z=3.322,X=-10575.040 Y=-97.799 Z=3.322,0.022877
65,CarAccident,real_life,1686818418,1686818418,X=-10601.225 Y=-113.030 Z=98.322,X=26.518 Y=16.852 Z=0.000,0.950144
65,CarAccident,virtual_reality,1686818418,1686818421,X=-10575.040 Y=-97.799 Z=3.322,X=-10577.873 Y=-95.951 Z=3.322,0.033824
65,CarAccident,virtual_reality,1686818421,1686818436,X=-10577.873 Y=-95.951 Z=3.322,X=-10566.192 Y=-89.832 Z=3.322,1.848359
65,CarAccident,real_life,1686818422,1686818422,X=-10601.225 Y=-113.030 Z=98.322,X=23.751 Y=16.167 Z=0.000,0.950052
65,CarAccident,real_life,1686818423,1686818423,X=-10601.225 Y=-113.030 Z=98.322,X=37.204 Y=21.252 Z=0.000,0.143818
65,CarAccident,real_life,1686818424,1686818424,X=-10601.225 Y=-113.030 Z=98.322,X=45.396 Y=30.530 Z=0.000,0.123776
65,CarAccident,real_life,1686818424,1686818424,X=-10601.225 Y=-113.030 Z=98.322,X=58.824 Y=41.100 Z=0.000,0.17089
65,CarAccident,real_life,1686818425,1686818425,X=-10601.225 Y=-113.030 Z=98.322,X=70.355 Y=44.661 Z=0.000,0.120686
65,CarAccident,real_life,1686818427,1686818427,X=-10601.225 Y=-113.030 Z=98.322,X=54.606 Y=35.507 Z=0.000,0.182162
65,CarAccident,real_life,1686818429,1686818429,X=-10601.225 Y=-113.030 Z=98.322,X=36.079 Y=47.278 Z=0.000,0.219501
65,CarAccident,real_life,1686818431,1686818431,X=-10601.225 Y=-113.030 Z=98.322,X=41.666 Y=35.200 Z=0.000,0.133073
65,CarAccident,real_life,1686818432,1686818432,X=-10601.225 Y=-113.030 Z=98.322,X=42.854 Y=21.908 Z=0.000,0.133454
65,CarAccident,real_life,1686818436,1686818436,X=-10601.225 Y=-113.030 Z=98.322,X=34.751 Y=23.474 Z=0.000,0.950008
65,CarAccident,virtual_reality,1686818436,1686818442,X=-10566.192 Y=-89.832 Z=3.322,X=-10571.591 Y=-85.786 Z=3.322,0.067458
65,CarAccident,real_life,1686818442,1686818442,X=-10601.225 Y=-113.030 Z=98.322,X=29.523 Y=28.179 Z=0.000,0.950047
65,CarAccident,virtual_reality,1686818442,1686818442,X=-10571.591 Y=-85.786 Z=3.322,X=-10571.649 Y=-39.022 Z=3.322,0.467647
65,CarAccident,real_life,1686818442,1686818442,X=-10571.649 Y=-39.022 Z=98.322,X=6.182 Y=-6.882 Z=0.000,0.954493
65,CarAccident,virtual_reality,1686818442,1686818450,X=-10571.649 Y=-39.022 Z=3.322,X=-10471.209 Y=-482.107 Z=3.322,4.99823
65,CarAccident,real_life,1686818443,1686818443,X=-10571.649 Y=-39.022 Z=98.322,X=-11.713 Y=-21.236 Z=0.000,0.229406
65,CarAccident,real_life,1686818444,1686818444,X=-10571.649 Y=-39.022 Z=98.322,X=-23.401 Y=-42.261 Z=0.000,0.240548
65,CarAccident,real_life,1686818445,1686818445,X=-10571.649 Y=-39.022 Z=98.322,X=-19.995 Y=-55.569 Z=0.000,0.137376
65,CarAccident,real_life,1686818446,1686818446,X=-10571.649 Y=-39.022 Z=98.322,X=-21.757 Y=-66.600 Z=0.000,0.111705
65,CarAccident,real_life,1686818450,1686818450,X=-10471.209 Y=-482.107 Z=98.322,X=0.096 Y=0.048 Z=0.000,0.950001
65,CarAccident,virtual_reality,1686818450,1686818451,X=-10471.209 Y=-482.107 Z=3.322,X=-10353.612 Y=-876.041 Z=3.322,4.111123
65,CarAccident,real_life,1686818451,1686818451,X=-10353.612 Y=-876.041 Z=98.322,X=0.088 Y=0.052 Z=0.000,0.950001
65,CarAccident,virtual_reality,1686818451,1686818452,X=-10353.612 Y=-876.041 Z=3.322,X=-10276.688 Y=-1307.479 Z=3.322,4.382418
65,CarAccident,virtual_reality,1686818452,1686818454,X=-10276.688 Y=-1307.479 Z=3.322,X=-10222.000 Y=-1695.186 Z=3.322,3.915452
65,CarAccident,real_life,1686818453,1686818453,X=-10276.688 Y=-1307.479 Z=98.322,X=-0.619 Y=-0.424 Z=0.000,0.95003
65,CarAccident,virtual_reality,1686818454,1686818457,X=-10222.000 Y=-1695.186 Z=3.322,X=-10372.813 Y=-1921.341 Z=5.726,2.718394
65,CarAccident,real_life,1686818457,1686818457,X=-10372.813 Y=-1921.341 Z=100.726,X=-3.504 Y=-1.656 Z=0.000,0.95079
65,CarAccident,virtual_reality,1686818457,1686818465,X=-10372.813 Y=-1921.341 Z=5.726,X=-10401.152 Y=-1575.127 Z=5.726,4.159759
65,CarAccident,real_life,1686818458,1686818458,X=-10372.813 Y=-1921.341 Z=100.726,X=-4.932 Y=17.053 Z=0.000,0.187635
65,CarAccident,real_life,1686818459,1686818459,X=-10372.813 Y=-1921.341 Z=100.726,X=-3.415 Y=33.438 Z=0.000,0.164542
65,CarAccident,real_life,1686818459,1686818459,X=-10372.813 Y=-1921.341 Z=100.726,X=5.296 Y=42.308 Z=0.000,0.124326
65,CarAccident,real_life,1686818460,1686818460,X=-10372.813 Y=-1921.341 Z=100.726,X=18.014 Y=44.325 Z=0.000,0.128766
65,CarAccident,real_life,1686818460,1686818460,X=-10372.813 Y=-1921.341 Z=100.726,X=23.855 Y=54.493 Z=0.000,0.117269
65,CarAccident,real_life,1686818461,1686818461,X=-10372.813 Y=-1921.341 Z=100.726,X=21.275 Y=66.038 Z=0.000,0.118303
65,CarAccident,real_life,1686818462,1686818462,X=-10372.813 Y=-1921.341 Z=100.726,X=29.183 Y=88.432 Z=0.000,0.237488
65,CarAccident,real_life,1686818463,1686818463,X=-10372.813 Y=-1921.341 Z=100.726,X=19.605 Y=91.995 Z=0.000,0.102183
65,CarAccident,real_life,1686818464,1686818464,X=-10372.813 Y=-1921.341 Z=100.726,X=5.584 Y=86.259 Z=0.000,0.151492
65,CarAccident,virtual_reality,1686818465,1686818465,X=-10401.152 Y=-1575.127 Z=5.726,X=-10437.291 Y=-1322.950 Z=3.322,2.547651
65,CarAccident,real_life,1686818465,1686818465,X=-10437.291 Y=-1322.950 Z=98.322,X=0.117 Y=0.028 Z=0.000,0.950001
65,CarAccident,virtual_reality,1686818465,1686818467,X=-10437.291 Y=-1322.950 Z=3.322,X=-10114.999 Y=-1348.217 Z=3.322,3.23281
65,CarAccident,real_life,1686818466,1686818466,X=-10437.291 Y=-1322.950 Z=98.322,X=14.686 Y=-7.436 Z=0.000,0.163688
65,CarAccident,virtual_reality,1686818467,1686818469,X=-10114.999 Y=-1348.217 Z=3.322,X=-9837.110 Y=-1431.016 Z=3.322,2.899615
65,CarAccident,real_life,1686818468,1686818468,X=-10114.999 Y=-1348.217 Z=98.322,X=0.664 Y=-1.318 Z=0.000,0.950115
65,CarAccident,virtual_reality,1686818469,1686818472,X=-9837.110 Y=-1431.016 Z=3.322,X=-9505.289 Y=-1498.220 Z=3.322,3.385585
65,CarAccident,real_life,1686818470,1686818470,X=-9837.110 Y=-1431.016 Z=98.322,X=0.038 Y=-0.009 Z=0.000,0.95
65,CarAccident,real_life,1686818472,1686818472,X=-9505.289 Y=-1498.220 Z=98.322,X=0.110 Y=-0.346 Z=0.000,0.950007
65,CarAccident,virtual_reality,1686818472,1686818473,X=-9505.289 Y=-1498.220 Z=3.322,X=-9119.579 Y=-1575.368 Z=3.322,3.933496
65,CarAccident,real_life,1686818473,1686818473,X=-9119.579 Y=-1575.368 Z=98.322,X=0.021 Y=-0.048 Z=0.000,0.95
65,CarAccident,virtual_reality,1686818473,1686818474,X=-9119.579 Y=-1575.368 Z=3.322,X=-8786.910 Y=-1705.015 Z=3.322,3.570391
65,CarAccident,virtual_reality,1686818474,1686818485,X=-8786.910 Y=-1705.015 Z=3.322,X=-9166.074 Y=-1687.673 Z=5.726,3.795681
65,CarAccident,real_life,1686818485,1686818485,X=-9166.074 Y=-1687.673 Z=100.726,X=-0.630 Y=-1.006 Z=0.000,0.950074
65,CarAccident,virtual_reality,1686818485,1686818487,X=-9166.074 Y=-1687.673 Z=5.726,X=-9523.812 Y=-1669.757 Z=5.726,3.581867
65,CarAccident,real_life,1686818487,1686818487,X=-9523.812 Y=-1669.757 Z=100.726,X=-0.179 Y=0.091 Z=0.000,0.950002
65,CarAccident,virtual_reality,1686818487,1686818488,X=-9523.812 Y=-1669.757 Z=5.726,X=-9898.312 Y=-1649.351 Z=5.726,3.750556
65,CarAccident,real_life,1686818488,1686818488,X=-9898.312 Y=-1649.351 Z=100.726,X=0.052 Y=-0.016 Z=0.000,0.95
65,CarAccident,virtual_reality,1686818488,1686818490,X=-9898.312 Y=-1649.351 Z=5.726,X=-10275.445 Y=-1626.440 Z=5.726,3.778281
65,CarAccident,real_life,1686818490,1686818490,X=-10275.445 Y=-1626.440 Z=100.726,X=0.023 Y=-0.067 Z=0.000,0.95
65,CarAccident,virtual_reality,1686818490,1686818494,X=-10275.445 Y=-1626.440 Z=5.726,X=-10269.779 Y=-1623.908 Z=5.726,0.062061
65,CarAccident,real_life,1686818494,1686818494,X=-10275.445 Y=-1626.440 Z=100.726,X=5.405 Y=2.981 Z=0.000,0.950014
65,CarAccident,virtual_reality,1686818494,1686818495,X=-10269.779 Y=-1623.908 Z=5.726,X=-10469.000 Y=-1467.882 Z=5.726,2.530473
65,CarAccident,virtual_reality,1686818495,1686818497,X=-10469.000 Y=-1467.882 Z=5.726,X=-10766.581 Y=-1420.194 Z=3.322,3.013875
65,CarAccident,real_life,1686818497,1686818497,X=-10766.581 Y=-1420.194 Z=98.322,X=-0.328 Y=0.402 Z=0.000,0.950014
65,CarAccident,virtual_reality,1686818497,1686818499,X=-10766.581 Y=-1420.194 Z=3.322,X=-11091.279 Y=-1425.000 Z=3.322,3.247338
65,CarAccident,real_life,1686818499,1686818499,X=-11091.279 Y=-1425.000 Z=98.322,X=-0.229 Y=-1.288 Z=0.000,0.95009
65,CarAccident,virtual_reality,1686818499,1686818506,X=-11091.279 Y=-1425.000 Z=3.322,X=-11049.269 Y=-1408.430 Z=3.322,0.451603
65,CarAccident,real_life,1686818500,1686818500,X=-11091.279 Y=-1425.000 Z=98.322,X=-11.474 Y=-10.704 Z=0.000,0.146659
65,CarAccident,real_life,1686818501,1686818501,X=-11091.279 Y=-1425.000 Z=98.322,X=-1.674 Y=4.498 Z=0.000,0.180873
65,CarAccident,real_life,1686818505,1686818505,X=-11091.279 Y=-1425.000 Z=98.322,X=7.994 Y=-6.777 Z=0.000,0.148525
65,CarAccident,real_life,1686818505,1686818505,X=-11091.279 Y=-1425.000 Z=98.322,X=16.816 Y=5.248 Z=0.000,0.149138
65,CarAccident,real_life,1686818506,1686818506,X=-11091.279 Y=-1425.000 Z=98.322,X=21.846 Y=14.353 Z=0.000,0.104016
65,CarAccident,real_life,1686818506,1686818506,X=-11091.279 Y=-1425.000 Z=98.322,X=37.896 Y=16.371 Z=0.000,0.161761
65,CarAccident,virtual_reality,1686818506,1686818511,X=-11049.269 Y=-1408.430 Z=3.322,X=-10917.775 Y=-1425.000 Z=3.322,1.32533
65,CarAccident,real_life,1686818507,1686818507,X=-11091.279 Y=-1425.000 Z=98.322,X=44.824 Y=16.016 Z=0.000,0.950433
65,CarAccident,real_life,1686818511,1686818511,X=-10917.775 Y=-1425.000 Z=98.322,X=0.431 Y=-1.920 Z=0.000,0.950204
65,CarAccident,virtual_reality,1686818511,1686818517,X=-10917.775 Y=-1425.000 Z=3.322,X=-10592.809 Y=-1384.026 Z=3.322,3.275398
65,CarAccident,real_life,1686818512,1686818512,X=-10917.775 Y=-1425.000 Z=98.322,X=-6.523 Y=-13.459 Z=0.000,0.134723
65,CarAccident,real_life,1686818515,1686818515,X=-10917.775 Y=-1425.000 Z=98.322,X=4.731 Y=-4.068 Z=0.000,0.146579
65,CarAccident,real_life,1686818516,1686818516,X=-10917.775 Y=-1425.000 Z=98.322,X=0.408 Y=6.314 Z=0.000,0.112466
65,CarAccident,real_life,1686818517,1686818517,X=-10917.775 Y=-1425.000 Z=98.322,X=7.184 Y=14.399 Z=0.000,0.105485
65,CarAccident,real_life,1686818517,1686818517,X=-10592.809 Y=-1384.026 Z=98.322,X=0.027 Y=-0.013 Z=0.000,0.95
65,CarAccident,virtual_reality,1686818517,1686818520,X=-10592.809 Y=-1384.026 Z=3.322,X=-10256.193 Y=-1441.916 Z=3.322,3.41557
65,CarAccident,real_life,1686818520,1686818520,X=-10256.193 Y=-1441.916 Z=98.322,X=0.429 Y=1.804 Z=0.000,0.950181
65,CarAccident,virtual_reality,1686818520,1686818522,X=-10256.193 Y=-1441.916 Z=3.322,X=-9965.737 Y=-1563.670 Z=3.322,3.149423
65,CarAccident,virtual_reality,1686818522,1686818539,X=-9965.737 Y=-1563.670 Z=3.322,X=-10150.888 Y=-1203.892 Z=3.322,4.04624
65,CarAccident,real_life,1686818523,1686818523,X=-9965.737 Y=-1563.670 Z=98.322,X=0.165 Y=-0.105 Z=0.000,0.950002
65,CarAccident,real_life,1686818527,1686818527,X=-9965.737 Y=-1563.670 Z=98.322,X=-2.252 Y=14.913 Z=0.000,0.152112
65,CarAccident,real_life,1686818528,1686818528,X=-9965.737 Y=-1563.670 Z=98.322,X=-18.023 Y=24.482 Z=0.000,0.184472
65,CarAccident,real_life,1686818535,1686818535,X=-9965.737 Y=-1563.670 Z=98.322,X=-23.114 Y=7.689 Z=0.000,0.175478
65,CarAccident,real_life,1686818536,1686818536,X=-9965.737 Y=-1563.670 Z=98.322,X=-34.812 Y=10.074 Z=0.000,0.11938
65,CarAccident,real_life,1686818539,1686818539,X=-10150.888 Y=-1203.892 Z=98.322,X=-0.045 Y=-0.031 Z=0.000,0.95
65,CarAccident,virtual_reality,1686818539,1686818541,X=-10150.888 Y=-1203.892 Z=3.322,X=-10307.649 Y=-829.450 Z=3.322,4.059329
65,CarAccident,real_life,1686818541,1686818541,X=-10307.649 Y=-829.450 Z=98.322,X=-0.081 Y=0.062 Z=0.000,0.950001
65,CarAccident,virtual_reality,1686818541,1686818542,X=-10307.649 Y=-829.450 Z=3.322,X=-10446.162 Y=-431.665 Z=3.322,4.212105
65,CarAccident,real_life,1686818542,1686818542,X=-10446.162 Y=-431.665 Z=98.322,X=0.102 Y=0.227 Z=0.000,0.950003
65,CarAccident,virtual_reality,1686818542,1686818544,X=-10446.162 Y=-431.665 Z=3.322,X=-10570.514 Y=-78.530 Z=3.322,3.743899
65,CarAccident,real_life,1686818544,1686818544,X=-10570.514 Y=-78.530 Z=98.322,X=0.032 Y=0.022 Z=0.000,0.95
65,CarAccident,virtual_reality,1686818544,1686818551,X=-10570.514 Y=-78.530 Z=3.322,X=-10542.461 Y=-116.094 Z=3.322,0.720811
65,CarAccident,real_life,1686818546,1686818546,X=-10570.514 Y=-78.530 Z=98.322,X=-17.193 Y=5.978 Z=0.000,0.182261
65,CarAccident,real_life,1686818548,1686818548,X=-10570.514 Y=-78.530 Z=98.322,X=3.657 Y=-7.031 Z=0.000,0.245756
65,CarAccident,real_life,1686818548,1686818548,X=-10570.514 Y=-78.530 Z=98.322,X=17.152 Y=-24.298 Z=0.000,0.219153
65,CarAccident,real_life,1686818549,1686818549,X=-10570.514 Y=-78.530 Z=98.322,X=28.146 Y=-37.787 Z=0.000,0.174021
65,CarAccident,virtual_reality,1686818551,1686818558,X=-10542.461 Y=-116.094 Z=3.322,X=-10601.888 Y=-29.151 Z=3.322,1.170609
65,CarAccident,real_life,1686818552,1686818552,X=-10570.514 Y=-78.530 Z=98.322,X=26.092 Y=-38.712 Z=0.000,0.950272
65,CarAccident,real_life,1686818555,1686818555,X=-10570.514 Y=-78.530 Z=98.322,X=17.040 Y=-24.052 Z=0.000,0.172294
65,CarAccident,real_life,1686818555,1686818555,X=-10570.514 Y=-78.530 Z=98.322,X=4.552 Y=-14.690 Z=0.000,0.156079
65,CarAccident,real_life,1686818556,1686818556,X=-10570.514 Y=-78.530 Z=98.322,X=-12.805 Y=-8.449 Z=0.000,0.184442
65,CarAccident,real_life,1686818556,1686818556,X=-10570.514 Y=-78.530 Z=98.322,X=-22.907 Y=-4.285 Z=0.000,0.109273
65,CarAccident,virtual_reality,1686818558,1686818558,X=-10601.888 Y=-29.151 Z=3.322,X=-10608.862 Y=-20.839 Z=3.322,0.108504
65,CarAccident,real_life,1686818558,1686818558,X=-10608.862 Y=-20.839 Z=98.322,X=-4.901 Y=-4.221 Z=0.000,0.9522
65,CarAccident,virtual_reality,1686818558,1686818561,X=-10608.862 Y=-20.839 Z=3.322,X=-10437.288 Y=-348.854 Z=3.322,3.701776
65,CarAccident,real_life,1686818559,1686818559,X=-10608.862 Y=-20.839 Z=98.322,X=1.918 Y=-15.636 Z=0.000,0.132964
65,CarAccident,real_life,1686818559,1686818559,X=-10608.862 Y=-20.839 Z=98.322,X=-3.594 Y=-24.544 Z=0.000,0.10475
65,CarAccident,real_life,1686818560,1686818560,X=-10608.862 Y=-20.839 Z=98.322,X=-14.551 Y=-30.982 Z=0.000,0.127085
65,CarAccident,real_life,1686818561,1686818561,X=-10437.288 Y=-348.854 Z=98.322,X=-0.024 Y=0.652 Z=0.000,0.950022
65,CarAccident,virtual_reality,1686818561,1686818564,X=-10437.288 Y=-348.854 Z=3.322,X=-10200.021 Y=-676.382 Z=3.322,4.044381
65,CarAccident,real_life,1686818564,1686818564,X=-10200.021 Y=-676.382 Z=98.322,X=-0.160 Y=-0.062 Z=0.000,0.950002
65,CarAccident,virtual_reality,1686818564,1686818565,X=-10200.021 Y=-676.382 Z=3.322,X=-9986.956 Y=-1036.418 Z=3.322,4.183577
65,CarAccident,real_life,1686818565,1686818565,X=-9986.956 Y=-1036.418 Z=98.322,X=0.225 Y=0.109 Z=0.000,0.950003
65,CarAccident,virtual_reality,1686818565,1686818566,X=-9986.956 Y=-1036.418 Z=3.322,X=-9789.135 Y=-1419.460 Z=3.322,4.31108
65,CarAccident,real_life,1686818566,1686818566,X=-9789.135 Y=-1419.460 Z=98.322,X=-0.141 Y=-0.031 Z=0.000,0.950001
65,CarAccident,virtual_reality,1686818566,1686818567,X=-9789.135 Y=-1419.460 Z=3.322,X=-9585.451 Y=-1817.601 Z=3.322,4.472174
65,CarAccident,virtual_reality,1686818567,1686818568,X=-9585.451 Y=-1817.601 Z=3.322,X=-9459.147 Y=-2128.793 Z=5.726,3.358557
65,CarAccident,real_life,1686818569,1686818569,X=-9459.147 Y=-2128.793 Z=100.726,X=-0.035 Y=-0.213 Z=0.000,0.950002
